Node_0,Node_1,Node_2,Node_3,Node_4,Node_5,Node_6,Node_7,Node_8,Node_9,Node_10,Node_11,Node_12,Node_13,Node_14,Node_15,Node_16,Node_17,Node_18,Node_19,Node_20,Node_21,Node_22,Node_23,Node_24,Node_25,Node_26,Node_27,Node_28,Node_29,Node_30,Node_31
133.33603398284836,210.95291094204998,260.2647146032484,117.54882364439311,181.76560847596213,258.1642939544415,146.31211692466957,252.54838727558658,227.6624325694989,223.1721295913341,165.50490496792196,174.25424812899757,168.5461551282074,256.3212997675117,119.1782583482048,180.56652716517584,207.49776955319035,173.90470162398282,212.31468699485293,269.20145585708906,124.72523969305922,120.5961180640182,143.94198123656912,226.39834511878288,151.2674434193396,260.00531663780714,132.4594586278772,116.11311993671225,189.03887167119893,214.07669460371682,233.60315133333208,224.39641181249905
174.8330211497259,194.73726233180406,252.18644878153248,135.60949584982222,177.1525786563053,269.8424442872783,139.629704111852,250.7543384744445,190.54308875281134,219.2726562199193,170.74568462626272,172.3623470466092,156.78935319137923,266.1342037797472,129.70591092467805,175.49106525381245,200.57651813262365,179.2488005390315,214.58261902498032,253.5542317027098,120.14781972998713,125.85134917217826,144.3096811446993,208.1059639926285,141.84383996866123,253.47950462899166,187.7515864861903,139.460302464621,218.0663180993895,207.47767759526917,237.17235411875274,228.19242800361667
139.83314480929727,173.88874215721927,259.11747150301915,128.48748488624472,198.21763354025958,287.0685060365997,134.31739486726386,247.06117176915092,187.65355285664205,224.32110380363747,165.20000241312695,179.88719160858508,184.04959562670234,264.1776187784121,139.7268370106086,196.83430002633145,206.57642834930164,161.42606573037085,239.11363815262789,242.35416994897776,116.9222888029348,169.99487152388988,163.44108609135674,218.77330042307602,149.5536061707417,260.08693229058866,124.94825954886723,143.6184145867316,172.2671509741545,207.0091395062302,271.1289733398707,217.0484961484134
134.26768853558247,169.27190187150762,267.9455626912067,151.2446115873781,199.73277543917538,258.6719345865424,153.62185823923247,259.7097116975645,201.003971112118,235.54235172683047,152.04820070201666,180.03195741701242,162.75972721983018,258.7164319319769,116.35388562257512,175.49895394463144,233.66783199241206,199.0908224136362,214.35877322304196,242.34846532230142,120.72078915896043,131.96117558289566,187.91988487575347,222.74550351752887,157.16476974327006,285.5799205964927,152.2910422739388,134.54720841150152,209.62294206828415,218.0449401168767,235.77746955356977,204.93318413371043
143.1633222328215,186.25881155144128,266.84758247076036,120.14449169379195,184.10155613688417,300.43935301549425,175.70298441258765,246.2718092584607,209.35962204041306,251.4686274750408,149.55312261098604,172.46858149704593,154.51275645069046,243.16327451568293,128.19129180574888,197.21403618792255,201.34224804011023,235.99613328271008,218.9397870651023,246.82155850139344,129.37363352273607,152.02089377416095,141.73752115192443,214.18833627492538,158.19218613179996,264.9744809190272,179.33046729884387,128.29291031039247,189.29691500528165,213.9214289495997,238.28435884166853,221.85093077142815
133.7875212752404,174.37517367350142,256.0775308817006,149.75052987103462,218.1506779107998,279.0089311534153,150.77201979393848,272.5429973139242,359.98225078684385,231.62042817162288,155.8793846433825,314.69447259807896,162.7524598213733,245.205338785812,133.08069687010806,173.70735071926842,202.0286933757583,216.38440538470618,217.3359745269473,251.74330198107785,140.189807649903,130.27160834071552,149.76231619365794,236.96252989417636,148.53472506516434,311.9568669273498,173.40719074176275,125.99268330321358,203.13431440037976,222.61013414765804,240.48068729106842,222.96062708699827
175.6845211481136,202.99208109022237,254.88615355311526,126.02490914131741,186.70917352961303,251.48330032047554,140.73258270276696,256.1597101255207,205.01961568117014,229.00824162659805,157.69315575036353,189.49337534929697,172.5080189416254,236.61695617699846,146.51742426449565,178.53031594666444,216.37396102410665,166.74225695729783,249.05901178132967,262.103833237707,113.38161029409888,138.43163316749113,143.7262623947772,208.1700406656424,146.70466382414082,264.6619640990698,137.87739752859673,127.04606087097875,195.73337054837117,210.6397685683877,233.9349860749384,213.2145121131345
172.1546310553058,195.83257559573624,265.8664619259906,128.65701739102715,178.14913267833356,292.19210193984287,150.50944162959613,280.3774162150205,193.57625290422422,236.25118174491817,166.97083188644632,195.86321465467427,152.5989866310997,242.0431114309019,120.8666378154204,207.5137404973252,262.8936223227092,173.34100907498552,209.21111510685674,240.04662925452274,131.92815977160194,167.4488370473092,140.37304015474172,204.31302117629386,136.10417137709945,259.95845802631874,136.60190282121468,124.00803002947411,186.66368685993055,217.46414261347894,249.77194551951564,211.44450282413285
135.85839629468717,176.9257263976932,262.0847686706275,128.1222890280159,202.85411950318482,278.8963728376075,162.27344617005292,253.83786062289926,196.97696916570382,237.57858657022788,154.84541964219468,211.68082523489136,227.67500875705986,245.40223637632812,138.20543799065518,171.96567047889516,199.7960934515292,158.66685397267943,215.90929086329183,271.1389297282471,110.7104980418624,134.47281666605107,152.9595159659748,222.58763021928468,170.13545608107438,258.7528766965124,148.8979221224024,148.78131130159647,189.83309746577243,231.0839614095765,256.38977624035,217.30781972882022
152.7594758487586,168.5724321169811,256.25377019136926,175.58228398263338,196.140179748364,251.1950770557659,145.31962471370858,243.96749387750378,210.62278759704137,255.0556691953177,215.2066661894002,171.88624951018974,164.5412082550735,258.86843935272077,117.4425277447527,205.79542730894423,212.27512596495103,170.4046111836018,224.6033289547476,281.8993180312688,160.95028196266898,161.6168998010012,198.6002439141851,210.48155391749106,187.04037373042044,262.0370316080214,140.95383094861114,127.1382475256413,185.95162666626547,203.71701643460793,248.62959760158682,220.1984976785297
152.70086021176735,196.0345201367727,281.2650805906087,127.77907909924019,232.70075199893125,271.0988237362846,163.64618375936942,246.83681968293055,212.50500862620248,224.40878395304884,173.75997604970803,176.52333974980144,162.3198991009666,241.48931717351135,128.5271740264725,197.78939316112553,209.11649810560115,186.1620395168351,208.6276202553481,263.64148648610785,109.37069403112432,173.31383302754722,166.15861053337176,216.518327707405,150.8996629248777,315.56561465779794,124.62718342085365,111.76558423748408,180.87926882670536,242.83802985171,253.67874835860763,208.32120567549836
153.55105179834263,173.54715268265542,257.2861312804132,117.16065085786893,193.84756902645162,256.0189845248323,148.79326566618462,258.3012285040897,200.833427455816,234.26011958350418,183.27670908237516,161.56765877902035,162.02873306188027,243.5031220160209,109.5109890272851,183.19305289537135,206.9675919160397,157.6265596303817,243.62784891886517,261.1195115249409,135.52775544011138,138.59550668025167,159.116436052512,205.3956310343625,173.17953717844318,288.9814748197638,134.45838888328967,121.1724133078143,182.3437724812908,275.5118387501911,256.0984488393487,212.138266151775
141.879063248145,178.5704305932642,255.04252847266415,150.80153296732237,187.07962792858882,252.30964560212266,158.922504001515,284.88202049241323,203.86910756006571,224.6261900741787,165.50425197164643,167.6062783249679,153.7005043813668,263.82095647854015,112.25841594164667,190.15299144555223,203.98715452167298,171.28553151870673,227.0646047017557,241.04279709838505,118.4918306014259,130.739007594359,148.4242370591209,207.28716175945348,156.27488321237487,257.89969274449015,157.86923198710596,168.6405057239345,172.8351284196518,250.35303459899959,241.87998479489087,222.56802698763198
140.07031228736204,184.93163060024523,260.98951709949324,142.04586641508516,204.02229548778072,253.02194470398132,142.63931456370372,252.9942458614702,187.60677298398426,246.4970350675328,163.55090514213572,171.2429117048088,161.24805597665747,292.7883249708777,133.17036248754337,193.7618886529665,192.34980139268106,171.2995829721658,221.03647274560257,255.99292993882864,120.41688899021838,152.52852907491052,155.80534357351507,202.57233019868607,139.8006953258323,255.2869828067143,163.35183768802034,130.26949166691864,181.0764083623857,227.80272479384035,238.90585937381903,238.64099860143185
149.39449038900128,168.16383264995,265.49384388477955,136.83500076976992,205.20583677519676,294.41609779450573,142.24026801541834,247.30319055421373,277.19830750512756,220.64365804015418,175.92840734172609,188.726277921975,164.30482589751404,243.49242410524758,111.80947305381093,169.0038987756028,199.80305640555082,171.48087772640883,235.32331909624457,246.35885391434255,118.2266812816819,143.18161323198925,141.60589741798316,219.07177007961246,159.33748106436886,266.18203017097176,128.21880977167993,107.94937006800815,176.06631931918906,207.24752992881153,233.50701562260818,231.82018012866803
189.6878219237493,180.9698085923952,262.2775719277785,124.01305239799046,177.63717629929548,269.18159168119735,133.57769890339446,242.89326491841575,192.153040200458,230.79688293133768,176.47759610229204,171.93076751656355,176.50230078285696,252.8470051663166,165.9543848823512,209.9676752617197,193.08118630984794,192.2874554801471,215.36089275611232,260.9474493859038,148.88002914616487,159.162308189616,157.2573201648718,248.43146550105422,176.70367361325236,273.9997639371506,126.85058751251691,120.82995261038288,182.50188546035173,215.3232567676,237.89209950057565,397.5614135004506
142.62437635854926,180.2402348039488,267.7354216426578,118.80168040181387,256.08184447586154,281.59914451222494,135.96090974048101,247.13685744047177,191.37928431418933,229.39363059519727,155.44963193135868,179.36697050202255,164.14968479860866,277.9051919863473,190.1702295401396,176.525739013285,210.21306668323476,172.9355011326295,243.8099358069999,242.16514253259248,129.99197184588925,144.40018782519286,166.95442801147107,224.17936680439323,165.86240336909628,282.57825951500587,157.11884590543843,130.04081345140577,178.49333063105928,205.23015247830514,235.14357182102904,233.41595173590056
136.25557864873636,188.2997534173492,260.6242120320887,133.06992676184777,175.38617282864632,258.61260026522916,145.0386250448235,272.3851033696765,206.25221651332245,235.67438897858196,200.8672273906744,192.07975169039614,170.64492256344818,270.7590814186651,126.44104713059758,185.58200559997712,188.80405917777264,164.4485809805345,212.45126963605313,246.37046197660243,196.661164989846,128.7605388023306,146.71615197289663,246.05715438624793,169.8551242787662,270.36803882584496,126.66647793950534,131.22490665388867,173.56529014130882,232.61438535030277,259.8700967100479,230.50765820227542
143.4963634956348,207.72569683822738,258.4626841572359,124.08982327431504,205.63233507967593,262.37399883010806,146.82290462485906,288.4711472898289,224.86710816624992,256.1827178746508,150.485450398183,191.2759609057435,157.917617804522,250.8877874744028,118.6876427540646,192.62273786421034,195.33636997845642,164.5893037011964,215.11652184922812,249.48391624867386,146.95775643241342,137.11627796631632,180.4468747294427,222.43355530069886,147.44253304705936,289.28586876562633,143.53646773811423,144.43509593481153,179.33621807756595,227.25725940382023,246.97906676990752,212.94960211330445
163.56096035337586,191.8987538718233,252.73702343980315,144.42589510272828,177.85910352945453,293.57548870017945,137.65660220147078,289.84556030132785,191.4286464435609,230.93966002411526,188.42805133743977,197.94822707376085,172.8475042998008,266.1041262315398,127.95471575063421,210.53373106634822,199.52231796364276,311.7156013353203,228.3351758545339,254.50443982550877,137.13700481799214,119.22498293473613,151.2781179380697,241.4776494183779,147.24324231754804,258.483704971735,151.708159329419,124.13789316388439,227.03250114810896,211.42594479537345,256.2111569300776,208.78222565671825
156.52997282429902,181.75352752876927,262.23418783842754,124.32792271535533,191.9546755263503,275.6326380087536,175.47114437231454,260.28988150414375,202.41875367648336,232.35979836059954,178.15108791432067,178.21474784841806,154.18523230707876,249.3539467806827,114.0624348264201,182.939161508296,207.92070072463196,162.18419856605152,217.6391045822674,280.81887352110436,115.34459392269272,152.02958399097665,140.0326122629793,240.6882429960798,171.00564984698508,283.4321803292128,127.90079048677411,114.33637310538006,176.8529509301396,216.39204336009854,405.42078015375,241.5880949179112
142.157347171315,180.49455527641106,261.7666833156315,148.0328621180019,204.63733877373028,265.3963206520822,149.22115500208224,292.9239428195885,194.6598326335453,262.29047515630276,170.52201687831604,178.87436299806708,173.18903980595795,240.01130392298342,119.55613886692791,176.15389498862478,194.93342485154153,173.62617775081407,233.44061101576398,254.57463580610647,114.04664345729218,125.51024596428358,174.62947215936498,208.3963486437749,152.55560941794707,274.8915742565512,142.41978188640562,117.40484314997741,184.88406098846107,219.74210755520332,243.56520872088453,217.65623215655634
156.4542827908365,169.8787966215769,258.92454727998825,162.26723702948823,207.837593861126,259.3215361497553,141.91418830062503,256.48991137550877,224.78853003346825,225.09470167387687,164.19224308419214,193.44978708573734,173.5176054821145,255.86871613064275,110.61783811679206,181.62061985469992,234.2522781244724,165.88970069977762,220.9464813996965,245.41501705505289,119.06847803672426,135.05608382025957,142.84364628199393,201.69100738222713,155.28898604658772,285.4736225208673,145.62557184127454,126.54240426496679,197.5250724231366,211.40624647235254,241.13235954489977,241.70202236109066
144.93738842776173,192.52012897876048,260.6509603206707,143.1626605513038,194.6099833188106,262.67319470082236,137.63240593330926,291.24412603909246,223.18345648220705,222.47186615104303,193.63433859546575,180.59149896069383,168.44873345519204,242.90396683717398,115.82916903641087,184.78256867931404,198.32689173862036,181.05619737067906,230.0656467172867,289.1508974105595,114.88588868743349,155.25329678025247,144.5768867240836,200.38889107402593,142.9389001523054,252.29715211100668,142.104496088049,119.21860551113942,173.22320000045238,244.6856120951511,250.31451050664157,221.49452079431504
150.90296922988003,173.56499642153207,259.42422775581076,148.65020239023494,179.73808016771272,272.0761098475387,142.72526364116715,246.86037025037615,191.38364707927747,278.14033747157873,154.53776821077227,185.660784255535,168.0375766664436,280.98484095831304,145.67934229014207,212.7894438093772,214.50955300896234,177.44499531292314,253.51651076882382,246.24541990972125,117.47422842585794,137.91677238168324,139.6074911107127,217.44901329676256,154.06081470196116,259.1842284584177,177.60508542101337,125.77250636862104,188.93336583135135,234.34497946867663,239.86436199316864,254.34711425692024
182.6860997705267,189.89831351340237,284.6453182117423,128.81629538528546,214.13105274044543,414.63578795354016,159.72622366437642,243.2087368715874,198.29844492529517,225.02717508428438,154.76085199672102,195.60128404815077,169.97395132081104,262.6633617452747,115.25453287745648,185.14684641402837,207.04716236565406,165.05714198495315,223.44532080966852,255.76249217795794,136.73652764313476,174.5385043923418,145.99785725563422,244.45095504958846,142.3672916083247,251.5506385226694,138.55786937796782,110.6196240241235,235.76771382325697,208.06350077123147,239.85999314069306,217.98875660380094
148.47122066685125,191.33818468200224,276.7319289093305,146.57004639882283,184.17679324763276,267.68027548783533,171.66894270805602,297.58853314458213,216.00270102828068,224.846273279309,182.65533267364466,167.6055886234603,149.57415622255868,304.83921200332014,130.45478098146788,173.49439260939664,210.95371929715338,204.85492881105313,226.98227005150733,254.09221967119387,110.09157461178906,160.73787219001167,165.47599093575607,220.565038433112,156.7633046227819,277.25586077019295,298.8070699810429,150.65090530438312,194.14893771890596,221.79922594023728,264.54470405404686,245.90404886809142
157.4384220417046,176.8389972599502,293.39228830321,131.5643837957664,195.1253439047747,258.9470696429552,188.32591124629937,255.9585519328816,200.64681364383603,229.16814719626538,149.7923012882719,194.86706387726656,150.39850940716425,250.7329740828921,122.1769636891001,182.3069116166824,198.0364565721326,185.58073176158902,230.89996597619927,250.36313229626268,140.45134239757562,134.51904533985953,165.65559310786008,209.44184795498313,135.94986516649467,270.96718959583694,133.43767392896441,115.99754057942451,195.93566799716015,208.1868018273382,243.7800031254625,232.26056739258365
164.10034191666867,170.3656986685005,249.42046119350243,135.29530625007192,216.70186318626878,249.22571011935617,134.38584628981593,288.2686509923384,210.47733410484213,223.21111484868553,152.59936122968207,170.38244529385298,156.3710996370195,243.46188981593204,122.44187141662039,362.837702226338,207.216595358506,162.0902931274195,207.87826024626602,245.35476592960725,115.77216729949274,132.27398574476365,295.09261746753174,206.56759564862304,150.24070266891147,272.6986026570396,129.30210615166334,144.3078781628113,213.876788213498,233.85301162642713,274.96442882601934,246.01092561370933
148.95143054737252,172.91662992928045,274.17306907261053,149.72153137645267,206.18397038221065,280.1662587410865,136.92259277111552,261.09421264680003,211.00436942477174,229.18710839045806,181.4050672885458,171.905989257911,154.99127752193277,267.365411838379,117.76258292808069,175.5693659067707,191.85017590921794,155.7092152935168,231.570692028411,271.67686521615866,108.42820872055003,145.4339559780418,160.33235622622817,214.13822803550923,159.23260720102152,257.98839638932844,183.426198386953,121.86074959911085,192.20176340001512,207.8943596784448,240.82463748803286,204.93249580928466
159.26825511714847,183.2602085970062,264.8573278874252,143.90062305318594,173.76308749456842,259.44078820110735,160.74040230710074,276.0852099125039,208.55759710136505,248.68870624805777,168.74063888079274,181.91054102448481,160.660058005607,235.43612529341257,112.36118169328073,200.829449282038,229.99698408944016,166.19432285054322,247.46210010357538,286.1719172285931,128.1861063976155,122.78408976187369,137.3203417320955,223.94854663616618,148.52955595155223,303.1537312569021,150.5880796965394,122.10629256324043,200.00070776914288,222.3523540622234,255.0763148293048,205.45695366178282
141.4455073763907,169.2857324804618,265.02274747185373,163.29970407031345,238.48537083081362,269.70429190192897,134.97818043637594,268.5434410505365,196.02212758850996,263.99157430448946,155.51676567157492,185.30263266059075,150.0970098466201,242.75351551825165,136.5162266989368,206.4302742174914,196.10131694702463,169.71904701424268,247.24226372323196,263.52607038507165,113.24123866751698,139.12274779299725,218.50138186347434,244.1530433723466,177.16909493876773,259.4167088079396,131.12122753548414,140.90533541410602,173.7050918032339,238.3581088097892,243.4204313988852,204.89356481730243
155.46566862656147,203.35701914863142,262.64630008836434,119.7420729526193,184.57271885206424,253.10854122622771,182.26509340762863,251.093048490637,197.59570767298166,255.00193734009812,148.9061319867884,167.2532377962135,170.63541597118535,259.32560684341007,111.01199723086373,204.56167477134323,233.48327530684065,162.5745492421307,210.47505012341196,246.30179828562035,142.28237794367087,124.46689466254918,141.1121386131484,205.30206060446133,140.9530313884474,266.93912682671777,145.95645597705894,188.84161626179161,193.02432408112762,212.66321727683388,264.98817681478613,223.33760101709376
148.21605438272726,184.6184242173176,258.3632768244098,124.06822901178168,183.87229189601587,279.1497062198027,141.3656162796165,250.6123591051769,198.21368940827497,221.08264897099576,161.22670447202864,173.60652965035686,173.41994671421318,259.5553473758204,131.67114549569988,171.83429497699498,194.48401535114164,172.4258361859588,216.2530704510521,257.08078380051256,159.49172752482065,127.28977212794803,153.82661050930466,200.07201671604875,174.96189076857533,265.6083478255146,141.17038202280568,122.02706645406252,190.55606407690354,238.4976069150552,240.77886090963645,217.85223951222426
186.03581795055936,178.13174973041038,266.0716558653607,140.36949553685483,192.19323694121158,294.54315678596004,134.1468169103225,250.76005675636273,190.2504190562576,221.05417781760744,173.69974762817205,166.3767161139583,160.7571939198594,269.38841237577816,124.04605830925706,209.6118840626259,206.81793387003597,168.5459566733773,216.5037312417689,263.346871390129,120.79679452803683,144.14078694144794,183.71188053442796,200.7225808218051,155.90483575784623,261.4107454441708,136.1297639697804,116.56477840312441,193.32504920625223,207.0997968743262,255.0274126956278,209.89029308578515
141.1072447771794,195.24460312757975,261.9613876173266,138.56294233335507,236.17696777754685,281.57185730238206,151.77368819707198,256.1227836721666,189.17640611049129,224.298104280302,149.8103333737497,175.56199789006627,150.70125608382182,236.82157683040506,139.80002132193283,188.14471335462505,229.46262680779938,170.49997632735085,218.16586147119156,252.9540668337605,134.54471823880564,139.0199009457119,137.6173335018093,204.54148552847104,140.28107678496718,259.33095999227567,148.02024596458386,124.9963188970665,177.12297843642003,208.69703362551027,237.9833309679061,215.6543910176719
135.99566345703994,164.35490183861688,250.62479799583036,118.00942145714001,205.48161500602143,262.0992371760103,151.2241600824186,261.72323952159616,195.8690762931343,233.09762253120346,150.49580682444386,176.88779155854093,167.91040869678852,243.24226967470767,109.42316491674909,184.2710520831801,206.7241866438126,179.1191656903628,236.1641814154612,258.4744042066524,115.2361493617039,136.57684226839092,145.19876012874235,205.98377366665608,149.71093082097087,305.977003255035,156.6810989612697,270.73163452698014,215.4347710919348,219.56283096709487,234.7648842984151,228.28525326560919
170.90189802893525,192.59864999821525,292.82908464717883,126.1671673643751,206.6133375654116,267.3114079365446,145.67076167877536,254.54246046570648,213.81598728750672,228.9544720554617,149.84317834399414,165.87148644809082,152.1209564578318,266.9542007210626,125.34142213593091,200.8357393005906,201.70745095220477,158.11042905109124,228.9629392670629,250.21481849989755,143.5080145508271,134.3709949511626,159.13516580115785,203.4190327740368,137.5496236772943,255.03010268982933,132.41384535264442,130.07611487052324,185.39448232195295,208.4022070265919,255.45122914756286,234.39207835129815
137.03697566937552,177.01913014718602,298.78873247527326,133.8693692411938,198.01428767118907,271.69721215053556,136.0526232161946,241.14857238741573,196.45184196813477,252.47167923347294,154.7902795196367,174.35950281031043,191.58359858016723,245.1243715230169,125.65945868743863,168.7898867392017,201.6402208403921,181.59966752015424,215.04336932920813,260.7794089698333,109.81744745646402,153.21700460473897,141.59420027222717,215.1265035975895,142.66731044151584,265.31356805272765,136.90204040518532,115.82388480929272,183.30188406527407,228.6844224807613,232.68769144968712,211.18864958480833
167.20355373236418,185.13603922648974,276.93965298954976,168.76114345760004,187.01251884789306,262.64744898616516,132.18910096147448,288.47545863209655,212.68848163674792,223.39291620757854,199.2171494102483,169.15189739043177,160.57617211086063,276.68212698183817,112.04090491630922,192.41754070820807,196.12618624513584,183.12704457201016,210.96833599554634,247.4353974405889,119.62702373190922,124.2745862838594,239.53114959798165,206.50753886429234,151.6669818212554,266.071587255173,140.0643575582239,114.0301358103734,182.31214725271394,231.56368841575892,260.8869290928475,229.56291878493775
145.6668512900274,170.80945518360394,259.0067782150587,121.84302291077053,176.2996134362799,261.6853194628107,142.26903136580503,244.2412169071729,227.77199974745866,226.58773235830668,147.54435961858297,164.15704318676325,173.41736039043,250.599666316836,116.16944043630185,173.15498512721058,191.42440351086015,183.32822346923308,227.37313924969826,245.4593959732664,131.3097587726896,131.6687690600319,154.78776769858118,227.30123835534084,145.50477343202522,265.22837868799064,128.4009610783906,150.73554621035834,174.2304370759789,222.67379548855,235.62881761857486,212.2699322996782
143.67841319764395,184.39727324438942,259.6525225729667,124.76446568865668,191.60056144166546,260.90076145669923,294.9112273415534,246.41255643429963,219.4207203327382,235.15457267099004,152.82179539999171,185.8819605733854,151.95418599313476,238.78727490891802,117.56911208999077,189.99689096852208,193.99336800956246,162.87908409798808,211.58959541769434,250.41338724809924,146.9486972339834,140.2180004567256,147.5831739378439,223.12705787811225,162.98514722169855,274.4690034940828,157.8010558760722,162.34478201280805,175.60054315657504,216.9649290337901,251.1146324721943,204.9472992933332
136.4671531378874,179.80401182854726,258.32847027538065,128.7710952526893,217.94575194053925,256.058332178579,143.83219412031187,256.67468448663743,207.42241687992745,236.32855725235322,166.8700614036899,176.4134784212786,162.5062459846885,255.3093757648608,134.18078318436173,176.08649504267066,201.35528835943043,199.83621154191033,231.87074030252296,253.30363221041665,120.40842817332258,131.077724343374,167.67940805495437,210.12995945338432,147.78706717141256,271.7997344025498,137.26613081385918,132.1689964954205,209.7137792792415,211.7540786126254,242.7351703539319,222.98622170244622
157.06721039978112,170.66032684229748,268.98605593037007,151.58278813090948,184.07616054927027,270.89271848675367,132.63404994862165,255.59515745042856,196.1341073402225,228.49513745672203,162.03700806469726,184.38380079307962,190.84689169074318,295.43563416524097,125.21941752204069,207.7755926082922,261.5217293772031,170.17325504618947,231.0938592877157,248.46461967683288,145.13669959905522,127.64983910829778,150.1412873283441,207.0167769696476,141.1542145075633,248.90879595303934,152.3908783576974,131.9526247238358,187.6553587767798,205.8112410212,264.0456319421278,220.6364276236932
168.50292386308377,187.98653418968067,276.0737442351671,166.07583772037063,174.51100256363705,260.3843704054644,160.1670186307231,254.27134331143716,189.56297138804655,233.1131554261276,162.24873696463268,168.11720233087658,183.82410306872256,260.40284510276433,116.80206794082066,186.76923338720064,361.04334018338886,163.7123286342307,216.17849763973447,243.54812065043566,122.50162226813764,141.81796728841005,148.7405627088154,236.21595515080222,146.8734479172293,269.2839153980986,134.665100636574,115.99645128416537,189.36612465093896,206.4355359639803,253.00584540245057,225.53792376874983
150.88626806614548,166.88256392029535,251.83727985952294,132.8443823471935,182.07406365888383,278.0328966724955,156.61755531015524,255.2972187927973,205.31283734580688,224.42875765342464,156.80703256292605,184.56393767643024,169.04924764430956,255.26536688534492,114.19730007063626,175.65462500109103,206.15127579649064,156.68626297576458,208.3610205870967,248.54340642365705,147.5706990466134,152.87975643718514,140.10213708172034,220.44361620133645,140.78827165285887,260.41915628129385,165.481024049309,109.77112149418207,204.99581657875729,218.02619580996907,299.6761260015069,204.1347371544431
162.71417143656413,178.6504278903099,260.7528379422164,132.48754406292267,196.85777027696227,268.6321809594431,160.7223381204296,263.03801443269936,196.51183460664424,250.26509609927513,191.99042974888056,175.45152742326206,173.23881562310157,245.9994137581249,125.81337613959995,174.27759019785896,223.78343788737828,160.78141615568427,213.13279784760505,242.02882054878523,106.61148620208336,130.67509190525382,152.33041512469384,254.4008212176165,153.0402018357444,248.83835294845954,135.1126605653191,132.7597278753424,213.48210562179295,230.56736670601956,233.6188026603188,229.9495857276582
149.26868971630697,198.8514722346677,252.59814123400244,123.31009477174733,181.17061155682757,263.3626558037557,139.16287066242933,251.00678486683734,215.45141513426898,276.38873124289955,199.11571911237462,184.7179976100265,153.0539603146739,249.25089044919892,115.34320993543284,229.4596208284962,184.46249707484637,183.811489497502,215.27317315148545,249.59544588173236,119.94868357512253,127.57811593801446,156.81220726208775,227.404005887921,148.33850290165287,251.89800318700296,148.05265637318456,112.27826762178145,179.8866718362334,204.99920980049887,239.3310680884267,225.5888479521126
171.7936278709804,196.22353848165824,256.86685787542547,124.9132775963225,178.96160057023172,269.16673763025756,163.0563081862786,257.4199374971657,187.1516549555584,228.7192420464957,170.07282510201037,164.04071889685363,160.30474943474553,250.02689574421237,124.0398082903277,192.52539584478603,196.08655216777848,177.14144265405352,220.2138535295284,294.62732773868476,128.39270002054576,120.64842570864302,154.77456863572544,208.93977219031117,181.69070513782037,264.4066385245439,139.47504527754438,122.38111882699285,228.4802161506527,222.41170146797117,235.38054125873578,207.7296231914882
181.49814720863517,183.50575916955734,256.6453875045467,126.58062904766545,217.39147074038038,265.3425325309668,153.82728263482247,259.8381552629602,205.16574894930562,250.79652843402857,149.0888816929976,169.43866053448696,155.2961266339371,254.56898576088287,115.45946714457368,176.8208560776535,211.74104746990676,179.30670252767032,238.44040630155885,255.1207989530938,112.37866822751798,130.0339745919701,195.14413817426637,209.80574982954138,144.37377720343335,254.47424162383527,146.64528187992826,170.09305445794564,190.0002445378841,212.81219824859133,259.7070857989214,228.38886357401284
155.47635031039246,165.46333807989177,267.417123380781,116.24919640435233,177.75305811150503,278.1100718538786,131.84418132220117,243.324762257906,226.25597392768756,231.26340057979175,151.03227051703078,200.45810404948014,172.5196865175582,263.2655801313045,125.16987503754896,193.40806199536726,189.50321436093847,179.89932997244998,221.88101848860774,255.0271002242602,137.29041505218595,156.21792956370075,153.61626209186005,204.27636179915743,173.99902267322608,245.73204451002218,135.8397812282438,114.59835953596357,189.08725082244504,239.5010651611599,237.2685023604425,204.78463156577928
159.18664945871026,164.37924573937087,253.57293162214705,149.31917544553107,197.63433262974274,272.61253957691235,134.877736707811,251.2081646755701,207.9446799279705,250.5444694436241,154.91126679021966,231.7584688490802,184.88968243618214,255.29522280361093,154.22761170220002,179.74608327679638,201.2806249054659,167.81463655495097,237.0591104295639,307.2098114695828,123.05888546086706,149.9371314555429,155.92958987057816,222.32889702913798,144.7773995733808,254.15424098146326,141.86416780410488,181.25684066213284,184.05664690376042,204.31473811896706,247.45596374806908,227.74805750236845
177.04054814821143,174.08646149629908,320.35487936528784,139.69968140283123,173.80812372524667,255.77039640663386,139.29454477592682,268.2490897260286,211.06335836781523,246.73752516864457,183.60896677771765,167.31891297294393,162.17465815801378,256.3878448995956,148.11910241971552,223.15412838381155,192.77181424985048,161.65250324649557,231.0439698858895,277.0870267727361,112.18129657918509,120.80856561659115,151.7512837294597,227.53653708063683,161.12917847176539,256.3205981691512,160.5888591130481,111.08207841832784,177.74200889922204,213.31474574545263,272.05021679406116,205.86832564385895
160.82012743162974,174.2019173745866,309.83892116658404,150.83962810107622,189.79493290536487,261.8498525771616,148.5964228469297,244.07208490978158,215.21229561148903,224.2717335489328,149.14288473322452,167.2281215143732,157.67734329630906,265.55163106382787,122.22507230995726,174.18660257614832,190.80907235182337,161.66323617839024,239.53570191751677,304.74853414932693,114.81438237187476,159.6089149953031,142.30584234143157,201.6153998640734,152.19006391028643,262.26861015396634,140.32288186132416,123.8925844164103,189.0544837344002,230.2553194568346,256.1901425562692,230.27253214239173
153.64847271777623,166.6096275480294,288.42133984881883,122.86800124920038,203.3650570147269,249.70463107783382,162.74248429292828,260.58745034136246,186.03717775635272,235.07652193555293,188.3200312512181,173.9246276672645,195.23585898044257,264.72647050767506,112.27410571387506,173.4428838363107,190.5638739750738,170.22460145943415,225.56743910718376,264.7356654893237,154.81794107407515,151.96396539012764,148.3002765230337,227.43719015673912,205.49063406769503,263.7766300747408,124.38899496833206,148.02050144063216,195.61041154773412,238.72323465221473,269.81722081871686,209.55581211702065
134.01615029891266,163.80322872809384,260.4862699585605,133.32826312284013,185.12333536627852,282.41625226708084,147.89435457830035,242.7878938724142,276.12555673134284,243.11389867300196,176.51069400499512,176.49635571957992,152.27237008289336,240.99018152417162,158.3046996002302,182.17892918739787,202.1797749424507,170.11296851749742,219.24579308815316,263.02026993211825,128.60095487622124,132.85753017478743,164.2434922134702,214.02237402294264,149.74513688278563,253.1058172244872,128.00089871627736,137.7924342331669,208.6548940391354,214.44747914246685,288.55482548173245,208.57824656817488
174.3240787037155,209.66998397738354,291.0320369825232,149.31662049374532,196.4422200239373,300.9167496363797,149.48958784894177,243.41324025722082,240.78099320260745,220.5366448968569,157.78331318550067,204.43569768836664,151.06479292172517,254.1245504088173,166.35021580388792,215.46049059197253,192.94947124908683,178.02036452860267,229.35040059509495,247.12850721276982,123.05798685203183,142.838458869371,149.11304418872993,223.98600494667875,150.55556521746837,265.3119812589979,142.43512263661242,120.92685833297408,187.2102315261937,240.64014982415853,261.42970460617346,224.52430828144875
141.19137462909134,190.73289268292115,275.5724673384332,137.17839682430326,182.375081191395,249.19685258545044,137.77331346592507,255.57465894450138,205.7690077889249,238.8849269995198,155.7588241241051,172.28700235791263,152.0156796918866,245.47030560561754,112.49174087954626,168.1580102361709,222.36232393428878,168.8163161250106,244.88355063268003,258.3446398127572,124.19453820306484,126.77479177401752,155.7105730844076,228.62358944166704,169.29542265772108,262.5313963443247,137.6317576774525,110.67566377926426,176.1058932287886,221.73677733203914,247.7481715537343,221.8985857218383
147.70171108149836,166.2054606425166,272.23915637537533,150.09298253811667,191.09575007917587,290.35029071559205,138.7673935493073,264.327214179407,194.59412789656523,241.30061409891877,154.24708942271872,168.7908015808398,168.7245883999509,252.1124380013141,151.07536985370376,189.00262379447565,196.10352648758652,161.9425027727429,216.12896455300248,252.63313483134598,112.51625819771928,141.64428591273239,162.55464591005187,200.65379001271512,169.17048300585515,283.42849404618414,127.43741327473163,156.61487393109107,198.52659012586102,215.704534019326,250.84100920088727,219.60187817513074
178.37002907979752,192.45965910121885,266.1275646189979,147.86781208090065,181.99633309059288,304.9963433186032,167.81613402726373,251.38397995969444,217.75358787694483,241.8139968082129,177.00183517467744,164.0570004771126,146.26950606092475,273.4087623675707,137.6360838253324,192.02350008113245,352.1642251917947,190.068496859469,217.22801183610258,257.01940315221543,136.59959344716438,135.1545183624242,141.20622589679158,213.89480012886375,146.87455993601083,248.48201185920792,127.19224404587418,147.03058016036388,194.82383390308067,209.7008987255001,272.5249492544224,265.1553374933358
146.13234488659765,206.5162407233563,265.5544121970371,115.91012980963467,182.58175888870716,259.77044109360935,145.38682294965747,248.04963411841513,191.16978350759803,225.21699347190085,191.45000624477677,188.1136469429548,297.93943231429313,241.26684547617822,136.6179699308195,176.3310051885137,193.86408035059168,171.46093024374466,212.12460504098993,258.23320295769497,126.95979881175981,144.79081709609972,167.1769938613131,199.68854924066991,164.74157489080116,259.60054168793664,138.34707735772486,121.06157096180551,212.3651461693935,227.28855212334412,244.5136100427333,216.61639414585687
144.25532787973964,194.0750588198842,254.93363522908564,138.96241326511762,177.0756786808034,254.4295943452533,148.48894257871603,260.37043388542764,211.0924455767443,222.2879644615807,160.37840538703162,217.7364723206898,194.5312564425908,246.8942734740485,128.14684605687015,173.96620090697746,202.28225503301562,168.9423695586939,208.0649028507886,266.5804369218476,112.97854837847302,150.78935126794826,152.70536359895493,200.37601262629454,147.92828697539693,282.65964396541256,132.05570662935824,145.0913581607038,181.2172844719038,260.7418200982904,258.3040411945176,217.01078726049062
138.31133573942665,165.8532722069142,270.0155511901027,123.43811672716217,188.36749350295702,272.8792643305773,144.4882667015701,280.13972703746276,199.35672561618867,238.05202948828324,172.35059391584485,181.91986153832283,154.23353994851962,251.98545203340774,134.38346178397052,186.0771589231937,216.00321177196543,172.642624608283,214.59728243313904,252.10897151881161,127.45967196283021,132.20241937967035,164.7041048400967,203.19373356566462,147.26014046228372,278.80411837626247,129.24145367015223,122.11203285316108,184.99942899961758,210.72014253219118,246.74811677956183,220.2733027388021
194.40976900696091,174.7034779615094,261.6713594272509,138.29784323755806,180.5753177793092,260.0109708344455,167.89436267289037,253.58323978681497,193.834389384468,220.68134960600466,155.46343503571697,186.85544041338886,162.81613092793197,247.12504126819042,145.0088493302411,180.93858807487283,198.44777863469326,176.08855687966798,212.47246256129728,264.8742103499211,141.35921412698505,138.78206230308155,155.13052453463607,200.01802318965406,141.06828103021195,261.3636602177267,157.3760438805069,135.79180217558448,184.89108678924381,212.1460683671331,261.0893543912656,216.30415269123395
164.6729173789347,169.4671481589828,279.3212513316448,126.52003929278595,194.18795880023066,264.6866671797876,137.3025929749624,245.410154973558,217.8489051476779,233.70695454488833,176.17688170611552,165.2046849824981,170.1276170013194,251.85057296323245,129.8524135549593,177.7992925631136,199.9948232167292,167.16729612792983,241.28902010965942,246.00333873506423,119.36949238224597,134.13633301074807,145.24566973035814,206.6864209465252,136.38559137814053,266.2871837304986,130.7359951164487,126.40136429046532,201.41888684883472,211.1705215090818,258.5426396373436,215.6823999060971
146.98389707296076,165.03502977404057,271.9727638803626,132.97259169595233,195.66312403967237,261.8804207786878,183.68310235153248,256.203627518815,195.04755154647162,231.16236630926065,173.58596072980316,173.78443241445873,157.20181395133295,295.19259799220094,128.4178856727046,169.77337914078404,207.02726846443005,168.72127278503714,260.3892232926551,258.62506674305916,125.96512187765143,125.81886292739942,136.1728399711144,227.77804450948332,147.0753918657937,270.76531476688774,140.07028644224965,110.41363980852357,178.11541974331462,243.96220768818125,242.50641716037646,211.17034665841294
135.11345195446958,168.4191558916058,263.46564337680775,133.69379010044184,177.1494083756454,253.88324686014627,159.18352187562422,284.66657868453586,213.46810716102468,226.11352126699782,153.50666633879564,172.14887331842584,203.77618696937782,246.56144718728808,112.86019794708761,182.83375066302165,193.69041768554854,180.20892264031093,365.5860521427095,257.18036767085795,112.7433304363172,145.59885699667333,165.19199897962358,230.89108631752862,156.79782043593545,335.8468857926037,139.3555352094753,133.76191918407915,179.00671966575638,218.8218505516878,238.12295893187522,235.22116623095025
139.81606218792024,194.16441270469443,252.20638788938973,151.36464179640654,173.50504772888755,286.9019318080847,144.407366364294,245.30515273593016,201.30756492875867,228.8377471742736,175.28917431734385,180.02624112280552,160.05849945411177,242.13860309098436,130.3611197895106,244.49292452695056,210.7476576036598,177.24017431139555,208.23759404178196,244.14793980326235,114.06633833269298,167.32893393261216,174.7033370890293,208.25770328240782,155.21088841831315,267.3841918429687,131.54063198930206,112.51557966898577,179.3633540987958,204.2575586397898,406.11205618096267,223.05807242668382
159.82301302285143,179.4639246777387,294.51632116525144,147.9393912746104,176.39503240862697,273.9570225811058,166.8619929791493,256.13227020324274,186.20068493646144,279.5989995167693,157.550626130828,179.78063832158168,171.20404612909977,251.68730406535445,118.92199472272769,182.2626747142145,209.74456583788452,161.93049218255157,210.7427549138213,260.5369973114011,120.82355236111371,125.62737084376941,158.04338829669302,202.95512337049618,188.39123380608174,265.01226369169257,145.87751436688455,125.47022134352008,176.94690498087692,214.86789342568403,250.62975819585145,210.98268763308772
197.07766245003182,195.064426101989,262.64634270914235,123.1133251579819,175.80191609814113,274.74413468211975,140.37102545808864,242.1799909703997,212.2676187813577,220.67107869406402,159.72823536643702,163.05925440336063,169.747651641137,251.87136579903182,120.11224012892576,191.71703476039926,193.29610807275495,177.3497873033178,241.93325521440124,245.86291986993922,127.94449223215712,121.88809788554664,149.98805052420008,222.01535202097352,157.21916331307463,247.9253582818786,131.0636114508825,119.31026284519012,172.93109887204102,213.70704441217023,240.74132411834393,229.59495842907415
169.16891901998218,201.14153753563681,253.1215312350027,132.91143295246096,174.98972501208243,274.86725260711006,139.29606744069105,272.1958911309373,190.84957421737454,234.77424379354446,167.92618507497048,168.88695938017653,159.4307535603743,245.947660331289,139.24486689730938,324.6672661695162,200.83062860789167,183.04454534534432,234.00114363936643,256.70412300317975,144.06742223913164,163.03379849312986,164.77843736197062,212.97143810579976,139.7995849949212,247.6837069272294,135.22464319585134,120.13703026233395,178.64705578900617,220.01053033838548,253.35737960755247,247.32728787121442
236.90799744425763,164.97439268926777,253.5034331648125,127.35557683995795,210.96820053982538,258.4000021505364,161.58006040156423,272.8484890680481,190.15204262225873,252.11407946667111,186.22403942523542,161.60121171418672,185.8471696800494,247.46970714395374,120.56352663809277,212.03357908274882,196.19560989287254,158.6396550042973,219.3673081551401,241.0661733602647,125.54366086165022,130.73082594978382,162.4386688717401,208.078598961649,174.05856141625014,260.64856872431346,122.72613528546078,131.8474079400091,173.1084299981634,235.5756763117464,235.86472703071823,270.2755109033667
171.33000538439967,168.36208463670044,305.7899648330574,119.22422665350061,176.0015244596871,271.4811113307388,141.9744229766259,241.66318557099137,190.80662802202917,224.45059609942342,147.70219491538677,163.9264943533041,174.23480037358348,248.64348460381552,145.72318812014268,175.06545062109754,198.81509205221522,172.29493223525552,229.16658500764967,262.01449455755017,122.7385650302731,122.87022077491433,140.86432852038598,205.78312055920952,151.9196231844097,317.3565169849589,124.79312456418444,109.07786214519291,183.28271361163445,224.71855898143585,249.91187141234295,207.90635577554016
139.37011911050485,184.45797801382326,264.3482970474697,174.25089278368003,196.71264049311452,274.83545519077313,162.1738277201853,245.10373521806514,192.48017643489587,246.60000824109946,182.64224191065114,171.0774088716935,156.48590539220328,249.16283822652903,139.90476467480178,236.48844356581975,212.62575182320904,171.241571328655,220.09154316714574,241.48289358758757,141.516561548221,149.55059015091553,148.31066364288557,203.44148637775473,166.89002500948368,255.96569737271022,160.0600331568176,117.44941945351354,203.35466805709578,243.48948101076874,255.67832262838903,215.639049553789
151.731048716867,187.80369697766872,257.91515101810376,129.84280699173237,216.69965961741752,252.78603724140595,158.21849085095658,258.4843577508415,203.9530257934536,229.17807562099273,157.65440514114044,175.0528439963468,163.54406446502924,241.14512250220247,159.91335719249656,191.80169375648873,220.16764246658897,164.1902610991616,210.72234105633018,269.49547733803297,144.2322218889571,181.1565995170524,144.51421710924973,223.46573955051383,155.06988336856446,250.17410886968855,125.44327656578899,125.59388193705323,175.2663268555833,235.98412641934266,251.64258671554097,223.44956151802273
143.78111260554553,190.11971854728563,250.4901876969261,135.31440583243,183.05706048474943,261.81532568076375,136.88458315426286,243.6458352756437,232.55745208567393,235.5751535415127,151.56034030307492,168.47940033649596,151.63530923445015,240.36187158343884,113.51708390609413,171.54667770316837,228.55767684691367,159.2987826768508,228.99289683296027,258.7892453763827,114.14465740906348,133.4311060746078,187.33876825432884,216.90409640245488,151.62971231406385,273.8780470601087,132.08403959492767,113.22221043024632,177.13337867580805,214.87961465653356,237.94476347752968,209.37117363053792
167.5389331352672,191.47489439984167,256.625503297063,134.98534953401384,220.96516835589986,285.95327692645253,145.1704582414336,252.45232809002567,210.21269345021503,235.73025810039223,174.5954663291161,202.44646409298196,148.25398567063516,261.87030249739894,118.1130765753131,175.9272943258384,213.89446695727108,156.3212631504032,224.5538461898862,254.53862220378625,151.08329824631753,126.18024008807744,136.75800601795598,224.23587070474983,150.16673667932758,259.94427596347447,127.21489646593493,140.07371656047187,209.26054547820115,217.25642798489406,247.60632283511765,210.8833110392316
173.66329302366046,196.33930306065082,255.49067865790633,166.315538280845,189.0330864206559,260.5692871125847,147.11416086448244,243.40799445923233,196.18733669328145,237.46461225009338,178.51004033613455,183.88980514804464,154.62780362915495,246.98526035610314,119.83350086131853,202.76756055930747,225.6940429834921,165.7218026035311,214.37814451209067,256.57027041798057,113.98790813394479,146.7660883241625,175.52413969117413,211.32015437699891,140.32601443513715,249.65589492978148,146.5350731069521,118.87288885385821,190.27738466633875,211.44896569616733,255.3259520264273,220.34186762633266
162.00879640020096,211.23182111268864,260.53694036829427,142.99868715896898,177.1504938895062,264.2442087501123,140.97664821815476,246.9071816655398,204.0394023268813,221.34020891809402,184.05708411377367,203.20755926799308,169.56476492186596,236.0373031441715,120.26657030495552,186.3417953575725,193.8872250440578,167.1009563047543,217.5239950653218,260.1548790260809,141.35385584795307,127.17525110232661,137.48750029916295,215.8017660462139,167.45790988233347,269.38386756592786,162.62826500427062,129.14575747505796,204.1029869955585,203.53233957318756,251.85639020951052,219.29563854060717
138.833950207498,171.2747820727312,256.0471961654747,117.64018116091314,175.4160287812195,273.44481469405207,185.0581163840875,248.90026087775826,224.99439907259114,229.255143418195,160.78104543119164,175.75621159803197,158.15201650426533,253.57573234864216,146.42986754058782,204.21023754017384,243.1662665408407,174.5790870528595,211.5236039080286,263.55589934877844,119.33729792879396,155.12552138761208,139.63750427511303,217.75781002686972,139.1456736189487,249.90128380834503,150.25092169742592,115.77817622148235,191.4348722596255,220.45858997745697,241.6519195050261,213.62131784736033
146.82520111905777,174.9174814101374,297.7791867939216,139.37810537697922,188.45053792703902,270.74910497861504,132.52080281044,249.38594157247485,193.7956436335477,239.65361718738606,148.6072461508085,166.0488552280421,164.9671356469127,236.66166596986474,122.23903709271767,185.07858947147747,239.31332672541043,172.6228155499615,225.59388724161582,275.8474411941783,153.5445270190774,146.61781136356228,144.19463975942134,218.55582037693898,149.60707235996665,255.17601298808808,140.3678662732365,132.99791507851845,183.6048820756963,215.32772519389985,243.83849576251097,218.67551293571793
162.7403796431566,187.67433283742946,265.362312432003,159.1283609768622,184.2854708737576,251.21452742690624,171.98720963327392,247.19597229399065,186.85683084828855,247.57755003789782,152.81756429678455,172.43810004858426,165.5700109450139,246.82810595576916,109.9043354590825,198.53001625787826,208.158376272577,167.16543316296008,216.93480030344432,260.36267827984176,111.36848771115386,133.1813631286404,159.11961997829556,235.27843036990905,159.3812920778112,251.471229295408,126.92791725068521,121.59899176607945,192.5430468054395,222.81423354028823,267.9052621908873,228.6701031830377
152.3939867511302,188.67582574004277,264.0156175935752,121.40388052012386,186.0687797964011,253.44317721606896,130.753480243065,250.48892449193502,224.91589296180842,236.92357188183053,159.75779038415348,161.9827059764721,192.1770136737871,254.97156949882225,115.5992509981981,188.68298403530795,188.2951051071289,162.70669949123214,214.43247866744846,268.74412873360006,111.8501399278743,123.76174369417491,167.3617448689936,223.46822059174465,148.72056155493541,295.16805667673395,131.9221884131108,149.97697044986856,182.5518689981498,210.70309836892324,258.16545036181634,227.8207461828275
170.1414255887022,198.30822091650313,255.28694045894773,136.57974991827226,212.3421474672924,257.9880846075777,139.5246226407415,253.04806038026754,199.25420362985872,247.80337478643378,157.76454896186502,166.77874246526494,154.38884693934247,245.25543799983973,119.45214148046952,222.44484858975636,186.61180682696258,166.7167410249168,239.0032579013963,257.1155479915689,121.49622702542236,123.13570229345683,152.81886886937923,203.16493381344148,154.74886412656363,250.1635741521716,139.3493116219933,120.00083580144153,172.76833034392098,218.70189922599752,243.6737992227767,227.33159601294545
138.81358360890366,194.87784442932718,257.6127198154683,133.67427472818454,180.52047152139554,296.39171236612844,133.38673609827248,276.4877421686761,218.6918349559865,253.333422904286,162.18160407935278,189.4825032417922,150.17019155174205,254.15693368087136,132.04530181872823,174.7350594761003,195.82608582547098,169.16820232095245,217.6819070243762,244.22472137929472,128.6902495591639,121.64072125612614,168.76899945046495,203.73430337813602,148.55726289502965,250.0408089522939,279.39961564045404,123.53880572455165,201.82950052644836,234.73795228706757,272.91646988265603,214.44093421100922
143.09612302635108,178.7445971747359,260.3955802897396,125.12596233550502,214.58605577905314,262.751662515953,138.45852558423118,444.8051273883251,201.29606490634256,229.04365709937684,171.36054897643936,165.94095397571837,154.37753987085873,241.9018255414628,131.0149221123824,177.5426579748954,187.75871850818461,167.7076126295623,206.70531186743693,242.74421854805166,115.86257443389584,121.05521158566052,147.84255133146112,200.2058867668379,140.43620322816764,260.34709242921787,129.28883078660135,121.46596233947717,178.932122560898,250.72977512718853,260.1434618299552,241.16749818490467
163.23685499228924,164.7997723741213,267.6829524142437,124.79125975756178,183.51507470883934,275.5978848885326,148.00889678194892,249.99071414572882,185.42738848319058,267.819176168658,159.03886746824,169.65790287695663,157.51840625137748,256.7332172863428,131.42593887350358,208.7445890682993,199.10312481552168,160.02667070485657,227.9424165436733,284.02706442305305,127.70631448576226,312.48357662259536,156.66094549236885,219.31374695528265,163.4562854283361,247.04224849031397,141.16452065499757,121.74426247118953,194.97282724423343,225.336753897765,240.61021053458717,214.21076311938725
140.64435957359817,198.4252131895922,253.96351837802615,136.20130501334197,178.40987165535935,254.7756788605356,175.84366375012962,241.76427787955905,210.42077507528143,240.26297976736438,177.87555873094016,185.7154482560719,168.24827360906957,258.29400486999066,121.56148682791328,172.3168876830548,199.55589235620556,169.710612408105,212.14895541766327,240.5107139245798,115.96649571270217,155.91881616334337,171.01334851904036,233.1441140451864,158.83070777883637,285.08185390413297,131.14598896136965,114.71660751790569,177.49029068736468,212.791359429198,250.7858905695825,242.65488431952886
140.35033868126405,216.46930525452893,262.7693400128621,123.93366244107338,195.2014861176383,286.14032915026684,138.55531303197608,264.12912224830785,207.66822310007038,234.58863153189068,160.67326066047985,174.19043632326307,158.80107597028183,240.28255093776514,118.10496872501419,178.83680237184652,217.48125216471735,187.33626900872082,216.84037765111844,253.34835279798986,107.12467712960468,144.21062361770183,143.4209930721564,208.20368445413928,149.98790264980963,337.32712778111306,161.75069310634575,136.7165526555909,173.78694194124097,206.4066457384592,252.24029391893055,217.39657494468008
192.68658108851167,200.42221445411212,304.97330090821805,125.27766560949793,188.47626240163044,284.6991957268906,132.70151235054294,270.61974550837954,196.88385248653515,226.43816271112777,163.35111715449975,163.18889780261094,151.97761703239226,246.451227674189,122.57637697246581,176.1479829193786,201.92004434418598,313.74567307505527,244.831394485847,247.04191954070274,125.2017163007943,127.84136630872737,151.9942884014294,210.47463284869588,180.93397228948632,263.2217490548935,149.9392334932875,117.61453967607973,186.83449131642828,214.33485239323,251.39943532226133,212.30626990533864
157.0992564537665,172.9693049182427,264.46017164801816,173.94330885744503,182.16403803100494,281.4310434662869,147.09377047836438,253.22795902907922,189.5363526427151,224.92683080363656,203.03717358588756,193.23230620284426,152.10054514396782,244.67743680931167,118.48290344991423,176.10307693312095,200.38694328352705,198.66309824150036,244.4269622858734,275.6835091854068,126.0911556666301,147.27966929260654,152.0031913458216,242.1169705858806,140.80843158507085,269.32713925514537,140.8913281474503,117.10223205451965,185.50709983522833,218.19932473013063,255.54252781494105,231.0437133369075
152.0169699053553,224.20329331940357,270.69176593560525,120.42772085097589,181.5914945884276,250.5489961044436,135.59336914080302,249.60221290961738,199.05385591801922,225.00666376250976,171.44976461383558,165.84031154593654,160.90268741877716,267.51259800356195,154.769018853068,186.17863816328685,215.11026415931363,226.4527189172386,217.49023030911533,258.24728316138606,137.69690079053862,141.1659845049512,136.41722258834028,243.17250057671356,181.923063924354,253.51552832617287,131.6982047360317,125.45406584577863,191.14809981708675,246.27548765942382,275.1716344730289,231.58049503168849
160.61744766422936,172.31588746938178,258.2890578045552,120.46386328862718,185.19949618676156,269.1824124053929,140.00013922132382,281.19411786277436,195.48849054004677,233.76333305527254,164.86809133479804,184.5902314889657,153.1575686449507,248.7265084807441,135.26812296139008,191.99867637644863,220.4658194744151,209.5665819645339,227.12329519920905,250.58637353498463,118.14401869495131,141.88116349117976,137.87213522002287,201.4478300697654,158.66020995504473,253.36348327266404,174.95776641693405,131.95897610221306,188.30605075308728,219.33733633845557,249.74046372282518,227.53131367918482
160.8361519195233,176.39369079049106,256.7207103300249,126.29200285961659,223.92743967701472,254.8674054066114,139.56961830312113,263.8310395482888,261.819999562207,231.7727753421143,156.4147810555445,167.2612359821577,155.32303394140322,249.1972887476877,139.77009987701473,188.48504382928215,226.98613088692463,166.36332758615507,238.2694513433714,244.0166732048127,131.08665367443493,135.878571358549,135.16410205044957,204.862439862728,150.22676396658034,255.31421404677585,147.5879334786311,143.81204277927063,206.85102550747007,216.41777318643022,273.6742785524344,218.53144786620248
158.64495282767604,228.0567457351163,271.9436206565374,131.53716478968082,194.7658458974846,262.7300142568076,152.204175708342,247.2469265328396,196.81175751390123,235.13927702105246,159.09235102005044,166.40641154278694,164.90565710474002,244.22484713627068,141.72295351664536,187.49074821964575,195.05866486355302,176.42591689075118,210.516825924145,247.14406201949006,121.48516387810346,130.27893307029674,136.50627956129733,205.90240112095537,153.7356690250909,248.2157681736721,127.16985622436451,145.9421417092462,187.9053317649282,205.96597065104993,248.69529045848992,219.6683266829014
141.654799290729,177.89163933903302,273.07517770445077,130.26490303865478,191.5137848096842,253.48815142223495,144.0829716884897,247.20818000501262,192.9621917599133,233.13582964022763,155.67905716502472,173.05354734853677,172.45397025616808,250.9908929985365,140.08360452391747,216.02104335336082,198.96438281065917,173.5434956472091,260.17953017966715,259.00397605387644,109.61389055684589,128.51058703906313,161.33432525979595,226.90042908197267,153.52681429797192,259.4293582515064,156.89963115147245,108.81504962423854,208.6341857296234,229.7276839018324,242.0519965947299,216.40755296985688
152.34400591527282,176.24931859226567,290.22582197526236,142.6042095686048,199.74592429068684,252.80353787185243,131.8122993915517,262.85159917896124,201.104778881986,246.4116101410513,154.00400833909427,165.68732415063909,163.050623888405,263.6756319465456,136.9259697886387,339.6376445349177,216.20410666755424,171.1062576077091,208.55568015148782,252.3018874772395,109.91636632887077,143.14463645009548,145.22855634364814,198.1833259906122,160.2713636994977,252.76780668308473,156.57820231057653,120.06857077687863,181.42810947398232,211.9424402938812,251.09597545866933,206.7185750944098
153.14746242848332,205.6492788687024,267.9645184080993,124.35165260192164,197.2377297470421,288.32944380984037,167.83737291824994,246.2350884580098,201.57760182472623,234.54671274684756,156.01919956206945,185.96024448676948,158.0366737122322,238.13019102364396,144.80505254765382,177.60406405328987,205.63669895553278,166.32559865090045,220.15500327326367,272.387046801342,121.58755544767476,182.3964069036544,182.7441174135186,205.4882762891363,142.5962233969686,281.8301702219064,126.21116100581655,138.21031331379595,177.65883495018176,203.20459999613746,254.31498943632664,205.23740512068704
143.5812433813914,191.91198319230335,269.81878269737,120.10653327303311,191.27040170820462,266.790279954085,151.8863978976072,273.75394622667847,229.0850599922757,232.47311166338815,218.40017624096424,385.4291895417107,165.70334137538646,273.4266211525977,126.4225597677686,176.5193092232127,228.36057368357564,164.03702172440563,226.83111866407577,270.26947821628767,143.30588006702334,134.90044179931226,140.89864096958715,224.54442906266667,151.98707696835316,267.95636151724295,143.39799894775823,116.04122691126257,205.78396492544346,207.5141101519691,250.61762869571277,271.5249371702566
156.7634872154293,191.81822416591666,256.9755995723852,122.74641006402396,247.6674258342282,249.28481428177895,136.1736026851796,252.73079411643494,368.79442265084094,232.54070936400836,165.36565021379545,171.69866207413236,185.2360754156946,238.31737352238707,130.38673404290327,172.92331661945832,201.90925472102435,165.02255863661685,244.44761697552767,250.68062664306538,119.9005283660944,120.30259302689312,173.5733085841152,232.43933091605237,151.36419612393067,264.2672312889067,126.87667692005166,133.6937993908829,175.68312106567228,216.86970233867677,252.80217688106018,209.10900807959095
169.39381721781558,191.28234905815938,250.36699541627414,134.49761518892063,179.78018633055174,252.3153917831475,145.29303387185277,241.60225902595593,197.0137219157783,248.7530257977469,182.37961627551746,168.56714709392693,159.84950943751784,442.565037434759,169.36261473115076,184.23168672467318,211.37050088206476,165.0309730538856,229.27630547787044,265.1423055712793,133.80798562659817,144.72630571077445,138.62685749860003,210.55220501282824,149.0091668232647,260.5699316529523,143.06958664765688,109.95163793502712,198.68112985781354,216.01010219560072,240.72857384735997,232.14828236431148
166.92547349875625,181.7418623917419,269.80414902171157,113.88949081938537,176.69632187812843,254.73358201487258,144.5436549590071,322.40064173882877,207.59224232733777,254.5120415056901,177.28140603312684,184.75112959317048,198.55774612596474,256.58595474171665,138.83338452531964,180.90673764473405,207.130418465988,158.74837932485156,214.40045143297237,275.93458810285625,131.36252926642388,121.99174168840149,157.97279140041132,237.0903356923178,153.3357463485448,280.07794387632083,124.33958587824385,111.63777216121076,179.9056297755245,236.84666027679137,245.3466976788448,269.54894341710303
158.93800619170375,175.33584280933732,273.1787018562624,120.02550918528321,187.5907081746016,252.41140845156468,164.87673923747977,239.5484043243057,222.4492594602282,225.37760095439893,146.7587338428751,175.25836930844025,154.02227025998727,248.39707958528473,117.10006893464897,187.18681877348524,203.53802722982815,179.97171817293452,247.7140854771695,245.4901472714447,110.16815920235588,128.80054898958616,149.28269364911054,199.62119009666998,150.82799798353236,278.5244499224848,131.05455561531227,129.29074228619083,174.74347690263758,210.20776820776547,263.35392086310804,215.24059244546643
173.61846873219258,195.4752157784446,266.51648273673504,130.29801353396851,199.27586124604244,275.17920315758084,163.063498891098,269.0489380976156,211.1677921432837,236.02926765633404,162.05253619928015,182.20147159532763,156.79211387909038,246.65627197761142,133.05558169000284,189.03298491258803,198.11696518702504,166.00725355386993,210.93508984258054,249.6017724877338,119.42399945271043,136.6581012691308,138.8583976927721,231.34866366563716,151.45448128706118,279.4199713561591,133.13364101082675,111.7542541645464,204.60003561200807,217.05134788972418,258.7715318827724,222.33007788448174
155.07142521839313,175.52810710847848,268.840242560281,150.78896045676737,185.250896993643,260.9414904460931,152.788202483338,246.3412912850404,204.27466080941025,237.0548406861276,165.42658693410127,171.36209456126315,177.4207715931608,260.88095183261527,131.8953978244433,197.0385429040242,215.80619134091074,174.21336596365177,222.56019281837416,246.86145199459162,119.81414761313914,165.21299326880097,149.32194513450997,264.92617853431113,144.54513222124027,267.970221356902,155.05633371624987,123.3372614953395,195.6972276594657,210.20503019130996,269.0152550103468,211.11928856034476
155.3263443245205,170.33739347624672,265.4277168368221,126.50454879522403,181.9866526293725,262.3958620434764,150.31667327216954,267.6941637756677,222.28549149994862,231.32151933481506,156.45216689597322,195.15303876894058,160.98799682923908,255.59662359973584,131.8897715231543,176.48962600235168,193.9004461154904,161.21165274007646,226.8315255200041,267.8482525936626,114.43538859972821,122.7119520346068,159.33239756182658,203.2055771308609,145.6325668155822,253.82313068896508,130.8066637450318,129.60887454273833,214.96326483279088,247.5339887671273,269.14144926150783,227.94204262951342
166.0804348967659,189.70119621193712,268.5885239080815,123.38498279978793,189.56222778813378,288.7326939370326,139.7868437690229,309.0152257234609,206.53296017965366,315.3201591059762,165.1070331191417,164.77817549585396,152.10189770273212,274.33383860324636,131.3235257521891,173.0951440300458,192.70328371093746,183.3146435115244,208.1536144043752,246.48622805987094,154.68839161007529,121.0557616439862,154.25862652992708,244.32962107916353,143.93734697895238,255.44746999716332,149.2406242585326,122.6915855291026,199.14066553543415,224.33226892076502,237.38273628559264,234.45368100918964
156.3885328578694,163.90408182725508,255.2780932314857,127.2933481336631,192.70308747792913,278.01983877674274,175.96686817601127,256.7865285343896,189.7516144094011,239.09845375075622,148.1115028465029,184.74579784825178,151.09730500796326,241.9812355356346,123.21123316697606,228.9835257230565,215.36792951308,176.08012875751075,225.10422434688033,276.1154939986846,130.81709034856286,130.96752055997044,138.17032582900168,218.72917835044024,151.80908094244828,249.04952890330145,141.2648385698668,128.94854920224347,183.2892089114912,244.60469547761323,267.4511103600741,224.32699737788667
166.12524478885786,283.3398556138309,266.8656430551579,130.67369155398325,195.9120083774003,280.5664267818843,158.78755081801373,241.34025189914334,220.47898677960728,227.23727056417655,158.99650819579193,173.67011613248977,157.59097413589274,239.38837222037128,147.92813669346796,208.17288183134008,185.12366802275255,175.78139862504702,293.14527795567807,262.09265472353184,146.52208530163705,123.91134224312134,150.38236677819572,226.3617691152714,151.2579840337453,252.6649874019632,181.4926459844651,117.51832375393963,181.46357884862988,208.18222859698395,268.76323483125924,233.29614995902355
145.8472282467392,193.70016648831486,263.8874562384608,125.61308270984108,175.25236316750988,280.1207703226999,132.98288615008002,250.70286564595023,261.52842886812186,278.2783812127965,162.02932001173758,166.30372018755102,167.67210951274657,244.31547518574146,120.53687302236051,231.6512916274126,189.6567463149065,167.52134817954882,215.78863743212327,247.1177080632882,119.65845078379408,134.7097842182914,157.08878277850272,215.3459673292761,147.85999348834258,264.82410142838955,173.55724115064223,154.16215114083263,175.39463081092111,241.11490906006944,243.4681586326535,213.82094898074925
145.85824748719224,172.83883233420974,264.68425575810534,133.41481871940232,206.82744692126747,274.7281881553321,140.8753915327755,251.70190217002434,193.49255960775935,231.68815112852388,167.47316951529365,207.70706468825924,150.20540226607983,247.1655299964144,152.06007907031653,167.42956643704062,200.0034357715907,186.0914375419739,221.99004235489448,263.3976217123124,115.72118220601058,141.74383578551522,140.23316446047477,354.3926955951992,154.72022891673436,252.74178090400056,131.08920538084627,114.7323372262891,178.6749236471664,221.229033629931,244.59463068973216,237.5738988347633
147.68707488934982,172.31127521919052,257.26827362523323,125.54445543165033,177.3083663823776,259.6556108363762,145.5530945363279,287.4775390919264,189.30565293478494,230.1747345705929,149.16259149038993,184.62158848420722,154.63706503720184,265.84099221918024,155.01092844968355,172.91619980265938,205.5701525823402,159.66026706899356,204.62194458845104,253.36725772362064,143.02527118612602,148.06189158085448,136.12447784871813,210.6465049872183,143.80569608148443,261.60609783735094,136.45174465480025,150.69221279957708,180.40989915981416,210.096543661339,264.027379000195,230.5619996161302
156.8683691126355,174.6623876957799,262.14527858499775,126.27903935658443,211.61334935161057,270.1161995444684,162.8613104906487,262.4645605560825,206.63805435500694,227.29463748392658,167.83078041540017,163.58152171751192,152.39779654527342,267.0740190862777,135.5890651506743,169.7144030329405,204.9552431639043,165.1649321819598,214.63991172371274,392.7290194338824,122.74502414962883,130.58429001575277,178.12521046386553,198.26050003686382,159.7083501265223,284.71682407644875,176.85216552076844,117.56077410574628,194.32926195557292,227.87189942865243,245.0831891764297,212.16197759480292
136.31301066099803,166.556987030083,256.5116688353038,125.84342761241,172.7931422409022,285.02877505398726,146.49236326134104,272.17184300830775,214.2526387321529,219.19091182854254,181.15670059053622,173.24492593284867,195.59680080753745,254.64899877169944,154.65902577035,172.00611667470747,193.199694118034,187.44269624983048,218.70956939102007,305.3850027176608,114.2385801874718,133.62616459285934,154.08266815689808,213.3399787747668,307.7688097740263,267.72261649956516,147.98064386017708,141.37623057576639,331.9818576409445,222.27001759410555,254.4425131373109,217.11385038074764
181.14286629691537,179.94512104786384,284.8307590640266,116.18792122628885,210.56762102055143,289.3375923001791,148.7298129211404,253.02471840006768,196.04083792401136,255.5430693359954,162.39131691239734,203.2186360232693,160.2548225853989,245.43483138750912,141.00997030756446,174.0193098456741,193.3919655830889,183.2835475092648,218.95463043641053,250.5972076467978,113.40422172502028,133.95935081940758,146.62434570628594,209.89289384670985,143.50539387692612,247.67556743772022,142.62496958867618,149.27713758476403,186.31072396350956,218.48517451663696,259.26931743503974,244.81098165329513
157.61672544136692,168.68771634930206,253.49230740217504,130.31320648429653,189.87395953462922,282.84957686694696,169.24412134163154,258.58046709387224,192.4839124017822,246.18916416657646,203.2358212821088,189.6171689860352,156.53699079386084,244.8171556000516,141.0207038625169,177.83367900194088,190.25000517759318,166.33062501433375,227.6605480625943,266.1441992084089,122.05277762963888,123.75129759245712,161.03722976668772,204.26739032077847,166.9646093319704,247.03625259931513,151.03598028579916,127.54811808974964,244.68336235596283,227.71855325754913,262.2752848301438,205.4012606990872
161.0363078915215,169.48491417374117,249.6613648964043,136.67583001904893,189.18817758714084,252.34292776431414,174.80833971508704,245.6944717328561,205.17614970215186,222.73195005077355,148.25459640636262,167.02843071960953,167.49129668709705,277.6078200394483,129.47398285846617,186.0682057351411,198.22616183162728,158.82994120329417,223.83902753945938,262.7553796811581,148.57151377847356,123.50578917333733,146.98182209001857,209.43266479739916,168.49334000188082,272.7983692650708,126.54704256716212,153.56589057904313,177.1730403619606,208.59259631446764,265.93354768861036,218.99700619567878
137.33412428125246,168.83206912679208,249.12826628884116,139.88741453368084,184.69854702052527,263.65843920114526,142.04463862743214,254.10489696886452,207.99765056577698,224.52961851218896,155.7283891527877,171.34762967316092,153.29731847640412,249.44793227952363,124.01540739747631,231.5404375661797,191.94925839412113,166.76861327044384,255.56338354888845,250.50221743200993,113.46061740556937,162.29976012872214,150.98187169585358,216.26209609348015,150.80480824933898,252.75553721627634,160.4149185864597,160.96339878569302,185.8689021846719,232.79884896904503,254.30649005136794,230.3888162586179
158.19939910577415,180.779023629429,287.138824346708,118.03998631972497,191.15417439201877,251.46378875607735,142.91801531361702,256.8245212203995,198.68511680607162,371.40618280587313,156.6176320707944,200.18824220484177,152.3128496570523,274.6659559428211,131.69304391058637,204.99466359430247,241.89700296279517,161.89497622090934,262.7477839455859,258.4467629389883,118.11160575457747,146.88829367570173,186.6077834524334,233.2440374980296,146.94764176223757,247.58385596063007,138.7086739781264,147.36911646672846,218.2249158456437,213.18708804842493,242.21646432343582,215.1589990035545
152.865434752155,328.4529327503526,269.35132947234774,125.29477928773328,201.57729164578808,301.3881714116685,151.57151760783114,256.4027593641967,193.888061216916,242.50226105520989,166.37211854295307,173.18715418559285,151.21424291415036,244.59986997997382,147.21883562520574,210.02190770642466,253.72412459570813,159.8203567391527,212.62849828600702,240.4779059248511,109.19103216966255,142.52366969383843,185.08005108356187,214.5493384324813,157.2434866079103,265.1911427917669,129.49281726915743,136.62591275918732,182.57343946267824,224.56997820511071,240.68945202509772,230.17208924750136
150.83949900291427,180.7251441684959,282.45528597952637,145.12549843810092,187.41683251355167,258.8211294675164,235.20590348578736,260.6595548203355,214.49131898629213,237.4498919196205,197.15461393323642,164.6593020138161,147.30031916299444,280.5182785031574,115.59590368812133,194.300754489962,194.6676979845207,196.41619944568055,277.8521435709028,391.5782640534246,120.92330873704236,122.27010686581453,140.27441358079125,204.82968911910012,167.81237681332476,246.56507971035643,131.67155320818895,130.8461061735838,193.24407301521956,212.70317038026963,244.19187674708039,207.93600168097862
147.15775575461544,163.40734028456257,273.1404521848944,170.16760785766053,179.12024825163545,311.8453149807484,166.0701407556624,244.9045698326815,189.24534332199107,224.60183469592127,165.854939735916,178.13363113155054,177.34710786021736,247.0707961439148,120.19415693668435,194.7687539455887,194.63275839324004,176.12998199123584,220.35515066008327,239.3617679790585,111.3994056408974,141.07954839010472,174.00694444642056,204.62646533935342,168.72136094278352,251.02888837140176,148.99244775679375,132.28616669869305,183.6654102780815,243.3491957399019,243.2316304876233,215.53926257710987
148.7174088048295,193.07053971042333,263.7610375556379,124.33442108114491,191.57660448988184,253.42320456546003,169.72157988334476,244.9806070594738,193.52958492816313,257.8967347891466,164.3776753620274,183.91081232537434,155.3686328704696,255.85795381811542,155.3324874162573,208.4949973212967,187.2235557628491,166.65945119420076,217.15611888208537,276.05524008309317,137.95055578459102,127.04488609479193,155.79528940670946,226.56724973936846,145.15836139880008,267.7313437651461,138.88105674077337,127.01870350013205,184.569981313635,241.04259179618657,290.9712776275164,248.46007441386183
149.46291336708126,176.2062860422258,265.155734857743,120.88165245474741,198.2653640445667,259.81022748692504,164.1887436334922,251.8102392955638,209.2650833296181,253.3827157265994,161.4913712240039,185.78389365348895,155.82481252494964,265.2812287457103,124.63556329387887,177.9648431970557,208.45683506255946,180.29320069137646,218.17783903830147,257.9932061279835,132.02010420199042,124.04598590324775,155.73131062713227,232.2901819452935,168.73552517594396,254.35829631822966,172.16396896979245,126.32884539948914,185.7340437578362,240.66475679081785,255.379275550689,212.61280402010746
159.7894330406316,167.00111406862447,254.82281977836175,128.24669112180675,194.09201471856827,285.51859087125536,160.22898708650675,259.4163867316075,186.66183622648396,256.117425872143,163.596076905725,187.95153192392468,168.68955152475883,242.31196038414828,124.78186690433573,207.60103899433784,205.87698225358238,161.0634383514528,215.46350835099256,261.2441999910082,110.98208573927671,118.87314941714318,164.63935872653155,209.2013419276287,136.53768994866658,262.9913881061804,164.26525692286395,262.7025044257974,215.87684012231387,222.78467585033738,267.0438435542137,230.28603456029342
140.77535431319563,168.54019998527565,290.0287000522626,121.86159209017715,183.13363999754063,252.01412985208046,137.26180819909936,275.09940195083425,208.7184688089871,224.10203409464583,170.909689097071,182.9556024148957,158.60781531776226,251.06286029930905,114.47324378086915,170.27212938804277,200.42525604699438,159.45840363300988,217.0988818721122,242.84650412759316,110.19888872585115,142.9049827948661,142.6880416691758,213.91275900654773,138.32796350993138,289.2759202777663,137.15093891299907,167.70474211579238,177.12996087422306,220.4692197167073,246.154957503295,217.03104363606008
164.66717008159821,180.13423215259297,277.4048174483816,128.62333416876186,185.34240763919138,271.00141915479423,144.2869262003799,249.6981016417761,188.93626012362435,228.96890665730453,148.88536233669882,180.86971665560455,156.0280721834008,248.4822367572022,117.75996912949603,172.79706997585683,200.01004955227833,163.50659531690653,208.3922715923883,254.52041254411802,112.95091823512051,123.95304600777546,203.99976212009904,212.07795520460706,138.40058248763492,275.6976004523668,169.2330111498809,122.94404158961186,199.3904753710538,246.0487124103127,252.82367475533192,206.59145377791432
148.7122658054837,198.5374280633196,258.57274030271435,125.01819942998348,177.55344752308312,283.95901228439493,189.8938476003982,244.70620321901526,192.91717944043236,234.43019979465402,154.83556051705762,188.32836364616406,157.0859196376311,246.376105178501,110.84896922070041,171.86056561806913,187.26570437068972,185.80182101437973,214.155977405319,278.4300818486299,117.35351948931995,162.63515418753533,135.97761401729858,222.30780276856524,143.93137645839514,271.5647946146893,149.59523981213746,120.58722832755717,175.6430659518202,213.3242741160234,257.27614741132254,209.59051444701387
149.92199006743607,179.14458820399298,247.47017680598518,124.60621022166535,196.77830672070772,302.42684750513456,182.88613987228842,283.0806750079872,213.8981062003682,236.02115723041484,172.34612568379805,204.01359683272585,169.75469933861052,257.53426158901465,113.92313635049565,180.75658628606197,196.3165453440357,172.2830976588202,222.64852185417334,278.36988297798547,158.48510057532758,136.64304127731748,139.83341161636585,220.12149339320848,191.3658924511495,248.32325300723937,134.2727702350351,127.15670615529767,201.94913537988336,205.7388937725416,250.39079947860725,222.43793392033768
145.80555796401228,179.07108388631147,257.66607025840426,121.42765220300512,219.90318108443972,271.9719430297104,137.02046108809108,250.3875845635798,235.1480014475966,249.75705368002997,158.28413960663568,190.71228676527096,170.15687373246487,259.4183621207723,121.8684042502841,187.563404664048,189.530594141009,171.57414382415848,357.55629991017867,249.98559732666914,127.77389139556416,119.72052753016015,148.5581828513256,221.90570918594534,179.76952808994596,248.1736712447167,189.35691166358143,145.74305692927197,203.62295616257393,218.02458988395165,255.545726594384,230.35102850453046
142.82825420833126,171.21006295217435,266.79871324081836,118.44086927304011,187.25886597161335,276.6170100486084,165.75744890720898,278.49872321983236,187.728567039624,255.00276107170856,166.93066600635666,228.78873621110154,162.75664436479508,249.43380418918932,137.2276926704822,195.29908576097273,190.4521834416662,161.17684421314905,230.82584770095002,255.52427412933702,119.46382818313504,132.12012554604203,154.87892791420913,214.50112886329035,149.86311808778171,267.56319842882766,128.82107538658934,123.40282753388018,202.47212737533215,205.035311999168,275.8202883153709,217.004723297466
141.46452185641255,172.67320325965895,271.8504883981637,148.94556831256415,182.92959031972728,278.04091272356163,158.12794188232763,253.18563016436343,265.8320845791709,242.5402880594412,168.4147247323215,193.18940919999991,164.98536531817143,241.15533787660593,127.94016093555643,179.7917876817263,239.4869036364798,191.2007033068073,221.70718671187484,246.6700544733656,154.15794713873095,168.7941615753335,156.65337857725092,219.8169286893328,145.48321577753367,267.827237230885,138.71787010593516,131.96799112074726,227.03080286268786,212.02586096287087,246.2155473391222,212.53995916526048
185.17171398800735,203.11672244255513,250.1480845914184,121.5540668811456,183.90404016282034,273.9267579029331,140.26366116934813,257.08563827283086,193.4081630198409,221.3238233329617,165.6104500645282,189.40872643693436,161.81766080890924,265.8504638531947,122.26203184627808,185.04151045529068,196.6315217965203,172.1055178641454,239.4043091279052,261.570521088274,133.74338856809172,127.321307194937,148.9287178903268,215.24718915616245,156.0064483897613,259.37142813788415,137.20943032778976,127.95419550341256,179.12349043933278,215.90751306744585,244.65029468102097,212.44720422182758
147.36813790512917,192.77035625699088,284.1119052894678,131.5023249882138,175.8821328746964,266.79409800555936,139.09812799374842,250.31162503216052,238.3655132183924,223.55516685202895,159.23811389920783,185.88153793572533,153.37288017491707,253.12209507123532,117.66390694740292,181.43158122465132,216.60030681283547,178.81618285428695,217.00791845796718,245.10086060943541,155.9910516643137,127.57412686474188,144.8945575685601,231.9677537454379,167.89497562535962,245.97509547480237,125.17809445892294,283.91406736503166,211.11253793273386,222.11296081971724,254.1913195411419,221.84188054658287
150.86835266002402,213.30925956647025,278.7310943304982,124.16412711302144,180.07450491756467,252.34671045846457,140.74633021295264,259.51082166207533,210.66022721181255,248.54433234453944,159.287937502285,171.72994851207017,151.84843442372826,249.61790481633034,111.77116064821547,194.60092696147197,203.05672481868658,200.48588020633218,250.9124861957926,267.30358975818245,118.82734898642784,123.86120026774839,198.30281125902445,210.22732027961277,145.86866736756733,274.1036611777271,131.38624655720363,112.66257466730562,198.26210090735427,222.9914427482638,243.67854385514,205.61731564572875
165.6849807871855,222.10856461257094,288.23855928175175,128.7542401685516,193.75608926411562,261.8502196336988,168.50689643108223,256.0920553475165,190.78414059408848,223.23026792439396,167.9253305307226,177.68011284956526,173.90150066561978,277.8126491742263,142.33334847286906,198.79661072184405,219.87690608017184,158.3614720944365,205.5134876335781,253.1476656593446,113.31835460982319,138.50688602990985,147.84733561233202,229.85853355584467,153.86094118496842,258.9600902993984,145.26333289678067,110.7442839794873,173.2678127767199,235.75766399326199,254.61370522850063,243.29590776824867
169.57715950939107,189.47257903724284,257.32887095152245,118.798432073652,176.72739059586445,261.5575187012535,140.59675749970162,249.9749082980639,232.33029238349673,246.22673228364923,171.1490672953338,167.53110295033215,155.5639565012407,238.90482304927943,114.64865532729597,211.02821995017894,185.01591631306582,179.08787520444469,213.17866866705796,257.5215989507934,154.65300040622333,126.5810106466517,165.7064285293448,218.3082568885949,143.26006718981733,250.82913031267935,128.0954039724805,126.0102922885443,217.4428281381353,232.4755909780568,249.20601739940943,220.21123988263332
144.6884309773423,165.47069596165846,257.47630771601916,117.20189265029269,183.15108749303803,266.15572413484915,152.17670343229736,249.31029703567873,185.71837034101986,291.90786687444955,156.71918198096267,179.9921789509751,161.49097578546036,255.91574440934664,112.37484283481577,194.08115494796698,213.55796996394756,179.28520174742766,228.26727492771124,261.01503424016727,126.07479317771393,134.90949376472187,165.26338933013662,214.16473786077188,143.02795550874558,250.04753996986472,128.69772087403499,117.15256135367633,192.9831317480539,241.91985265782594,248.84423805209545,233.9527075642264
169.95091464377902,167.85383092458534,255.2977198432949,129.6816393187441,202.57869665946163,264.4607619107337,139.23982990052804,241.14571588192135,198.0404864582179,233.87339355491648,182.11119442454148,183.6505162002245,157.50445539413334,238.32201805717835,120.98526032433635,181.88067855971698,189.6021219184607,168.7207379013983,268.3417680340886,283.4525317325188,118.76942707229844,128.15501059268408,180.07490629701184,201.83600808326844,146.83144727943207,267.57076276216,141.25342825281848,124.83431566365812,183.74491388153163,207.1928258011509,250.321052964026,225.41238086419696
146.76622337685873,192.49127138845884,248.06244266398474,199.07416436346526,179.86416720253007,288.8983867159167,141.88084586249437,249.53174482127426,187.8021126411451,260.4523018886851,201.70354722566816,220.23363079653774,187.66086047270156,263.7584528172092,136.0972410959772,188.52371125056138,224.32004646914433,206.50616987139765,233.29374757559611,256.36761107638944,148.57427537355272,131.18822847480772,167.59609503163608,207.94652591463606,147.62458438508511,259.49256077204166,138.18997678707188,122.64629017518324,191.20074438805364,212.55851584678783,248.87646949001098,237.46930500275533
143.87922072645728,168.62859132981603,267.19914010855683,117.52496579382739,190.26586393243625,278.7829248740028,157.2960980010592,256.36466348151714,199.91723944477422,230.1838697825037,161.8413499047621,168.62682448263848,176.950776623997,245.870338036166,149.94582309601225,185.13164756181789,213.68563051978748,203.38729987519886,226.9067447476195,244.78113669341178,125.61892408691637,125.60079094412453,160.84803848706989,220.46043362586684,152.59942702464176,261.2278104647109,130.865869236873,134.58687578629937,191.5089345463627,241.53600472342774,235.81374431911476,215.43139320144266
146.38049713574762,196.31569340872448,258.00388369585664,151.36503396168845,191.99802844760495,291.7010781933515,155.9207677517152,246.4213616484147,225.54121244566684,245.0471682013155,173.19548416327072,201.56306359756348,159.94915610869234,257.4988202440677,146.1659349048328,181.34810271942789,193.36289969528514,168.26434247602447,207.87817173651123,260.17478937843504,135.60571133108672,126.87251741019739,140.32503875365177,211.30720278236763,166.20375575243776,268.2534253460436,127.64402047672064,118.03653426934132,190.5504932481941,221.43822068580988,260.1440467630607,227.68666135918704
148.465466898156,183.657220684879,273.991300594283,134.55896744449058,183.87337767521626,276.673328683614,145.38189086413544,413.68109587788496,201.6349038539217,232.0822881940465,148.90154831169502,190.14957449930688,164.03920330252876,236.28843898693395,127.54458611821056,216.20881487832807,229.57338606252,193.44118853304755,223.60160721516144,244.5790926460756,128.7887828848963,141.38016720810094,155.85026788801443,197.0251387688309,142.82229226719556,264.0716613912015,139.47771315678256,138.22728001798035,205.00512226126253,206.7753858124019,255.60234494703425,233.55712639256367
145.09198243149666,200.51397102722,272.3482444780714,125.23178141159254,181.73745365668657,278.8500796563822,147.48836116278252,249.39517483661083,228.72714119620494,230.36627962420275,158.83861481859952,170.94623214830983,151.88419353284254,268.9618955594889,126.81803642092319,175.1355869652228,198.46037877743925,180.94740451668676,230.41363428331047,266.9536530771793,110.97856151567949,121.76290638021676,151.9705218526119,222.15912120478004,178.76250294214586,252.9231588285807,132.3478088423951,132.1943842711367,198.57129719904572,219.82705560657956,267.4754014147624,209.36886095803743
140.53622649404568,211.29254985890594,272.4824808580946,131.39609020189388,209.0952368546199,427.7979613475089,145.06465164316316,263.3237408096392,210.2600219252646,224.55244540566875,149.6645691866206,183.37615244414013,178.3145783067922,265.20440921633076,114.09571955216305,190.18691232970878,213.3029849004129,155.89754363910055,222.89383028862375,252.6466887485162,129.46267554167312,130.7042356615546,165.10571678432328,210.8415109530955,159.3976478785353,278.28117928135674,142.58643384247682,116.95608628491117,194.68361243579474,236.55232901313673,250.267342906821,216.18001285320798
153.62257927142997,173.72075687460304,258.2141253030272,145.06667885806047,184.31297067295532,299.7281379221273,136.36114015723345,241.58338507379955,186.20362283644164,254.14383121901628,185.44875893747383,167.0678458058404,173.04028039283773,244.29818531888952,118.24090653255718,171.98684660815502,224.04754716632968,169.58478394929486,210.94718345806345,245.07173386425913,125.10664161774622,140.90961816360095,148.498410898139,210.3893864210843,139.3678092295553,278.4382486254582,146.04425367400768,159.47177358692426,189.01609430346463,204.38903145127102,242.7247805239037,229.48542745412416
179.2455195539107,169.0602878976467,254.4114635728216,141.39250339974623,190.32804094540168,263.00579266477956,141.29314053187227,257.43871636205773,200.51209395579542,267.9285927068945,191.13486960243551,231.38840593278653,155.61518194570965,244.8448381098476,111.74313985313987,171.01933074926612,195.02789850312402,191.89970097413567,207.56999456738083,244.15867952858744,139.85885726692342,150.38058840946667,155.3957205575141,224.34110872989203,194.55009539047592,271.15038231112777,128.31219783081343,127.73162181291127,198.20655823646246,207.6901684947512,279.28271931888764,228.79622432484413
154.9346485787941,177.57915932680484,274.8794982200925,125.18467449723487,190.94092713270962,262.74495486203034,163.77931448936985,248.51370683278822,192.7634366760668,263.63600937103666,157.21838245343068,201.6230141995555,149.83020392632432,251.82053178543993,113.64277873932933,203.27250490877256,199.75303712162014,193.49497793151207,218.3204693815424,262.4677233660095,144.78780961789965,132.4907245566839,155.5190089358615,248.1864405506604,142.67458177278527,261.6396587915526,152.59084151737716,126.61013115263228,185.27970181984728,214.90409972332665,288.8906337303093,231.3842969919046
140.4424730568298,192.99692657247377,262.62281661952454,128.13980825218025,224.65268526175078,281.1763708236627,136.4312321022242,244.7152383448329,201.82448259546487,232.9011913668872,150.5537608250477,203.88185246049304,148.87588447504191,252.2997100629077,138.9715108557962,218.3717481369977,190.7283324009138,175.95846292425333,221.03975452079058,252.32226965390794,124.4813436367159,129.8839690764155,140.56732304272106,197.08485725832358,169.69575985481987,249.42658065274566,165.16047518404804,114.55882558149086,209.45846968269038,214.30683073268747,262.9046299412792,219.59383163704177
142.04803311368963,188.1256676109912,267.71096476682067,160.603895112833,211.4325991381104,264.9403644675091,163.85202476562247,239.4067733969074,187.91223097020634,229.01650466724624,175.35738940003338,184.77464729811794,161.70619010168642,246.50035375353312,124.65498452165731,175.00056944000505,186.0560557195293,165.7746854797499,218.13822027096958,250.1226650785598,114.64856757944564,151.611273486009,192.6532154163328,203.54760973902196,152.72045830904605,250.99283943905783,133.9203694545452,140.38826904573824,190.64969768729136,207.8912390338069,256.6975699829004,207.74387311543822
182.0834985873378,169.91681675015826,253.5736726409585,136.88546185735652,182.1092134064101,256.8660660566745,141.39990224392548,250.19947193097542,234.76272209545257,273.7862098191294,151.70623019084118,204.63155313581302,145.2971991050835,237.0041773329992,114.47840391791664,177.1613846732625,209.1020807572241,185.50342067778473,223.68432250353877,258.3351585190317,134.06372174709276,141.09095080997128,147.64710586553716,225.2115837970027,139.0904791421345,270.35950451019403,124.22209016346527,117.18516487459517,181.3569110960865,251.2901514193362,250.10257859771704,225.04648621401302
143.1884594205612,184.26496834697792,254.95038648169228,123.42896895323307,197.06167983424112,257.28006300273887,132.06462103661275,257.93146805448794,185.05415493098624,248.2226645680326,154.89885373820678,189.52533208031966,169.11009840514703,271.9272142207012,120.89421447890662,171.06572635194917,197.41941109972242,170.89993662699916,211.60509318003594,241.26834370489067,125.96999041429595,133.6817851748371,187.33569189219796,216.69947382124857,154.96627649604233,249.52319795000219,161.35516341139427,136.7146595132109,233.7613554887684,211.19712926212566,263.9899684726336,225.31031509184203
149.4791827418193,172.38193141185405,275.96978313692864,116.71865928166203,189.4367687758862,256.5789290483183,149.3469909910428,253.47855446974447,215.08578443850826,222.9487752621522,170.3928331837403,187.65392282105714,184.62190773252885,282.78671265137234,114.76561569197227,180.5657324895909,206.90426886778062,176.09474325973892,222.8817378022016,277.22761975156214,137.36030272038022,143.83791260909703,145.49178844878233,257.28508074838226,156.6686904065566,251.91360841474577,139.4801397987149,109.60153038182757,190.25774766749987,215.0408504672746,258.6701311009699,209.37807229754787
143.2820428671638,170.32494776495514,258.0058644746343,114.69330227460955,189.68835552993892,269.5456073021152,191.44372546688908,238.5192555254058,207.66245877491036,222.94541366098179,214.99881080101125,204.76300620307265,158.51101658189583,248.25919007710198,133.81473849877074,178.64776458537636,193.23249961786865,168.471696180544,223.5549311049472,239.0871914297115,119.15916239000532,140.22276356299702,137.51559807695165,245.9375706530724,162.36819428410246,267.130598300027,140.58860729929853,113.65480387274405,207.29407832600037,219.95352147089517,246.48806590795562,234.88485947896683
167.3831050097532,185.6814368409024,248.3075968169126,130.2639650625148,187.1723166987312,278.2793814130146,138.91469346929273,255.87225975137017,210.05445639420745,240.27462201274074,153.36891373864972,185.9720554601883,163.90306373984103,256.0150603383235,126.72070865642166,331.80120517736316,231.97858160212806,165.62771972522066,227.3722938438807,266.42204824778105,188.40540083787107,131.3086988671604,154.676863595895,207.27695801883024,203.0577369673184,254.6636422113497,168.33990666680359,109.35790855050735,187.1850780969543,294.5107395349312,234.96399908793398,208.6467694391096
150.08369897314492,197.95051432930913,275.35241543148106,118.33094017813296,188.94485915364774,271.0026626497892,148.01095080671297,248.6845919628895,187.1302437184557,220.0537103716016,168.35899785462823,211.1159104906527,155.76815144443435,237.3303185477261,128.36473671201549,183.14034159594766,205.0261336401006,195.06898108798444,211.09485791523616,249.97839585934994,123.5979193483331,130.3811219290498,148.87242858667628,208.1080112535368,168.34525332541938,246.67822319740242,199.7460887636476,148.3158944937181,207.31070207314556,215.04274539427058,241.4794601089407,211.44594778767905
154.50594544392828,185.41674682187465,282.26394064281783,334.92875581436766,172.8005598068561,255.36476948667467,152.53721209965067,260.8414101095907,215.5645287230829,244.8772967564645,177.97702543155367,162.38757196007975,161.81002569244322,254.55018204874372,109.32331948581965,182.15917366225963,219.44040953674718,182.5560140493345,219.62217626899786,250.85625453798815,144.4124221081563,142.19815911025637,149.47688603289546,220.83488304289457,163.89364750167076,268.56188259865996,151.764796087685,114.3595960960414,215.85504505758288,231.72446100086296,252.13443070877963,224.9240044135648
138.97942081896605,198.5186916689268,261.50653187032594,147.79565474342235,232.94165040433109,262.2667566997505,135.36508144188755,256.6855476872837,209.16580506163393,253.72395262886434,159.50710222307097,183.16670089612734,150.64380778248216,288.0623451955246,116.38136973199951,176.9332288139187,215.75285027082,181.98154629386937,234.80843693452383,246.4334511271553,121.9192530796799,121.64727095396391,143.09163703808977,221.234763113303,163.06116151241417,246.04629247065654,148.029873311605,130.06189404217648,183.08569970960193,228.14982491082804,251.19542227728562,273.3796463377966
153.47205060995333,191.83787637886377,269.7930702838316,139.2084010540346,214.81245245977118,266.705156806071,148.46312329487944,263.3966570579154,211.9630883401171,226.05247532639896,159.74328307079278,187.76507519155479,153.28635794945643,243.22572766301877,123.94134473889524,179.30656193747112,192.90297898975578,178.805388033247,223.04115438307758,263.26795041485934,108.6637947471721,166.756893545394,152.40637579268684,204.64723812552603,151.8694806114253,295.2365962024954,145.6475606232782,122.22161286095164,187.3306956085595,209.28911780876868,250.4461728762089,203.48600596333725
170.67684175827273,183.16226719438862,251.59903403053147,117.52978854571926,195.83717313239262,255.0590821303776,150.46550175307988,249.04251290717875,193.17286788646618,224.04589330548504,167.13763789553502,167.936757229206,163.16986159927518,258.9595286789705,110.1523153904192,181.91188506042621,192.48619739280193,174.12926623687565,231.02567117650298,250.30369461256223,120.91654492094067,166.86086141844032,179.8242065908655,203.64017875981702,138.17706254112562,250.96966264694902,145.24649230466918,116.89393102837572,187.0693726715757,215.46891733863208,238.42780509569357,213.16130374161767
177.6953342400792,167.45166674341013,255.81121143983387,148.28795117655756,173.20445088638942,274.724288711107,177.75253006756088,270.4503063561964,189.25276649599004,230.9167962169075,158.93053075021925,168.9069309180751,168.15697606561992,237.10192396323035,116.20060883902677,178.7401038484097,209.55950716263865,159.1521860960672,208.5493131488814,251.97397264198224,143.32279952795687,134.3176979551966,148.6478826785601,206.80629384443333,145.70843896736,301.5575309853323,158.4993845942975,119.19685736012899,175.0127306025486,211.85273389143265,248.9392379489315,224.60544428876088
149.41291791201988,164.38090714737507,258.5514276351653,135.38897009697217,172.94622613688082,261.51373929821733,136.54203034677784,287.67098361362554,210.40838890870228,248.2881888578554,158.67152569752687,174.9737207082011,165.38982661066166,274.51589191403275,117.6356332742596,174.18366273480848,193.4772142074352,194.11277778200827,207.72379852647325,262.3468727397807,114.05153299823361,125.6481024091319,143.65064382714698,207.6667389966416,149.2056031322368,277.2780939451608,160.661874543142,130.62485782873895,183.13208803134123,220.96730001491363,234.80191548768352,243.6903045001945
164.26995512596358,167.30319992259427,277.77148430289816,117.48111662862027,189.58845518606222,262.1869576129433,133.8618626823649,241.8045487174441,198.57459958972615,228.43057623449113,174.53445441013702,189.67153027530725,169.89814068332538,239.85134923987528,116.7443378926689,176.75473348061848,211.59419356027377,158.04452918195096,209.64906233625038,250.44092343532648,125.46507906840786,133.06268756384773,145.99171515253676,217.23135864837897,141.8159173436629,249.07807223937616,130.14376074513703,116.30626687686639,194.59848964770384,225.07187601553335,238.0199794228359,206.49958733695254
179.21209622293927,170.57156776131333,256.4629393020763,189.8106856868556,201.54158904673798,412.65252485575803,132.46467429127443,264.8534307680878,203.61042449745574,227.39275677960276,162.43518618121536,165.34436834752827,158.68297083112122,252.0479605176186,108.5713789539762,213.9837725241411,234.66822962720755,194.96841583543312,233.40082578513926,391.4904962807734,150.5704551670089,120.26284810885586,142.90271896510006,201.5742881139943,155.0860265392734,254.3733234037331,132.4806926660396,109.54515520152209,203.72530787133286,226.00823404852213,253.98865369533306,230.44820802757874
137.4554854495203,164.87478772219455,260.6792099261353,142.07057639752756,190.85417508718672,273.78777180000964,130.14133743402755,260.48023557666636,188.01192737542476,220.96007499950073,158.9426949295947,165.22834478359965,178.03651973480035,267.67916515252426,142.61095080141666,170.03642110767325,205.2315612986824,167.72829127671838,206.30541479445745,399.336393073155,116.10627194019715,142.53513940838064,137.819938197764,221.84933708071415,140.09712836294642,284.7036250466835,135.15863474931638,117.98621173312895,181.29102493821233,228.59980856770036,240.90015836188593,221.84942103187544
157.11031925623533,189.52845897066211,279.9839450220875,124.36618290245528,174.46921883480945,253.0554757448233,145.8609987744387,248.19549119294402,195.66363390996509,268.9744109010477,156.53339892561306,168.09754290603712,149.26960523462665,254.80011008169964,120.99448828705368,176.29289311786533,237.5218091800456,185.02458424404975,210.49872430654267,256.8110688498915,142.09981075104668,146.1862703325716,145.03656889156832,238.98935206060122,145.00009906741715,275.66598557036446,131.56046147288194,125.69515771912009,176.7245820666281,217.24953868463422,243.500051795914,229.34889560394555
152.65153142627304,166.17177403763276,257.8426267954575,116.2286894172031,198.03204523852025,267.4335700163913,148.16722419234742,257.7835769857864,202.82590438985875,257.5998958345666,166.2090361664206,167.72607100181636,186.81728839495662,280.03499279079705,123.72799052763617,188.48741247293205,192.4265768761544,171.54944147659896,207.2284771343709,250.00154829972817,116.95350155215321,147.88603654869266,138.54027383487005,229.96349948970078,171.5979355186253,279.61374282648353,139.0112207631184,118.64485182742419,178.43452979409815,222.7042922959809,243.84844946744042,208.4134468107873
135.22287338233286,185.28283028413597,264.1284449109563,183.03029191786305,172.81443278394673,265.93737339378833,284.4360156730178,258.002520594941,218.7558614898742,228.38603781213584,166.63525902433918,172.78596535380944,213.5981393231234,236.45064385563583,120.17224156886385,183.84632876148308,204.34083074433767,160.195995424296,242.3059853802284,257.3247032574115,159.1258412977803,146.1543729993444,155.83003531159915,223.66281114385276,159.34478796646502,253.91547824756498,132.65468331734115,147.01022790040594,182.6920412461686,215.2076733229794,258.86982094098124,242.17243258101004
167.68555356429243,201.9757517823025,261.8864035533997,144.34118208007848,194.5083931018793,257.11932815650334,151.21680215288114,242.05366670333132,192.1830596614708,241.96465630422333,159.82753645353887,173.835327153942,175.68590632420825,252.04632709888176,139.78073290468132,176.24831253335094,213.2128880081137,164.15207728322096,219.15443141815595,246.3879389411297,119.90840802549913,131.50388074693106,140.6909148033723,208.8600054639271,158.24119397547196,253.7760522933451,130.885669893806,126.07494213079414,259.52370383873875,232.13378597238233,241.8163706547062,225.4285518664659
135.6429602845935,174.22722494281547,255.3661023140727,135.49940435283418,194.66471433691325,258.4745527102267,147.5814131703599,237.43883068377838,190.59482186499605,250.00860613140742,166.17156386594283,180.18569890727574,165.5726891419123,247.05220187107517,165.75167754784619,197.57733272697487,197.51982895384936,160.53828079698846,218.80456197325069,285.2520791253912,127.50572236155108,157.7683253602464,164.40848756223636,204.811742313055,155.570344031115,262.4709148532288,164.18100715038332,114.9236811513921,172.36671352041975,222.8639468126973,246.39290737142747,210.9414907155668
171.58655809437568,185.3427763197322,276.56471404653473,115.80216403255541,188.0716496644488,409.31174375728165,151.1559757082431,246.14608284785564,191.59234988975894,260.8439797438422,160.8311654642406,219.0035933689043,152.04951322661313,245.1830860929023,113.32113384018078,188.01832916860667,204.84763506898273,163.1507901732478,214.81724004833512,280.1790855561431,112.38679209837582,146.5872461540469,145.43970401261225,216.30874149912904,157.37691247724,261.80690171840547,151.93969636384085,135.16667937014947,180.33579561752896,230.5549060550018,274.24640325185857,226.03616438101724
167.2690870203304,224.49628780593815,263.8982253351729,123.18583820300614,179.71611224817062,401.9094962037796,135.5728886306139,283.0620529366458,188.00492123852698,237.46715198708017,161.18969823023335,180.1036492632848,163.24717364358528,240.97272611219637,137.68529405542455,178.36877832369737,209.19746980793337,164.49680075950215,223.81842399330185,242.26589730270294,109.24398531308897,163.21315478104356,184.4139385571686,209.6657442423963,158.54254598133718,259.1213899888927,154.6058224319428,111.551820489898,191.04291023338226,223.35073169692217,264.1482094251159,221.82361829207036
163.95923388385467,186.6134606907135,251.70952688306792,137.09863082439682,179.93075122303122,275.58512765254727,153.24534554745856,289.0165930052782,189.4805441573345,262.5254474161532,159.02441276709374,171.0309282387708,160.666068472344,244.4133298201912,138.07099050499033,185.56358542554392,198.87436944669142,165.84558756573642,285.2497403470842,254.15967270146774,142.10537205836317,130.20712572430241,140.9952762414927,210.8278806152843,147.56059196875233,284.20034304669673,200.58068547894175,112.09370750170287,353.7264227953141,213.2776805731825,246.39967958699845,207.92159752188587
142.34832759018926,192.3041190102176,305.9826927096515,150.72583945519352,180.8956434853871,253.6377048969511,139.30140746883959,259.0332725063798,199.74304995916526,241.8161249337373,367.0552775392394,174.51439354049683,164.6662884368231,246.7130087084439,130.38746248987368,187.67203955745225,194.03930770173173,165.6343975448708,227.5205639978158,246.8677216470075,128.22295411104338,145.0587341604469,171.45564785951416,202.46642357963506,149.7407140763446,256.8557246746711,140.88658849826135,169.89494579639268,204.04799690121916,229.07508693708388,233.42736604328113,245.96822707576518
134.28271074436765,180.1161159241926,270.52817042951483,125.6325963069329,199.79070226145126,283.00252557060725,194.18801969063375,254.17401869542857,219.94982142339197,241.8086134026897,163.98847150230023,182.89561492175324,167.44818173878136,242.32243085684857,128.55404219394813,185.40068029703582,186.61356266452879,167.12513910117636,224.14866007173342,253.50240577527063,143.7089142914789,137.71471686976872,149.88654372875172,211.3176469265895,140.73773810824133,252.5998590597819,134.8837898208965,151.77313540977593,206.00307833517468,220.66479161493993,234.1191602144136,209.94386799085083
144.348940447289,179.47857679337778,263.53343321450495,116.90601655225095,187.74729374307915,411.74588368658425,175.68866533467533,252.31027729915127,187.83981627907772,222.09269364701188,152.7280669853858,204.48577520613483,168.90797914978043,257.843987269044,116.97477819984358,193.26475475893224,200.28374287385708,163.35708793173237,208.96277882743456,240.21374311159474,121.7400458708522,124.07040932223457,148.88377080975306,207.66837236922083,154.89092207415695,256.4851841826498,141.73121687595224,109.52095146919214,206.83790965507464,208.4891565475407,244.28777268693597,235.56983975074206
169.45665288183787,192.18372359996323,258.0189491288046,132.0231325683921,208.49323917203378,267.78318541435124,147.53530739158404,242.4942421376549,189.83778721821236,224.80041835884086,167.65860323086383,179.76979678394304,167.39755152752912,267.84454528582916,118.90743346254489,169.49545412622675,201.9468734948767,165.05791308156913,220.3815819705102,246.6718098777145,135.47559333952043,139.09984454391252,140.24622626960456,204.20594791624137,171.2594531007569,269.06984842433724,139.47630198457495,127.87170487935386,181.41666403932646,216.41039711178416,236.06496390197125,222.1678196746305
163.2620056942472,175.9373842813702,264.1740763925651,122.12556776168292,204.59696188259636,282.6431365576614,163.3978524310578,244.78814365457774,220.45428441870374,272.0011413752974,159.88966761136203,178.18646221893502,162.32793492429016,252.8749069952256,158.89817981306007,175.53029269337782,219.56834896827945,202.0801075254579,253.9809412681686,272.93535642293244,107.0532730217317,146.33550932433084,149.18895099103406,209.3657672047105,162.02067184296396,292.5038629359595,142.00454571330687,108.35659257154776,175.05018759436436,209.13201950920688,243.4357800947667,219.99268561357172
173.47572518262166,172.697585813938,252.63968498430316,128.7534824030026,185.61486078112608,257.6127172543425,151.5420626315871,256.6601839382944,220.9976898485209,232.3957008162514,176.55703268665084,173.06008877189566,149.64630214978757,237.0775989621776,116.47177577279176,273.65691070722687,207.0026360955872,170.39237769940547,231.6447544632612,253.13886351054757,121.16829123999571,190.331929170285,165.684027744174,215.55789265901515,165.79550325319963,261.35765484472654,135.86772192012074,116.83822445029905,177.83298224912207,217.15567040158234,245.3031462228163,220.0508465003762
153.0767439706765,164.79509634922155,262.06820607043727,121.66152780158905,186.04968663187756,257.72068030479534,151.53696668415316,248.6384456914271,234.7033345234737,225.20081815663295,178.0693863162424,168.98814246943118,198.09160679822628,251.51089050947172,286.7256195539745,182.06397595494653,229.48600042691086,210.9013373082708,221.38073212247045,268.67994081980953,114.00092594711441,129.30594837685805,152.18098288190373,197.5228157425651,165.54534439006997,263.3155840216308,139.40227706990942,108.06849988673582,194.13014206345838,208.61836447833468,235.11648416643857,221.20365455478176
136.28190084353946,178.6305955892362,253.43406902504034,127.95296558092258,196.05230935179753,275.8610732851045,147.15354964441684,261.5562434883086,194.54708391575045,261.43915030974784,162.94903462089403,200.52769725487659,168.3663672844304,392.4213940992306,117.63641539647372,217.0626207734443,220.08823394535412,184.68610433184327,236.35269613542118,253.20783467498015,125.54567078448834,141.85304945477114,149.50231476026516,199.7737766593862,165.61831980887786,246.61482680580653,139.64506407836626,131.78426739895292,203.61812917717862,213.54251558878818,246.39870094421389,213.77168465125322
150.79654794800516,176.271980698811,253.77756200300496,128.4437852808601,219.2159286857588,262.0930878114141,141.2292797935527,243.94354564189806,200.94510228176307,249.55304288146664,158.19666059067058,197.93664428928415,161.67290574564856,242.08320214595724,111.96111028516195,189.04511289235202,213.49465073026784,186.3446295529007,241.15475353611396,268.476881126287,118.44062920181868,128.83384321488433,151.96224061119258,219.1901459026808,148.6873156914494,256.6147361415514,141.96807297413525,116.82973145555182,219.77109712091965,205.06574619287943,238.62355105007504,205.0928088056185
142.91743162195803,211.55297358213525,261.25605147587726,179.96316245198068,203.97976271469227,269.2909572714644,146.203576851082,267.1678644599631,202.59008860910373,232.71027169053576,163.5627052231305,194.06385159546028,168.12629319498345,238.07951233833222,109.78791734761198,322.11738820993605,193.73825772595887,168.7840856221059,214.60235445037324,252.98791976512163,131.32368562027614,137.97049743663803,142.13375907928784,212.63521703913955,156.58636603696874,269.484950407445,155.0293405056999,112.0597478119862,177.2742207298951,224.47948586249316,254.97302579278806,223.3758910471342
144.37537463821843,167.61982719377937,269.44547953376326,129.60302128406747,175.0449526872361,273.6926685862612,151.56233114924348,264.19639540158613,226.91573086360822,231.50282854024573,174.43854854468302,174.04155558352574,172.33382919710104,271.92628780309155,122.76946336254481,213.5316895268883,211.3824233135341,159.3530155420685,243.50156796921578,268.0417857483576,125.55927294167492,126.14021610117933,149.96855532675352,220.69956303467814,146.06815049493238,270.7829025242144,139.61504919279184,116.38398586993824,185.3807846353289,217.39655381337232,238.66092166599748,206.81905956479162
152.36394447638415,169.6609875434317,285.7809264732511,127.0815981755387,180.14120867114576,273.0675437023801,161.32622744379373,263.2497887108459,191.1667920690979,241.74928590459598,160.82370728816787,172.92926710547727,168.4856651517154,268.9205929146524,153.63694808943893,175.0747344128645,201.23793568971408,158.5330755457527,217.7554846925162,305.6376268059694,140.41325740731742,130.61181520411677,184.32057350393285,220.35003111331758,154.42455753832888,260.76189733988673,142.9861258432553,113.71273600696402,201.02393912110296,236.464092745883,252.60104461741452,226.432488249002
216.26068355243007,173.8693918153383,262.05246066022875,126.55899623531624,219.1715896727744,255.73746547032277,140.87852456416437,289.0319360664079,187.72122164679382,231.20760034864196,151.3276041514122,190.04613663119048,151.09938262904177,242.32018765162942,271.85805115476046,182.02720458996686,198.01657987548472,182.6431885584936,239.81825528243823,246.76782501689726,117.8265469283127,148.40541971846744,151.62637825763443,202.74350831847374,145.5335493934007,254.25054671645356,162.1468926792074,125.66880131953538,191.05417704722726,224.6205508105573,267.02606455402935,214.26350683952916
145.86645600053598,173.55060045583784,277.7005522598509,147.9807222009597,178.170535306604,293.93087673854825,142.0137950307725,250.36952383425256,202.88394627840557,225.4115146157614,182.8122621525718,180.27012573887026,164.63343794588513,250.35748551347956,123.26727869997639,219.88113623555307,211.12967137143443,195.98772055902873,230.04774562270083,286.56382388440477,120.53276043757049,135.7807718388373,141.22374779402784,211.84811610553749,184.81398458786913,259.0703446178743,277.2985944862438,128.30686546020948,185.56529318494478,218.69932861610826,260.23138732660084,244.6953863632308
142.70927707966587,184.69701193377207,248.9563998880538,145.08689065270548,192.0553020875294,256.817220143312,147.8262478774362,246.3325766992131,193.99242591610002,266.82141460476856,148.92861264471802,174.33872918920198,172.87277313965785,245.37275293837848,126.07316439551163,193.77062440466995,192.944866260261,167.28611593574908,250.86972967617083,240.3801753760554,108.73557548093962,147.12841421710644,145.2205254958943,237.24455487113622,144.59999502632013,261.38347618453673,135.21495701658537,112.5088414383589,204.0768225728086,260.7559260975842,254.360333694577,228.68248405736978
147.58474450166545,187.3243862557818,260.4132018024643,124.84444741835776,187.36088952365347,280.81436529744576,140.39892531232405,281.6795614971519,196.32664100171786,251.26444646718804,154.74465098914374,193.14350342801552,174.94943104729046,246.25611094369526,129.1318307230093,195.43504078942948,216.4605139811384,188.4947267199836,211.23289847199044,258.72107711239954,115.76905816284031,129.47439456216807,148.6207312057124,285.73733277965937,137.55689291123355,253.96496497805018,151.02786011378862,120.99745460985908,222.0573835565711,240.24737883812983,244.59922074046568,207.53555284381076
158.50202468329195,173.34925952785116,265.05194068152565,136.68376555808152,175.46340287791386,255.84179317395083,145.49237917823777,240.4052810113597,189.07013230365598,243.7237873690252,151.37463965558874,169.06060720159547,157.32751322316898,258.37315854766763,116.72334219657317,196.40861230463912,195.3919853860354,179.98189716758222,217.62824030118023,242.9229958592755,113.15537726281853,150.03990588507625,174.52466337169503,208.79744802890448,144.49655449714422,261.9791532777086,150.69083403583474,129.98016659792597,188.52368043757318,212.35809078263705,239.59517496088142,232.5674422553054
160.75898840702664,196.03346525273335,266.8675223840374,132.6351872225362,191.95295201327218,298.77818639892246,147.0308881443031,242.15701780661234,187.68330580431015,231.78863844342754,159.1626215045162,199.61836566605143,158.42243586883833,238.9626521330967,111.33509210707089,186.44476852136918,196.83784376840663,180.10280250703678,240.66316019248387,267.18665716828656,111.67231255028405,133.27923782064207,155.4645512105248,222.21803789581338,155.7430670012952,259.76600017083433,133.89647430260584,119.04923903207369,187.94570449951965,222.89273492939716,256.11610197150844,375.4105807361632
145.22925212461416,216.5879201798096,263.78633401762727,118.86980094353551,204.3042551177947,286.69795987238473,154.08811433432393,269.1274376884064,189.97476305867272,256.5558827042837,174.15086411050893,166.92459247368163,153.0543406604029,250.7633584249076,123.49746695261061,195.4828906690144,190.5168119725425,170.16586945602447,374.29206622618574,246.026821069131,149.71795860741514,138.52484404670727,181.58067042746924,213.36972056324905,182.69921614327677,267.2950337423651,124.49016116383216,136.38303639838455,206.54147838268838,205.93393317960343,233.65624608901396,213.87693215079904
147.50201348034295,240.22513767299944,268.2482601544272,143.46885955856962,192.969881888922,251.78618239857718,159.73308598895363,245.49965635479896,211.73117994540343,238.6488061306144,160.94442970753914,208.74072859861684,150.37592254308797,254.08886620941678,116.76153817718516,182.76264466824867,210.05086365548527,167.40298422466256,211.55857557758617,252.54435016541487,120.1053990891086,129.04980442432233,153.81321624001782,202.8121250927622,144.41801515429444,280.9260121871498,168.8222767409928,111.72502657575873,176.50082591153705,227.2712753937803,244.77318225259592,217.88748507249022
154.22731498933985,171.38093193414696,247.8241470454979,170.20596241395648,183.7432874589426,268.084984241597,153.67985991287262,256.3897109671373,199.54989671498498,224.6882923985446,150.2205976148336,205.95259965788745,160.08024074905998,241.5988887804662,125.01082614895364,174.4049759104966,194.39941380877622,170.3957953438083,245.49255607433616,260.16557058002303,116.71833940872136,129.84110820708545,153.7249414215946,226.85821954642338,142.64130839095225,249.52114942420587,150.06435101399984,111.26911959952271,180.1011899122336,234.14241664748428,256.69373099620475,228.22712495995646
161.09374649004315,184.96348641179236,271.12231517622763,128.55207961384974,204.11927908336565,257.24526844804143,141.10002249422644,248.58238197578453,208.38902565713062,235.34231543866713,192.17356105761235,192.16850885905103,159.2653768848524,250.2791941549798,120.87346273950351,172.44233426592407,195.0101390927586,188.56379053327805,221.76596954969665,260.2724127157903,133.78683778748137,145.52112548672255,149.57275825899453,243.07528402996468,158.52616537622603,255.96520445802017,133.38417427424406,129.08944538485866,188.45881429779863,216.75014831189904,260.79910635527494,250.92866966551526
142.48040421614024,172.4738111099887,279.06040918589673,117.95414236856512,174.111915420842,255.24689476165685,152.2666867256672,248.02881694803548,203.5971426953375,236.445500499939,161.1437456794733,193.76050890436636,155.43552169923737,266.8728525553355,148.2070623259843,186.34891053089646,226.73371416347106,181.11050755112907,258.5168842614333,251.24934785901095,130.01290700221344,122.75923613786927,172.85986679514946,215.98005559131548,153.22787277277615,258.7681034797629,130.28110665092433,132.23639090664525,198.62909136925495,205.6325896881151,252.06082626383633,234.28415167608952
139.68825174934562,178.8557294883887,252.093860200811,132.9709713969314,228.9801257019402,262.69929585859956,162.42193061851074,259.58156692335774,194.83294879518544,233.67604306125324,162.1278072967483,167.39363157601048,160.3481371159041,240.18213851155903,138.1408047848882,184.8659984968593,200.12637136373007,181.8681778650931,248.18745893195617,243.6535376011581,120.90461184759963,131.9999758704668,171.77874624793102,228.09956877448252,209.57015833330684,282.01188569065516,143.96372285903138,136.5121653192537,184.9583738043513,211.67249916174734,250.4702139767338,216.0221273061052
147.7531990423306,196.13257598709058,255.71529274813867,155.92735060058382,195.0513576205662,298.5536651132511,160.93028526143544,251.7335708582203,203.12502462066058,226.87325333496779,169.5169715286374,168.5736351795075,162.71876187693948,244.92169726901264,110.2299583622842,188.81814369947747,189.98724030917694,189.73338494898454,209.72400318639677,255.06312596047314,119.73863140430822,144.679475557636,164.59874461422635,246.9626532307663,143.1166111886631,252.39871321933958,129.09852428142534,128.86594752662262,198.16811412356674,222.6678049169564,261.4010842482762,209.23844413697609
137.9728965209394,180.62357936480933,251.83834798694804,127.79322315995928,183.10035637510526,257.12673496692315,166.84267170440793,245.28119482029803,196.19546276630086,257.05580554688123,172.5322671105025,200.83218493186456,156.65093279445037,249.4853254754136,123.05821264894138,174.07759857093745,194.27182250829657,159.71291835597606,271.5205611107427,252.11806592702405,110.92422721743405,124.43917168118247,152.21120515585937,234.64960672473788,143.18914882754632,261.59938187854056,140.06675980265328,121.51884866641228,182.83602506306693,219.03855326486885,247.35961396090704,214.71846226993222
146.24129883592602,168.9977270741142,267.86923124830673,133.55392917244114,194.64662178361743,282.36202662041154,137.24601713154925,267.63759223862166,194.60410972762043,230.20101350459706,155.98761818190894,210.84188765583917,176.72365348319465,246.40587927745193,113.2659914475573,170.6466500293955,194.86936169282419,174.66823450828608,209.4033403123524,256.4663288723896,133.39554775840014,170.2888314273615,155.81329596869406,210.45060324797413,147.54430831195992,247.33433396395998,149.79215691578298,136.9202923166485,173.78836378040756,222.30529746083675,244.5709146196987,207.0881878900218
165.82190890675133,228.46743013798428,311.5676573280374,162.04609170913605,159.9791360444442,234.8624119922167,134.78073663019828,277.1142222195249,251.8186421030993,240.20411686896233,127.30982178143543,150.45888490406026,163.34121147466348,279.28538915829483,179.58495748971285,219.39618517818624,193.22677815206214,139.36495091662988,209.9351768538781,293.1912351241456,173.61914343247696,167.93525481235804,193.46765680517888,184.00457192752984,99.53024080968449,249.1490120805767,168.1853896612103,174.79989998032718,209.05766552892035,327.57054376407257,212.12993292459294,184.41759600293523
150.88790243288264,233.71775179524465,302.2963182916469,149.4373926225001,143.29621581311352,216.53363628008572,133.0707636808069,287.6140433177114,256.8692034213812,247.72639133290878,143.63500219914005,137.33604845440036,171.5860480198306,264.5999371852832,172.6307720436219,217.90382823106066,196.7549835074944,121.87891582316607,169.28986563910914,272.41910778022566,169.7296604550139,175.67368217884967,149.31499577178803,163.42007642631899,129.41397145829598,250.7535415337831,165.2594359552673,176.3102452352482,200.98481333108884,171.1791935341845,199.0695636587185,186.7596449941641
148.22750020500087,217.32091739487797,310.9864805162246,124.29363326912335,140.22412371252642,204.77280793284913,136.6109453194578,280.51017846049194,237.80616036616195,244.11766229296524,129.56187821974515,122.64762946462155,125.92863024136554,257.74755612732713,163.9328973345481,270.6254133655538,188.89009694869588,118.43817424828433,216.8133878087417,255.88128491176073,164.75684064123033,162.2005350397659,177.23744317480845,162.47288560058578,91.6010226708588,275.8453024811288,182.89588654787238,319.2561414627475,197.00239904955464,174.2930830882003,192.1616786540319,193.26489513735476
158.23408765603034,210.35436484506428,306.0813439212927,143.39961213353965,164.15691251216555,229.3113278021982,136.53319975858744,315.4399423449315,244.8287486442454,244.08919377622843,127.75997299569157,133.62994351649658,168.67855617281828,307.61599985603937,163.71082623987996,206.32342015241323,193.07010671048982,121.34895996358124,184.49093540001164,268.80005739991304,150.76140537025728,177.69695408541705,171.2488737119394,157.83249787558782,99.60959741779801,249.16070015676388,222.21126075715586,160.11853709974565,205.74281906498481,186.2269037323199,198.02365931287156,233.16105332929237
144.8964469561011,238.85003353712932,318.4447304296525,305.9024433991925,145.4830706451053,208.70983638124648,166.0617820423151,311.2243245785122,283.08403653116346,272.54557699357184,126.20771681398816,128.74349056683207,125.4112081550176,274.1122538016562,205.3177097015679,213.25798327296286,210.62764307190605,115.57339133506673,175.00742281336815,262.4924414746359,193.0034815986781,187.49710713388384,148.45851255839332,159.2106271229992,110.5166785546638,249.71328995003637,202.38076973963,175.50822722390393,191.0929809515392,187.54777373406503,192.53039374571364,197.23679547210077
164.6129884237661,215.0622604802583,301.69395839202474,137.72346062785283,138.2218123529064,204.28827485457467,118.97061311525968,428.84348153759043,274.4563081831459,245.19609241710933,133.97413896622623,113.05219450364885,292.9567486300731,280.43840297707544,171.44580773779407,213.34447472461576,177.83736097179576,119.87871848062247,180.16396423265874,288.4922909434628,155.11635995875733,188.41653241970437,159.03744749870538,196.38233387277123,94.96445639496092,251.30007236764575,197.14952660766656,157.6470694914613,220.24170167059856,207.27059858128047,193.97258225404636,211.22915848767434
138.52319001457997,220.9835181835292,456.4916345370281,129.5966425746986,169.742765831279,237.20211079331406,124.12269082122604,277.19038856137104,234.61802504898083,254.98199026830497,125.94975208131063,133.2655840414956,128.34243916967216,276.1392546829804,174.28605414154643,231.9732992109282,200.0812601976701,154.21886581336756,201.74858980182702,268.7548275601595,164.47695973887562,164.32494437596347,141.006974601472,197.25977258657161,115.54307119018655,250.630889701029,171.7546332967308,174.9020701840372,191.63847622034132,177.31551791137085,188.16693920725726,207.3448445100866
159.05178005527762,214.67318073244692,311.8759211081694,271.6503586421816,145.21647515117772,209.80956930057408,137.5582032904252,271.17566814404364,260.49114266283493,253.38530555268596,121.46908919835654,116.93839971760728,159.48495772137824,265.342316665794,163.4346460361997,213.24623769972038,199.82953249707174,113.4174426217892,192.79302115078573,263.0593468970294,164.16772182563645,180.5795954907699,140.13077890243753,179.751302331797,104.61411436286029,270.85122786379947,179.58235364048483,193.9188832886031,218.25508244445183,217.41470153589802,208.01780146179482,195.1644251042251
165.90642701670424,208.23669930218645,308.2661835016554,147.49852087448085,139.3755721343553,210.8619086082369,131.3973162503696,297.38423630309273,253.9928714131876,247.14420753654016,135.86801461656415,156.01287181983565,129.2525618812732,260.43229356740596,175.7421906544171,205.1746373854457,178.44895942135787,126.42511813958846,184.6091763359006,264.6130411995528,154.65966755282574,185.22489757338684,144.19601691586257,176.39631541535272,103.5985434312404,268.2478867186459,168.4549258434903,170.69236310916074,224.83669174812584,176.58857778603772,200.62685331292522,194.78358344491235
145.53568991589566,227.08689181978815,315.69562347867213,134.68983123917474,157.87659545687688,215.71835585878893,136.35753501533227,274.57998752282066,239.75585653416564,263.72501908382947,122.4449388767512,142.508872964667,146.63900682351306,270.481030400392,168.16224577503488,224.02159228760115,333.1019786579385,118.52823544310537,181.82969498710546,264.6849858319666,158.16397207842954,187.0778654578568,152.26985067540343,164.94888571080173,129.08316949288815,255.98051694078958,197.42723146751703,178.570994831403,197.9926778797035,195.86950436747298,207.56758308307025,193.5647114445511
199.4685059193596,211.24222448115296,307.43043671586946,125.01478400216632,287.5155037061715,240.08657078368213,120.14988120232785,292.8332051098527,242.842212024352,272.5398938753999,128.9230143097649,130.02066039040443,131.51890389560185,257.4002735406264,183.06664882644785,215.16531313648107,200.45602630410008,142.4857071697608,174.83899786327027,273.59296843981275,171.91265584317037,170.23628471345378,143.26503883909737,207.77316668632972,91.84656534943007,242.93794963638658,196.44523155321895,174.52100058754428,224.0023393782988,182.1175522980439,203.2520375794902,191.75975509852725
148.46904491356727,221.44944851654495,312.0680159288325,128.56603101902436,151.4541489311499,229.2186140327448,136.82620060406356,273.9145581325185,240.51598899079818,270.39680745573145,143.6180001656931,125.26086672414728,148.18357485822938,270.6654108747317,172.83202918267673,217.0846573770097,184.4254525354021,117.06343915932234,180.32824554033763,285.1639181814889,323.83704072673936,193.27324431354873,136.8450920453885,184.1667634798897,108.97625655810302,280.2850112025952,224.02448753319442,169.95363866801287,199.67909298281077,178.3531181352578,222.9542388079435,185.27972759597017
136.39059668695361,219.56966655960977,308.2084217644492,161.3135833823096,197.95125789252862,233.37196429160426,134.25465261961295,309.00864467502055,271.6316092861403,265.19343113526793,137.57742010385908,132.49517136327177,171.13572711715187,268.586869247817,170.34666836723054,208.42135101209658,180.17180893207342,151.9189172664863,185.334925656182,252.87918285899738,155.47824649375846,171.3538399573721,142.34597534986102,197.48804663178402,111.06730842859155,254.41229550718177,167.41384548485627,203.0818047546981,195.48650235150456,173.61336949302336,227.04851800645872,209.0616408154374
141.0691094006521,229.9592129380392,345.03548923501666,131.84323510906032,139.92811886838436,210.66152141555048,280.5259144871484,277.554100236824,250.9536146673361,256.7287625256756,132.54255328559225,124.2108745765934,125.77146882046402,280.15755926478533,175.50636769376686,203.78499200592913,179.92103494944774,126.14437325287042,172.07029358728826,279.34277441955425,168.8535093739199,187.17649975785304,152.44526839237471,165.0279705380683,175.5511658762687,261.52614007583446,164.67294691609834,161.47510133684426,202.26821417280138,187.65002042552774,183.84256446140094,216.21413745536222
142.1231181356515,237.72082703010557,309.6586719268237,167.15774253337105,176.84657020907164,212.39580445725858,142.44537273246362,332.5602944652878,248.8897496177026,260.5121431255947,140.75833991485734,119.17646477361176,132.029017606868,274.452706524299,185.7806270812748,251.80739420933782,175.88373590740076,127.42280892404571,175.98189060228154,257.5916463367064,176.25170171749545,164.13123751276783,150.84748276977263,163.30170773251228,119.47805032355689,254.21200538522388,177.50084570977882,177.94452403194575,218.88095981616166,208.65790775753567,192.21889705561543,226.63900315515195
185.08503935623844,207.65668148017394,316.8516545671066,133.88833867982774,155.12546982963195,226.51773265403625,124.3103584805873,286.179571115725,261.4010967571058,244.5317333712671,124.94205981745058,121.75617007571114,125.71487425429086,272.124410219802,169.2557671324933,230.1476842908349,184.9117399131337,117.47235014689701,168.98905718992322,267.94708373544324,188.65271723653393,183.96663247488146,155.84750560712885,165.47886236234586,102.21792048184652,249.610139217369,172.66512525831274,189.33611273174358,203.1350551647431,186.0204373896246,224.51894485768827,220.73484702107575
154.28796444425643,212.43985596600848,319.36505816211223,141.25647515306832,164.9850697770907,229.07478324051462,128.71533371025632,280.13871023863334,257.70815009251464,255.25157053991828,125.61119927811899,129.4263025850513,134.7242696588716,293.26103186554224,173.55377323418165,210.30470526543695,186.27959842906472,131.8578060371936,180.27538355276138,276.6943448403706,180.99194234751434,169.40678734254544,153.04089916957997,188.96595126113937,114.24189171508286,269.7506699645321,180.5828827206828,166.1979454313775,185.1016311167677,178.82652501634146,185.088582351823,210.4967053183581
165.5523653872738,265.05179794534166,295.5717294751923,146.53148634315647,158.37635515118694,228.1528215022848,144.77607635667005,284.4749878449171,277.8794780366377,249.115879406151,125.00262786574068,113.40466065147716,134.5647391859223,283.5761004058636,174.46687018981302,221.2600346939198,192.79473586399163,122.35333979600505,200.87313027877454,253.05142466361394,193.55338078006758,199.41899575079856,159.07142187512184,164.06097112343596,94.2386503153335,243.11899620842155,178.11972237638025,164.5258071967784,205.1047515453522,177.13125157867287,194.5711501352595,199.05112110723584
152.40278207785508,215.130676306615,298.0035372906354,132.01732000114194,141.05060276026646,244.25792620622053,193.21666221134382,294.80398593745304,284.25744981222124,259.02812003297083,127.26947124589638,127.5683659856082,121.5112130024808,262.98403888571136,183.33422857698895,229.8853421689423,206.50846442204522,195.2449333967067,183.31168452047098,266.8032831704258,174.58422876554334,178.33162316518437,167.90815150949658,163.04039484833896,96.66961525577825,267.74170866558234,178.99527902568025,186.17648339329037,227.33693307503256,188.833079592607,193.62762127455287,207.13346406843766
137.24433811292712,228.78986700880063,304.866533136399,162.66621920417126,188.69382843267215,243.58277206345332,116.62176972787482,283.1450200749683,260.0491969423802,258.59915508192967,138.46927204960414,131.0397116072639,120.27920050342786,267.9203801700685,176.0705666442633,228.46672846094484,189.89975565747875,116.06804298772873,176.6595829908584,268.79813411849256,162.17147142398278,211.4247078378756,164.29571202100186,200.21776250872966,122.822790226601,247.13431772095905,175.8510620046597,159.93808098448977,204.02398460057304,182.29261972579044,342.31639062251674,205.11459958493992
134.41553981053133,254.0493866550194,299.97189840479524,140.36187114762114,145.26757009715342,243.13508417103688,123.8320905132322,288.53017924640847,240.67064450728134,243.03703045350176,132.9726136149517,130.81168366789092,147.51813012592953,309.63544997723415,172.82568326406277,216.12011039556884,186.60142152666708,123.30410491580265,195.29199969009574,266.3099426999218,154.5440322398812,186.69237830212856,144.79134007379827,176.038046833364,129.22216860856378,268.163748604365,166.0701289410461,157.63294858211526,198.40995069330302,227.43030973794853,202.11118135655596,190.63456009792296
151.17414637540492,233.4050763421847,323.6666077990718,135.96396543987794,143.71083779977786,250.33756949220498,215.58223446498792,278.7518169578676,263.2930098387485,250.23624239912468,124.87240753244689,120.15390786526899,160.68957420502383,270.2254296312222,194.5002858706919,381.8983503150836,194.11401166978777,127.60200505478447,190.9527983965554,254.25069757133946,165.38517748619253,167.71612634747152,161.91300332490775,165.0795471450879,98.86363815270987,244.5100746757938,198.38053459909452,165.20198277342408,191.54974347707417,194.53572910628148,210.30179137602894,188.7636677867396
149.60794245107752,221.4759140560985,345.758405507803,126.53438104441524,139.9840140257438,209.6432506090382,155.39420369954462,281.0526460020434,266.1149616115059,256.5811378908511,153.69319677989913,123.13313524996485,133.76896906371252,272.4453622623471,179.95093481529568,211.89740453447698,200.92336098941433,114.16856891747982,183.09873321592187,249.5980128229437,158.6531586232479,192.48636307752417,175.6412372487556,158.85414131052997,98.30483650904264,264.9088558342262,173.40479823258912,162.9908338318258,211.41986413052462,200.19291016830147,191.79377841899316,227.3674990957669
142.65866179169737,221.1735023936896,320.23382760307595,128.896102008684,138.9070071961113,207.604081325531,139.4653215357983,273.6539827187762,236.44614536225893,249.56916758726194,165.61964047956826,122.7119328865682,133.26539829979976,256.7240310260903,161.1807177506518,230.07667427560244,175.51934597547995,154.0282864013355,174.54820757530558,272.15935788157503,168.5305332704534,176.53599980302664,148.8634481116823,164.202866625715,98.33772957879665,247.44470953822895,181.20662984791886,173.3756022901839,195.1944809146561,186.31623811605326,190.00828620019027,193.27038911540794
141.89269343326944,211.697801723454,302.51519397547804,136.61038757865134,143.76846167015486,235.6345551714022,138.90914402047417,277.13104272890513,255.9158799767103,247.54073896797675,144.93029444485558,124.9126385791724,129.95956158853292,268.5215203697194,186.6814013617193,204.2363986150678,188.93932261879667,109.25419313883206,186.42456992844876,255.36811774811497,168.83588255774507,168.25303837291676,153.9460546619345,165.30137733815093,111.50962171242215,249.4096014131479,165.30091217341504,169.5227110823915,209.89026605576242,198.33422921615553,184.38816402581222,204.46171553679744
170.44029052023953,237.55749068646364,296.2061441516673,141.51746848079725,138.6299227690647,208.81100871821758,120.95680039095761,284.8063472151256,237.84491124923616,250.43371164941118,131.5857754854492,111.88392849404502,188.72258277089648,264.5780675944703,170.52927051184503,213.67305913590684,229.91838299225407,114.20737113269706,186.44465321700545,274.6934891197232,163.83639213431766,194.67413514418627,151.44072945351743,182.50948750680703,102.23821945726212,249.19421490884005,191.91840321969573,180.71541455836774,219.91342898825926,182.03556444508322,186.3345202730319,189.23620556378657
134.9155690665305,206.25195307491416,309.7186697884047,127.2220033703871,145.73723190030137,223.24920132841652,124.74429517756414,279.121244736169,241.9071757393799,251.1211621457467,172.12058037388286,155.72455905144557,178.75674120234413,281.15210218320175,166.40509578005455,234.91883218768118,182.67987243218784,113.83401858200463,198.99058145488414,254.96170188195384,173.32395496390637,163.08313039127322,136.43684558471955,162.67708672282183,113.75104881825976,249.79650898804454,168.56814089747283,177.45047281327606,201.29751663192542,178.16900602351396,195.33521785551707,228.1257383738842
167.10501577281934,224.89518348233585,297.32243010179303,127.51431060293817,302.8992523223561,231.18981135657444,127.22385471343686,310.91826163428055,239.16175632765896,251.90595546686797,133.9925981882398,138.64203780454523,154.65028088362322,264.6324553931488,167.05589913095588,213.766511996498,186.84467499866255,134.55160622126726,215.411507695966,250.7986709250202,184.51429271379743,180.2931150848848,139.0185021572542,176.76074546261714,121.26716313866706,240.72049937674592,325.8315368781932,164.1730273113118,205.69837495889342,182.90289523608527,217.0804707889225,197.87329637789588
149.05472779150892,211.72295345691924,304.14699244026116,135.07359647554904,159.71241613978907,221.64190934236436,161.82402533630062,278.51414742926164,292.4608984099902,272.2538350872909,172.96102530815227,123.03606717766938,162.27885888953898,267.1976541103326,166.14352098814578,222.9625735262775,193.93145794486105,122.79770922482612,176.2990887621703,265.53539022870325,161.1482202689824,196.693911921224,160.53148489956772,180.9366114416925,105.24157266405331,264.53044197367507,163.14107018958256,174.4927519889519,209.20166103850113,209.29087172524584,207.07728685792097,201.38172276440417
161.44774794435202,210.1420733002646,319.47984845565605,124.17561405137192,155.06892492293295,210.64395780028508,123.84874168921706,273.3578584452684,237.13808417272378,243.13403213090857,128.85434833480204,116.68570910023185,126.79785669007714,258.06417613295037,213.30159444047442,215.70372715229036,191.02480461201242,157.92796649757952,181.99782702640465,261.81503836228063,180.0573905201355,176.42178719497585,150.78514094199778,160.80340664951115,108.08652423137998,260.3482064664981,176.7829907799492,191.9978964136392,195.9019684137508,216.3778776032582,200.18649808171193,206.12769124798763
136.1329723367488,220.14516457052318,336.0438399046659,130.12281251142872,141.19048110648316,230.10407671393108,120.93458749790477,278.0650082601631,255.42142363448335,249.10424902086663,136.4162582365726,125.62034661654296,121.10162910929729,277.43282718038586,180.94865424960142,225.73956840667526,203.6642403092997,119.70305410088174,182.16655879148976,262.5021401813629,153.4612798961267,176.4462769110125,138.36714774914333,177.74465320375066,106.34847843226117,273.9557422499055,192.46148322598992,164.96592679526603,192.85350233772527,195.12729922867564,208.265601868074,186.55686363173635
155.9374407178313,224.43073252322716,328.9074743991515,130.29776802077825,178.6375822851973,211.9493421433862,124.61230857038387,276.18932617200727,247.10847249939496,246.3186047868155,126.58084353852276,137.8138866436525,137.90399695280894,269.37029000312515,175.1469781253731,214.5607559037789,203.4281508201738,139.42839624009196,174.25365504516097,282.57104734496875,158.95787480058425,185.97078034447554,152.27157639255273,161.18923667289445,101.70086519552109,239.59871396634932,186.81560141167026,176.54930299019443,194.63771314765614,181.52882599884404,185.72555541360413,219.89655466351695
170.0545466515527,211.8366083207124,314.8303393869365,127.7632538123691,139.59679686045857,226.72568399403934,123.10212521596722,275.8824353427456,233.76962421678346,242.3661681751752,120.56253314792322,169.5670847992979,148.59357139214302,272.34890846105117,172.99231250020287,217.82900571314556,193.95910021060362,112.92532020338801,171.25519400512817,255.68155769056733,158.1679343833927,186.24403920113122,144.62275210807235,191.96326207804003,100.18967313964808,255.20825358373608,172.1684839100721,164.83362821688914,197.18900828596873,174.82268074435316,201.71759853483744,185.45896834860724
146.8274350893343,237.7982613909253,305.33206360767787,139.5788275639969,149.36395041795626,240.0921346594839,119.86972561475145,282.7346522779908,239.7148672943505,284.15855163652003,146.84451765669115,122.43724444631371,143.2113559681146,262.9871771568114,168.10581591079094,228.2163264238745,190.30405567048797,115.74249174583892,169.97289730320256,255.37548890657467,152.01423960046105,176.04681719578517,161.1725096377495,225.76090600582805,98.82075835278091,241.8073080458211,180.84925969382527,159.97636748053387,190.80820651472274,178.65475223791293,193.81661912378667,220.93434814865455
145.5136716806729,216.62702864047057,334.41304347154306,128.68486655221534,152.4144761800037,233.5752198932057,125.58187491364411,282.1829482191369,246.18966107537204,240.07826917874905,128.94486013689206,191.21504192713496,133.32049663477562,281.7933909639488,172.44580319547964,205.44070709206943,181.93643041892759,127.66095493507753,193.88900842415424,248.15144497505605,156.7196601587673,162.2541110983635,137.89242167781103,190.50091361383036,102.13660593716119,272.5518330334925,168.072197950715,162.80855012231814,230.53739509457318,212.1024439058856,222.82579478822717,199.06346057971484
149.89147980296005,221.67743762440662,332.94303821011033,126.31786222989048,178.8207123725246,207.59536881735474,117.7795290248781,278.1008439693561,240.0617326783334,247.79534391865926,123.69787171368297,118.30892922016426,121.09067708483224,275.611680707376,191.28969106731677,238.74831214850212,186.85201358163422,121.45659689990828,172.81548185432771,259.3523469325832,170.05989832014032,168.02376197152213,145.9803398027862,168.20774473240263,120.71623659476494,258.98649767480015,177.73968869927234,184.3403968794226,203.51684702865862,197.37551269190442,197.54039856993202,202.07935086646276
191.3548893724961,250.36051481897707,301.08848106780016,127.04801080332325,150.72191888941754,210.07474688167156,131.8137411765817,300.39281356537043,244.49365843458787,261.79956476079815,123.60970211572436,131.1294354234951,157.41624810890204,261.03253242373125,178.1792035152867,224.69757180208384,177.54434847085642,124.76357376759853,198.16748179352203,254.15776715706627,159.29346904843396,188.25199328303276,162.10205398544122,167.69903514513015,105.99578536558924,252.15996774107134,165.61534649985978,181.42022403709905,195.28171521795144,186.18066507169863,208.20194985914492,223.67444507348625
159.46788116508498,239.67989481659745,310.75086447454174,145.53712690707562,170.85267766860164,207.83878642187926,150.0779321487106,284.4300352397581,241.23079513881947,246.91676695324853,128.33353572026084,113.62797025889962,137.85771425040227,268.1236817306074,169.57341883237993,211.18786280520214,215.632539668226,124.73765092244871,174.3371089961869,274.3487622897262,166.77533815868088,195.3725289732517,145.3702011369901,160.3266500241781,113.2765980606359,253.34857107235527,194.48306456208104,163.36520457408542,227.7069464750827,172.93560663301952,198.89688443362732,222.7898402418415
148.05261117954714,213.7956169327416,297.30975960474916,195.32385143422937,148.52500837772746,244.07432386980912,128.67418741217813,282.0843796391582,242.91807219470726,273.5341248408861,128.59183449350834,136.86026435569727,122.42707830070464,266.11217891027917,173.6006057701435,205.17447480340076,182.67094745465565,125.06726036707184,178.77756016860138,280.3327783965094,159.09867347273877,166.45452580630706,170.37788382405427,188.97425951714746,108.7497912696314,264.34631003240423,173.89612890889373,172.57437745643995,212.07052084418254,202.4786677060663,188.27648732912468,186.34734455179054
136.41085055062953,218.00621860315132,294.6824348032061,128.29231477105873,141.73479075654544,203.25584885657517,128.99088522496143,299.10918827363537,239.5432564397761,274.02447157795586,130.816475084604,133.5177980403199,133.36401333585442,257.8871986611765,164.20588795899494,204.78170999575534,183.45599986838673,114.80868062688778,216.23044440761095,259.1984278618208,176.7957587287484,166.85250979496516,147.82434174346002,178.53279419013887,100.4779135054857,267.9125191238755,177.41185341743036,178.3660266150182,198.56467198538277,189.98750342116844,189.0493426299939,208.3975058535011
163.11363945019718,207.65054355387826,330.42098778812806,282.68108289019506,171.26304812719684,205.12263852880912,129.271311914535,283.25961974667786,252.5268851125642,250.577871188975,142.52346824119383,128.60437504198052,130.39227457451508,285.4241783616822,198.89485564817636,206.8205140703225,193.62649050054677,170.92885536427337,219.39878710549428,264.81982495683826,175.19292539702673,341.730000536047,140.1536617641634,169.32116238319944,110.12137645650101,246.20312889497606,166.6446711929721,155.78737449513312,186.20325734609028,187.55587117436238,202.57299981964164,204.43582340151968
137.64024023445822,224.86995990851267,297.94291707580913,133.6439536206917,180.98719047757237,220.98879384075758,120.53130835426663,316.82693937810546,270.83590659090316,246.0279720290303,141.38091634854237,132.96823595265727,125.95843600651465,263.52426333027626,224.68922105664478,202.9725322431317,172.2441312387175,111.01312534403858,197.30047257880955,262.88379042022734,218.77532211883243,182.52110372407626,161.83830504841234,183.46889241267885,105.62363940326053,241.61422480859315,214.2905062818245,168.99554651616128,191.26828706443982,190.27131947723745,198.08362549713328,195.25502106692045
141.89004344561414,217.3755515820382,301.57808984267325,140.95751180314176,135.8324492587459,211.07742070797119,149.06099079303408,290.82545084404234,243.0811142738169,255.67765290272814,131.05817712601058,153.65020922986662,118.61829989080181,274.9374907077207,169.73014897456994,205.4328350788222,181.32557728024986,131.63592398805693,167.4652280944852,266.1970438881683,181.57237307547177,204.35544314270123,151.60145152271596,174.01005085561252,108.58064012797787,247.39756201387848,166.12320515471515,187.61142706707412,202.4173443719292,172.90923798467438,192.81630077877452,193.77213630639062
148.04250551921962,209.84098527034035,303.3356300332146,140.69741539126005,140.07395025956467,202.37292904469138,123.0616342496759,323.3473882631148,241.49473416818637,246.16816391053274,119.54293446718259,130.28007194031036,124.82635508827437,265.35907044504813,187.17496114839793,230.5481923017536,189.97708500823407,121.73702749070242,181.3829100728595,258.4286068893819,183.00310892115078,178.87073260805008,173.08184166886002,159.67693620872635,98.03560489949022,244.6934215283649,197.78975818816332,170.11282594780758,199.45903379339933,178.42234722942206,224.65962735326605,190.9691354545539
158.03849996452016,236.47519942685798,345.27801635136854,133.6112566785938,170.82812991465772,225.92282535410413,144.10212364595242,278.2577833936873,242.11552401883904,243.58606407854114,129.3015492184187,137.60532377776622,123.41752447770769,279.2063411229408,173.6566978046265,214.90865544177242,178.98766642498217,128.55256575077965,178.25232990985467,249.89959668676573,184.906106714677,184.11867847252236,164.84963876224091,164.28357049298256,108.01294233217007,286.61307673543683,186.0899317635579,156.17726658952586,209.24086454351158,188.95899964188354,208.6157241414585,207.02097796678765
177.74107980811272,239.67711399057032,307.1474126153523,141.65995457024707,140.52314244727035,224.01505399439517,118.54879379534069,309.5399008552649,255.1107887617914,246.51528928614343,166.8086839944366,124.20048314229732,124.86080964131853,257.7979002964006,185.1306635830864,213.53984962532962,185.96358130296545,110.75396618128377,183.26730507386077,279.1161772297126,189.1019864518974,208.54161658362418,149.6767562130439,193.48373463656645,104.77630613235975,261.5880464631457,172.106701616196,197.73668046587636,202.85074425152743,205.31064729459283,184.77572872001096,192.77182988162704
138.17727216473708,212.1773258807021,305.83945508300326,127.49799644367003,148.8628968704997,203.99824761148324,137.82556080758326,298.80347234500687,245.77915266527566,246.26262705503888,127.74248751580122,153.79817447199073,123.92328807593061,264.2440193537947,167.92577286127664,353.768278450857,179.68825881803866,108.91768044733803,182.5765716838515,258.6702669580298,160.32115801435987,183.42295462804663,136.20774347676019,169.68585028444872,116.28531247816869,245.7842139637472,167.5717366675775,164.04974395236033,217.22793290586276,199.45854159624253,188.11032678116499,206.0520676917307
140.4258457249203,225.68587477941398,298.4612521610157,133.79062807357863,140.85325730906828,211.06593113207566,148.52680273599265,282.26337902209843,258.50384075978843,256.01323682039805,126.53864607078577,124.34979382358038,118.95150356140786,273.7600681580347,159.12837274297894,240.9080724754475,183.65467772027668,116.90284340197776,172.7551457912918,253.1834047547868,183.97335234076553,172.7468828238306,161.57557578416282,171.5763949228214,96.12403218450092,299.52284720297115,173.31316637480612,160.61839441621535,235.66852520933105,205.0955081596472,196.15544906935745,214.883846199706
146.2145340450588,230.53202173610538,315.80231837268195,152.96998766194622,147.56805389198013,220.73988422596153,184.1294624196338,274.69558584525305,238.4772778293784,245.5153403582654,159.01289680017888,122.15382539865598,148.97095000462616,280.7987867560199,213.62614793847376,212.06318641672414,202.6456103034181,136.63250841819738,176.3763813799443,299.1711579436753,163.85957397379553,180.58406435911127,138.2574417538412,162.7634561767241,103.82825289270889,253.4883495707009,163.42264482291972,188.63659520442332,226.70987860170098,205.36266838207317,223.78049654015615,201.46657831389322
153.15207657037084,218.7403717423298,329.2598043980892,133.94696150087333,152.10929802326285,210.84826230341096,140.4537214949984,292.3272629141237,257.78348312119726,260.73599300269115,186.72185037926587,122.98332429214173,127.66154995182556,412.6610603530195,171.33497291622476,213.67672101136114,198.75027869036623,114.25427106917611,184.95777607974884,421.43169901577784,161.40678508665312,165.39669482552372,158.07499054147473,162.28839190503786,254.8174806282372,248.71508127567182,197.64827445614688,168.75439935391904,210.01906595151524,178.57093673773096,252.43742208815985,210.51469412089102
149.9955965996209,208.23367110179043,332.5759739198722,122.42138015625925,286.33388121458904,209.73618953975972,123.60199135251987,317.87361609861614,247.77605036093718,251.06862359130645,156.04530458234126,132.06691095835197,122.73253303921769,278.41239380483,170.1727682924011,221.30891272343987,189.69545168397192,141.74718136084724,173.5456257916673,260.9274621132061,152.54358587502787,171.25377499760324,138.65585219022225,170.78761048108538,101.45217259566387,254.02368557082391,187.03143131551855,157.68848745647978,205.02188794907295,199.82412978755184,192.92620274880977,203.75849288949357
158.27434131572642,230.31920375464267,299.72354995347575,143.96410696571047,144.70665090616268,211.34881379259966,162.64128713550318,296.236521803559,238.74471723212466,273.71855132587353,184.69080936175808,118.99207395871036,142.5208451209413,279.29760851238535,162.69356211072662,216.00806422100612,177.9287906513709,115.42343256341971,174.0099394767925,259.8161082264386,219.0288366770246,183.8675463516093,143.47778306038674,184.58547961228683,98.5439261865227,250.76720685728353,201.1143105827433,161.429962026454,189.98273892851282,190.52989445894363,193.62753358714912,189.81452951509186
150.53406708716312,230.22108170641252,317.0003608786961,134.998747672981,144.88412917310808,202.52317823736067,122.80740932767104,286.69385269318667,240.9481317995086,259.0976192041913,122.46889603083092,135.67896782699327,147.42541977352164,286.32332350338584,190.51513720128668,203.29566262449788,172.83951511326038,139.50667663146356,177.58291734022586,283.4439835202676,181.33904444180519,179.44402122905166,151.23405436793297,173.53061501284415,95.20406342282348,271.01517120310285,178.9890418197169,184.43237115267698,346.2531413490234,185.69513464321022,208.43859549044632,223.09686973647342
149.4206711740621,231.47149753794469,330.0149807980305,138.30133360991815,183.48596888890359,215.2842572189262,128.04102357522828,279.59503014168115,272.1662871728306,251.82320963108944,141.03359307759544,128.18944347719082,146.54446302549778,299.985993499936,190.79036112036465,239.93418858724132,211.93835976726982,126.47920847777476,171.50800077094567,265.58838445511344,344.37193880442,174.14774894755553,144.2090226569039,177.26719125402832,98.02542565458424,243.7536103651691,188.77062168704816,319.0246637619622,220.6424915848528,174.26776845470118,190.98197437914382,195.6551655894606
142.64282373190983,237.2266672522532,313.2091825607209,125.73741632043296,149.24848633027614,218.73564371059504,149.41315152320453,284.4567565033681,250.58236185395012,248.12007335251567,130.27035010908455,111.1374992731832,144.0437157235647,261.1430082232184,243.42719395035698,218.3901429498109,204.16120179332142,124.57029689825049,190.5275908510175,264.09886553652996,172.60289759872268,163.93321527098584,161.11558969032262,166.91815355226177,98.38253576701722,249.97422220792504,168.6704670694128,162.6970609609457,203.4686598975618,173.8914461508274,235.9290817401837,193.2728063139186
179.24733527716413,248.0887850920663,326.51742062185804,141.6589012136059,152.23619184414198,228.95625069111512,126.767006069989,285.91453855772187,257.52246475410203,265.3156275567394,120.81483679805801,118.49591195876802,151.599681856237,277.8543942424154,164.0174316998823,221.25814236444563,179.85333472652434,125.18618829004726,186.3951108867183,280.49700950245347,164.20028075900325,193.00279566063494,147.82032113596716,177.47274309012167,94.54461791376502,241.18234414910043,166.1694018615651,162.03520430970238,212.36014984312644,208.40653449520772,204.11797665287378,201.08455000425403
137.24493257971952,209.33798938976895,316.58015161116333,167.36765005416876,138.90235438011777,252.54958462604893,143.60662761536395,273.22386570339495,265.4682005534707,276.32307274548367,123.6866387855052,131.1379711388417,124.6160540231166,258.74438165407116,194.83177514281613,214.0519715151936,177.29269440919816,133.10481663405994,188.2097551898301,265.5743754779397,175.1105058731148,175.3621432035177,145.53517713887032,185.7243827700493,115.98407912467607,256.60311974648897,167.89187139807683,173.5800462982603,185.61938399230397,221.48450608355003,191.10726797485046,193.93735371240115
139.57737841712142,207.47695600012835,300.4352647154776,127.13766219998186,294.1172807819339,214.27143766090916,124.55899236115759,276.6155174355341,248.30930012381017,289.00470080461184,125.35799649721015,113.96077749610119,170.05378120172404,285.89911250714476,210.3172600439617,212.99623063901103,180.84838896050454,129.097808739082,195.58160588470903,279.0060419286033,157.60025865674555,173.96845539498088,148.3684640263442,166.16016049429308,103.08171559489918,257.48696939970426,167.51649032877165,188.64177011064078,194.1429946629234,192.98488954467948,204.98724821750326,210.52819000037644
150.77148760105922,210.46373904137124,306.0365409830223,126.24848594258046,151.47991601639038,232.64118756701305,127.34721160017331,277.18480393869515,253.38370519344983,248.98287854821385,122.19189827118846,127.7378258961654,146.00273965613442,299.807887431624,169.22477901509495,202.26218218308884,171.87824861599196,111.76479008832831,170.1510868640453,282.9395153344945,166.29211927498,170.51534074955802,145.0470053535475,201.01598665525677,110.76809251521873,254.29213522063682,202.1954291764156,183.57615760849512,186.16017331638807,182.89156820134195,219.46720560085274,213.16915293449625
150.944175511775,215.0087199910892,307.14586297775287,158.55178264856158,152.67879300457798,204.71940606730695,135.1582674295934,289.0773315252885,260.42425538514254,254.37116810626466,124.87695244874337,167.49496923322883,124.75244639053003,277.88330565106367,188.93510898134187,240.01816091365777,182.97243272484064,110.23900806544846,171.62571890098656,279.5871757880826,163.14841792178987,160.76921865503485,166.91805440056316,174.3283154982338,110.75841356717518,241.5240913540636,188.62462393802392,182.727865039958,202.2171689867339,180.38077173179295,187.1403155948736,194.1806968188432
168.03550895303272,209.88886009363213,317.855777203623,132.44049694460725,150.6497769048039,213.8583408305264,121.26313373126621,273.32529258272143,280.489587058937,258.23616723501846,126.40373929223267,121.14866138780938,119.77715403119149,263.22919644717575,158.43514661586025,250.95057787864874,177.64576518837555,127.34308545215971,176.5043372116,263.58005469030377,171.00537858034232,172.30303115452813,151.29889054961563,169.0148476361376,102.2776596093773,257.22702159563323,177.0285374330657,166.67560307246754,199.64417579098387,224.0663594976235,185.74354213518944,192.50336720926785
162.93925450234903,219.6830650563332,296.34855395453,151.22812942730963,154.2019637866967,232.6608056793888,181.51332501275675,293.010656145575,236.3557608700109,246.17496271133913,272.9046267969317,125.33996636702201,155.33593372379903,278.86729853893587,175.04696918380768,207.53002677446977,177.10483754603496,113.93847032839341,180.12032904888235,248.13899440463513,156.82497616462558,172.4640518966008,151.6806534984451,158.37789977244563,267.52454655639576,247.03495040635923,178.3432029974605,189.46128342460065,230.9040715754695,171.38666967034547,188.94616297176285,196.78814983361687
147.92314334983405,221.44576944139953,301.3624691680427,125.5852545624748,146.32611108008396,206.21491274667358,131.69262681865672,274.5654463368693,256.7534268747622,274.4351347429713,159.8604828397389,161.50745561492755,130.83195608022578,272.3146524757409,159.76668158403731,228.82441588519927,182.16495481591778,118.87955437033594,191.60946217833703,249.06446310427552,160.58992638111474,201.51406127267762,159.113614434136,172.45888761694488,125.95142423524305,262.88883256521643,197.2414376319021,179.68534005622297,219.05912068069594,214.53291231312494,188.27187972000857,201.45664329920714
150.86119790310087,212.1026659693598,296.7574406351111,139.68036541785614,151.70351450367832,214.556793412955,121.82743484982585,315.6386306297454,234.45835622539138,258.2700224775954,177.99030381390835,121.32665642949289,143.6963664636983,265.8736811608197,163.66062546011412,220.42990865941573,199.23114096938252,145.40082749119097,175.20552040236691,272.48646337822356,179.2522446193343,166.31625060793186,166.06574337657315,168.56368497902338,164.95367536588728,262.79078317736816,172.24034419261403,162.9628815383056,205.42991027428982,173.06465878890262,191.59405832116204,216.11142831934998
137.16106176571776,242.37181922115153,342.3587072496052,135.68897126383953,153.86158424393648,209.0274974855901,118.74141208401726,284.03570020438605,252.79287673144827,243.0433419516553,132.6360229622806,124.81908153774759,131.0715405636718,299.75846404301797,179.306236653872,223.81757489841303,193.40358717278528,122.06078295055259,169.58052911274012,265.33490815558247,160.41398757814224,181.3164194633752,170.58305571742414,174.2163485090871,96.95773211992237,257.4030016980821,173.2021799257165,174.82260865235992,207.90985124715885,191.86539731132322,217.97813961580482,194.00287306418977
188.49872767057832,246.6034535264001,303.7353472207912,138.2107761928263,175.91013075959114,369.75175667666815,167.61319771403828,303.2604792651967,245.48799483623893,248.77488961108932,132.19853342994455,175.23906486880423,130.61825292872237,266.192326805024,163.69687579401327,203.15138870332797,177.5107969692509,116.2411954289067,198.21675941954157,287.6483739016931,168.69586462027735,188.62870166438438,142.99315743370053,188.09277636125552,106.89579207459104,255.54874082349045,163.26450435510145,192.83779230257448,195.85882649465418,201.12255564031022,200.03637350566456,223.33809588207654
138.64302350443467,234.59617229413186,306.39888530429937,123.41104466918117,138.940850814465,213.48771455487224,136.2263842945265,275.9858319832029,246.69768018771697,247.60404497777776,155.0722593695868,137.63727723207444,125.7866403472982,262.86752882416243,171.03142890641192,359.723844268181,185.82207700978756,155.355083948678,180.92419350098348,258.6950198013461,191.2988939379042,172.0079665452641,145.6264736921659,163.40738455025686,98.35565374422373,265.54726977342915,164.58601168015704,174.2431833304003,193.53302866316704,186.58513494425932,198.83206677948715,202.7189308432412
138.16465072160491,220.55789341556866,324.1738223061938,122.42581628899981,161.70500468209232,258.96879661896185,155.6791644902223,272.8629201412063,239.23975685239375,248.36066826310238,134.1154137305937,131.1536062788299,294.5431103673909,293.27458126479473,163.04607722277228,207.35022737662786,172.21935165669115,117.90422617973269,176.05642802285308,255.29988261103213,157.59997730719306,174.91364954814836,208.15932955182592,159.78178982867286,117.40808313956185,247.68180949347834,199.90442376450966,205.5004355458749,185.74052151833038,223.44987208279136,220.44646572242723,220.88184121496175
145.21446850222435,216.74972183459994,296.163246429885,143.75673560300186,148.38898144398965,216.42853980120714,155.53680881993,449.993175523726,280.7943312047793,242.32551361829135,133.12353476226528,127.75656090524565,131.61093860868425,277.3815340655832,167.9511988457971,224.0521477405013,199.0629526685553,111.67323969025965,195.22152460818768,279.27185718850495,153.70317054173165,190.45748985210867,144.0077219987869,179.47424883749105,109.72055700329845,244.51625283919236,167.8143296155555,171.92092183813276,195.48644444515503,175.42582814077954,212.44792187048833,195.52869656642815
155.12423127489356,236.93155443577177,300.5979604478274,159.11997293495514,144.44335189093633,211.8063880204504,159.5385822107362,311.3383507682817,256.2787393754873,272.79846341858786,143.36496233566683,149.59219070921276,126.74671810464721,264.47776045663403,178.55471046566348,242.53738860398934,190.58765990942666,119.98170526175963,198.0183999703073,260.3927013781709,189.99041798800076,170.62813659363644,144.79950089056564,165.33287871152143,147.330687487066,280.1539500632045,168.17427786429425,168.59539900339544,207.8504834432338,188.82703084717397,224.66143938128852,195.34962084149134
164.20495620736546,211.07224985515018,297.6292349079121,154.4555276927826,138.68095247112814,210.05990672684237,121.31060261790877,278.1014466691245,262.2092089951984,266.518771589389,134.5588847964333,145.64970967634764,137.38587842330486,279.30985849065553,172.4604213199776,204.04903274904456,189.46562258082702,126.51014252494444,176.62932096677926,268.00966281916584,159.08873386005345,169.30459187362496,223.24404827278408,160.48020677113297,111.44884161791362,268.2871482738158,168.20808365738802,162.24887718503615,205.11659238451597,236.32439936266968,219.2138944794164,188.25840033704614
155.77748601025377,215.74204573549497,323.8681293580791,133.88580939359016,147.73919133160894,213.12252139341012,134.76497911030765,288.85603243464215,249.11244231147958,307.5298977467445,149.1335484049097,119.97146171794417,122.16892637397808,272.9346799893486,171.15314258938474,229.1344446713049,205.73917588020723,112.7495370867262,193.62081749465204,270.5968923432601,164.2885970310008,186.4228593449764,142.35601365221748,175.39500256005348,131.83661159074876,244.0409605209552,203.2737644156594,163.0748272927668,194.0389367534337,173.44697850713084,193.08250299172533,188.1208272791915
142.79638347519122,216.96419519754343,303.10951986177645,153.60119829945754,314.10868047113036,226.96070689920623,123.77397850542228,325.43156243199036,283.5418297733329,240.4248173668804,142.4427970707232,115.92867641990854,119.4018393537359,309.0213646322686,160.46052925879002,232.27711827762215,202.14358381177578,120.64639549273846,190.9330518562756,265.69128202075404,189.25549174336112,207.2468663146089,151.50562685686276,179.35191732580057,106.13276307338637,245.07494274178524,183.31632225343424,179.93917026745325,194.24752487073386,185.84476778251442,222.27086703127105,188.00559846378843
193.83774527233555,251.96347659287946,305.4141741377882,135.41254767278193,144.6341208522862,219.39478553669733,137.91197150391014,305.6376335688086,242.43977933372483,259.2330780966651,144.15339783937918,120.28812133438004,168.07552426614515,298.19915612993265,177.44001313942792,210.2944179212132,200.7905421204096,130.15984845790294,187.42089229617517,259.2674141604267,192.08236353895717,166.87037131978286,147.09252060553587,161.81795173516153,105.10805245403698,258.0168868985231,186.3682187312736,161.2410804146319,229.28844652465781,183.60521449363463,201.10365650096685,229.3246961139177
136.72906126196395,236.16675312029375,310.39261881890496,139.4738329348291,156.27019942640857,237.06048781094034,131.76977427289938,278.0881891480417,254.22448627621185,277.09977152741567,160.58424899707248,125.80926583816522,120.49908666563422,277.46990672254725,164.82972491732733,252.42404269897554,174.5804389769508,114.49202767585241,177.75350881828788,250.69165370785302,158.2352137513093,191.38682086917422,151.02621974720512,160.51153464634268,109.70563053292521,246.56750653236512,195.60356182678862,172.2009789398354,238.4361673792734,181.30568119202212,195.7468725703675,187.40321445131826
144.42439542468986,214.277494392774,315.3378167670867,133.3788699638708,142.52828809277702,206.65214098736712,142.14029334841916,286.6548599539578,248.4339947910517,254.57412229064693,120.67633389588536,134.0047010384554,124.51894083435394,264.9066339820591,180.0267685204739,208.11821932056512,174.72613188165985,122.23331371062373,189.36505400282573,254.0563434311582,197.37498616603915,163.49644389597933,136.33949245338215,182.12450517473437,98.04776767426914,284.3657860484442,176.97442148063297,169.36468321735612,215.76684241794064,198.22802100856975,210.91293243483966,192.07167598629104
162.19390666938796,210.12561514915583,308.1708087864976,179.40245109935512,152.8878783001281,231.60491851474234,149.7399451653337,280.74980775072294,246.2583282057191,247.6508419469846,135.45176572416992,135.11802510512473,134.0151860209738,280.660430915293,173.8483873398377,219.63455169658604,184.2516823768915,142.77101213560368,191.48767241530356,261.5031784094152,154.30774268879077,186.64202029497756,189.2316487128598,167.47281604414357,126.74427810783298,249.35587486530142,162.27299397509714,166.5638633015016,228.7862602068212,183.4323710545239,346.3147612972444,204.18798359829964
138.17418108261091,208.69299344690364,319.94040256236866,149.70871839349158,147.16646109164938,235.82316239436426,124.5624542747108,280.2380029694042,292.8390283628339,257.00489228680954,132.98317140018963,122.51223848390467,147.59011154607504,262.12767700136357,187.20640037565886,201.90362852391752,184.85980154011875,141.79196577596252,177.94617682566317,291.8135529160612,192.66161263871174,164.99714573137635,179.8796676908139,164.3284738560549,101.42458928732657,254.81732007732276,165.64814242029945,161.75227831267836,198.3189750636689,186.52812114964016,186.31886507620783,217.13075502301336
156.66396726048492,214.69625657326836,350.11314298605396,165.66392633287774,164.8699769267082,221.86218243466314,128.23640270410237,282.4440418870794,263.2268606246747,265.74507221509043,125.36578758571449,113.57892403356806,127.04062491669256,270.395904075486,192.53605632720354,201.74505835906245,196.69434597244407,114.50503870577238,169.4984824584727,253.06135002265725,177.60030633965985,172.6520347612703,166.96620127878816,184.4628993888481,187.7480935129684,258.62578595742775,163.12639376084505,168.19123930338102,197.21730519330112,191.96343358161823,198.2637793048981,198.5979414312796
149.64551364491822,210.63212794905584,322.4159125047269,138.1795599172138,138.36975524883428,224.9883389043069,136.8463492553155,286.6684431152011,261.4760059567314,261.047120487625,139.11109611937215,121.00249324937792,143.55833183127817,292.6667187387053,213.11906668921742,205.682889938495,175.54436272406,139.14135475870668,190.71190272364967,263.4642761872735,168.9641125495918,178.19838986826667,196.79122754045304,177.32893597708647,102.09723297905306,247.2264117504276,161.6295750742016,171.78761064761963,197.19089548359273,172.91921103421998,191.47372860938484,191.92434679424105
160.06026192078937,209.63771905757187,294.2537090266248,170.0488773942798,158.45635400907892,217.07367715061974,165.36163537315178,277.75617643816616,245.46576147499388,245.19082256537502,127.3499815596912,113.18410501494013,122.57254876756585,423.9111624655383,195.26718475795738,212.16490329951122,188.71207938100255,132.80361385241113,182.04090013729916,251.4302157077616,161.06821825477505,177.04314668827507,162.91759429456746,170.35119396029353,95.81469876120437,288.96965894325,213.49940800622005,172.98569260067063,200.79853476635645,171.39861871349203,215.80456704828208,186.13209084353053
237.30420226795778,229.01915675459276,301.73642299118023,148.1371612141061,147.97909910688733,213.33770341083704,137.2937174081323,279.60495130259534,242.16247160296246,262.0118862770737,120.60951099315216,137.58135737758542,166.05619603539625,301.2686798093878,169.83770688623397,211.26516295581624,200.79441280126994,110.25937268228263,185.47064714265733,269.697724166779,171.6821011836145,204.54594793333723,149.33806894877426,194.15711713809952,109.47754087560881,263.63629184783105,166.76882386824087,174.49301255893425,201.33096804443545,176.15123734001742,229.33285617559824,200.1121046019504
160.38242771320844,242.20586491228522,348.7111636543299,123.30535061772126,156.31083020251904,213.2159125570144,140.5713045865893,276.1092516633847,253.89484856274808,241.9674086486772,132.6740944092399,120.44212545347031,126.1438307341037,260.13582547962665,163.08410383898544,217.73702406564996,178.69016305227206,116.89674925653361,206.23530697084027,273.60031645595785,158.27667545816053,172.13751606613235,141.33400650548856,164.21366598413974,132.69446616957737,251.3307811891317,186.12910363187228,157.19802375074138,211.8782089379913,196.91300070431578,226.14094904371393,189.08272118750406
141.37571686983142,231.44151717540723,303.354259257843,134.12633019732183,158.91588709148124,216.33787017595546,142.10211466937483,279.01077973303575,326.4451135077081,266.5177189350645,129.04000364542964,165.59204193911762,122.78964039888994,270.51029452237646,191.66698868121594,212.07108144563557,237.4414468617111,114.79122003095897,187.60731949559124,253.0809226201414,185.72504851820963,182.5658636651412,153.15128890776285,159.8157810451996,96.01895343767787,247.39219709966082,175.1027088491742,172.29642832402376,205.79408290143562,172.39740997527002,196.57290631255273,192.84521624107765
146.70941922583847,228.45616697244452,297.99772426868043,141.65546859901195,160.26168881473188,208.92336333241826,130.45867983007622,281.6223471006449,253.91619047435853,256.4494729718446,131.2377955803954,147.32008424420656,153.2095441499854,281.72404434901796,160.57999081932869,235.72295297289565,187.90699245516166,160.06097536682688,194.63269483981162,260.71139908964085,153.69671874359352,166.7547033342858,165.48283901057582,167.37564606326416,146.54014901487534,250.58967021371424,182.24646370682558,183.49151132278436,203.32247786975958,179.76590604104658,220.11592667254396,186.48182460518677
158.66228029362645,220.7586625532647,340.380635238224,141.13148653484387,139.37908346699257,227.74873479083953,120.73102678173717,287.33846039955165,273.6094352950291,298.9025873783222,138.73236840525433,128.20638217506087,136.26035978089507,273.9051946306387,186.26500510077702,209.15186476262704,200.92507995827597,113.39680684523557,190.44522206133084,289.79747516915313,177.76430035513144,169.04347434813852,139.54271016272548,155.00863509229046,110.66046796989082,246.18527472134588,187.7269673757934,197.31954192549634,220.53938294925103,192.5949469393656,202.1710216550087,231.54545225689174
142.5556082152092,224.771110840722,312.88290529928065,148.0777028966769,148.17159923314028,202.94117791635702,123.53391964682802,294.3319056954457,272.93016269645705,251.65821741880026,120.50162284853545,116.01206317227316,302.52611612813655,280.75010722953004,169.63011860622473,206.66407547872834,176.6510031197834,110.80086930266384,168.17301457540844,278.69968997130604,177.7518671809083,192.50083183028568,151.02510786662108,166.3060474826822,116.2590269463141,284.5901449417606,191.09710188554598,158.99811018339398,224.6687017238649,182.93298318710805,350.92452779044254,205.6581013974489
147.25992669941877,207.55209811641856,452.22127741965653,122.72551963391142,139.69721658019662,218.21913132975465,150.0893228965829,286.302363279319,249.97562364652805,251.64154071641346,140.1555627598776,136.2643883155777,134.22494493264497,293.6446579169487,159.43756738675748,208.340642108018,190.82621945213214,114.43092261411935,185.5197089402669,255.2741468960959,189.77183576328673,183.1052107093967,157.82030385229908,174.79127566358375,103.13629840826177,249.0374037830918,181.1369046283525,181.67343930565815,214.5271183734752,189.34625390159783,189.05608878340536,229.33276434529614
151.55190578960418,226.66816125221914,313.8262737689022,128.72832215439627,138.8077944177247,214.44516474385625,141.6758047814639,287.7561335196352,258.63632256978184,293.81988454897294,176.18164199456933,133.9133183138228,126.99315963999894,259.4979578969412,228.086046563845,249.82504496232977,185.7970481766651,146.72425955195837,172.0202060389634,255.20304329497637,163.06592441904067,180.57507651397552,170.65776426472593,168.43546395482858,131.42764680250883,256.6802548501294,191.3585338967208,174.72675568407865,197.59671234385698,177.4544527711552,217.3244757094027,201.91120446347384
141.08269360897066,240.65914656018157,295.1619431833008,142.96597702099467,147.56108213480223,209.50296368846534,142.2206890311858,294.9383893879316,240.88451963966548,261.0600975846554,161.62698313796997,118.92974430233431,157.61871380039042,275.15970546723804,167.0110474266611,225.19826821431838,200.5698136481241,121.8833786584972,167.9732996476322,280.91976034299495,171.30439998428852,174.08952558133285,147.08636040890084,162.55509848201655,126.22140651316717,263.87755863710936,183.01447445634528,192.88818309334675,200.80575431765743,183.21921730278703,190.17506542508823,205.62379095279002
149.28097765612443,207.6741591477533,316.7831929615627,148.57243940355312,155.039360953316,204.59464297741144,120.78953860172979,279.034037523757,241.35213694628212,245.3826515840132,151.04550475908178,124.7484469949597,150.68031356289902,261.1397781608952,164.43837116441082,209.61495229962736,195.50789567111144,123.40727822259704,177.2025948033187,266.9168765881376,162.64249475433195,174.87226324496618,138.1872259744006,168.16800512960762,114.490096730196,256.69831798614894,171.68187231346562,162.70221990043075,202.1057207905197,171.06978082415813,194.50494636139337,191.5143620431007
171.35354787386325,211.50706562488043,303.5900745539598,163.1918382297521,137.86341776560317,223.2372960216015,129.62779170634784,294.14468164853804,429.33843470984493,286.4826421774625,145.6029209213394,125.03733531584419,131.18737560896534,276.2034626952391,176.4052259292715,229.40961511800717,183.17243438028254,139.57487869609406,193.35754815338237,263.11277465212504,167.99679994854495,181.51976995582032,139.8334964102706,183.29049263700827,97.69489568166041,255.62456260653556,169.87988688399093,232.1484538210672,197.67261445786218,172.13726976477815,192.22753118047615,185.00328851044648
144.98735048954052,246.94572641731486,311.6856521263594,132.6020062951971,147.29454462499157,208.6742880556832,138.06960232199222,311.26665437623103,263.58139163127174,247.70811820800736,146.17960532864228,133.01387055623525,140.29521645212412,261.29257891657176,175.20915392605886,225.90871330522364,177.2410537566628,117.87526364864391,192.53520307963043,258.1523102758161,168.40586291041558,172.5734626600565,152.1099748139365,162.10321220535647,120.46243870489576,251.73804760108476,170.08801333764728,169.45239841036562,193.74017942106292,205.80881630426015,196.3653933288801,192.08055784639274
143.80863600403967,211.83410245054807,315.2919705468758,128.16015921360255,168.57223551260017,213.0174755193852,159.47985263484844,284.5975153863899,252.20295697566434,247.97320153699332,133.1580862337288,127.8798846759133,133.5481855233995,266.19405798865375,163.7944394086161,206.619365470356,171.04811089796857,127.30974584606597,171.86079217283444,285.2629718324275,165.60587776906334,165.59111173781247,185.9870097062125,176.2711276715583,93.29550040575944,253.27288313574095,166.34945035728245,171.10044730619933,227.2829782948793,214.98261303590007,187.23012139496626,206.6045419293434
145.43213911241557,238.29029872158873,310.52337577827484,125.87854026468835,149.0038483129459,212.9476214141588,130.9211502323313,277.00569008628236,255.64470514906225,246.12869968645856,123.6566536971469,132.3681050992078,133.11320502269623,275.0172363087846,177.45887360638335,211.9905749189415,178.11828622029293,123.39785916855608,195.03020566319782,271.30705118346117,164.47803573484182,220.5805726372692,173.30609155990797,168.2130556388737,104.3983598978871,247.31952722968308,164.2479459997201,168.02727504538913,188.12006802311083,176.86524220276436,220.52564531551795,211.60005447105888
136.8645915201481,247.37440539060748,349.4354880236667,135.26716542387024,139.8643370578244,213.013101710022,154.20008588620675,278.8463829976718,266.4711923674483,276.9934762763668,135.92854752337226,130.04303028907682,123.88793864805088,268.3353406105978,158.1647361234321,211.28402245150528,186.98297212313955,129.18385785632793,191.8527824450529,280.28705496937954,182.60227553259338,203.66650305468508,152.1889148697269,169.38426615464263,109.76210180577728,242.296850967784,174.86300198909748,158.80211658280487,214.38552476885403,211.44455493215105,207.20991341439688,206.55898865189673
156.69369413758568,241.5800210040308,339.3844872527733,128.09220869283007,147.88603294338225,212.32691599428162,118.11037185282474,306.8071003027244,267.1197448938972,242.79366465901475,136.91683227880768,148.9154439297513,185.07080073618505,265.1431377118196,167.38086673418934,204.03296467175124,186.76424107286357,125.56124015500029,192.67632706196585,253.04275357984184,166.91508345898285,173.3965391099029,168.44801765816675,175.4586365981841,104.41034907849739,278.91548201472096,194.46900253511308,172.25838726065405,216.66497909037489,178.7174589986248,184.8250951469441,192.54437939847185
174.31803091389793,229.28618774469805,304.1297807746768,188.95895847393768,145.55650927170862,216.75639547727909,128.1063155367025,282.62784994356804,258.59965661117246,251.3284571346496,122.50928026399508,118.89581779425518,123.35610331390968,274.5795946175992,176.6948945643075,246.2685366540456,198.91834446594885,120.59320949143519,179.20431197342967,328.69876796139374,161.93711680258295,162.67120463106104,136.34980732454804,175.25205113130036,101.29194565598205,272.6693362029457,173.29181192190543,164.43801188144778,203.93616631047536,176.92975448053232,190.63353710094538,199.7797110936741
153.60816577589796,217.86595909874202,312.3226978190004,170.22127549581575,150.97030566398118,207.09881799337273,133.9486901903334,274.2481607940381,245.67565245204864,248.73975672811184,127.16534016693186,119.63406541419681,122.96449236759207,273.75229067154714,172.4670640844892,204.68829421576143,189.15084793311985,115.97364692734723,192.98599415430442,261.69988928152435,159.44700488776297,166.20415441495882,145.9085268272609,161.82400109750395,99.68660381468572,265.5164131189061,192.8895372675519,155.4822059410197,192.69745682967422,173.28916770477664,195.07402622980862,204.60314161286047
150.11630269890088,262.340361761098,312.9907583412958,125.43149989456765,139.77132375147812,235.35167086019345,145.62793278817145,273.26346444505793,254.2599527690625,286.345805853443,127.25409727958443,117.48338696799044,124.2897790310256,282.9754267283777,172.82471151222512,212.00306883127467,191.15523746207143,120.85062150190933,167.3104121160461,273.09662176586363,161.06082718981918,181.92564514637976,147.4436572932401,179.572713598854,102.70877931598487,268.79923839178565,210.50135750946606,157.1873579769087,342.6869649048185,203.73071908831616,197.98782383615162,187.86806218637383
164.92498063127672,214.39258000473814,322.5333844674158,128.87366681864998,172.8757281745195,213.73962197868434,132.9717585897595,291.045943729439,256.52489190345256,262.3267219128336,127.80608176310768,122.54778439908497,127.0342978685264,456.19616193520295,162.84065534979132,206.19626482334502,174.12368931113124,131.50383620558296,180.39400681062682,248.24746136102664,164.65752910689787,185.90386297440799,157.54865267103204,173.05302723321876,118.748727977796,265.23547532869236,164.922127365322,161.22306088889033,220.01742707394587,199.60640395700813,194.00602384350782,211.026470134925
140.34187206028633,213.02544286917575,296.8152970126999,149.27494053835514,147.96621328650946,210.44528275146612,175.5884840408436,287.2526765394924,242.10019689060354,254.13751051731018,124.00918550085343,115.56831779228085,136.9529980114046,264.41668635702905,172.7164820394751,206.47530950800348,183.84032808938247,126.53366960410335,175.59954552911555,283.196202168803,166.91137354196917,175.9967245379105,146.33155064626388,196.10199292684766,126.16306936167899,248.50645777162245,171.07203486716935,173.10966111118907,207.5973813471563,177.55238346083644,187.79115786682155,203.58614437184968
154.05929304595202,229.91666043573218,315.955143604135,127.82021365836911,137.10134407540204,231.8526139809587,157.47747777571044,316.2838637839287,269.4511112617208,251.3475982131583,127.11975984635858,136.39670768605708,124.29311156766236,261.9876087422492,168.32503982641174,207.40934350350602,188.20766109632046,125.00356800414045,177.7441782885752,256.24077979287205,182.00369814920901,164.81231482730595,141.56871382516667,183.1309824918542,117.82449789283905,245.30835717519662,206.78005672709537,171.67683876626532,192.34716053796075,194.75442330281635,190.85393241569767,246.88044446127654
134.68645637929436,214.85381883507756,302.31937152540854,164.17014917996968,172.29303263628182,209.72662600527963,120.02883113647191,272.0741447369521,245.85101635075574,247.19777542149203,124.41867581453249,148.95628206551356,139.43577921954488,256.549292460375,162.68621650792525,217.03124229736406,199.8019305545822,114.07227691180519,179.98909441252513,249.84540342991104,155.83267970246197,162.57740321648654,154.86616784443612,204.8836593427186,103.8144456530017,244.87656666493305,179.93531285439187,177.3601631465811,200.5614160688021,193.70360921773388,207.8458581616885,220.84818711335512
161.01537020747494,215.59767813793056,312.9856645276338,131.59783262277625,140.578613013124,217.64816350690575,123.18661030190596,282.8005920739821,239.15133932205237,278.1721596322887,133.00756937771285,114.82922220528803,139.83173258169265,297.10396491932204,177.08678095942236,209.20736751892076,190.0579533570656,120.42265127654619,193.96937582676463,262.20821739184134,166.0397782882936,187.18289685003364,154.26203134999085,181.67630391334276,102.1793290541746,274.5770638266803,188.12853978236274,164.88122750886066,210.21978881109288,181.0804814330962,209.83143541508707,207.28913222829416
164.22320934140265,240.9260103684873,342.53142109458196,157.49440543663616,144.87554549617118,210.61592001483353,135.66322823365095,280.9632212173538,241.4551737965414,266.41196219044843,129.38813241501916,128.20619233784373,128.31395687381377,273.0753947828199,195.3303361155705,207.48780586953876,175.6774266472801,113.20012898103809,177.78419120667263,260.51731613080847,164.59946115241956,221.29097309974225,160.06662287041158,172.66710769706913,97.08519968345264,259.199643827214,173.8067746167549,160.09206206666465,212.16766388717045,187.27401453945086,207.14862562370797,218.3536229755348
160.5466945319568,243.34047823124865,314.9728207610776,129.1694944135003,165.15656305311865,217.35027157075538,125.34736848916765,322.862777381911,251.12951926770555,255.50176592401633,132.20610466048285,136.77046682831332,119.36304425132009,258.16918292309833,211.89218278501022,229.83597248841892,226.94081950637565,135.2781204705687,186.94704935121365,259.1769066060093,196.74481452052112,191.1397058956804,139.3275222523888,166.87740077094793,101.26418474519832,245.66047343325525,199.34670585019927,184.22924390531028,199.95872241291005,216.5626372828012,196.05474676639676,216.70745075384758
175.18080939630835,243.42688776001947,303.6686208020835,185.40647492891003,142.51673972587838,204.3111745875338,119.92876876472664,290.67709919510474,261.6427008853656,248.43199820436521,144.24666144817988,175.68459302446172,140.05864438023497,295.9765251567356,179.82460215425306,207.72782628886821,190.69027346514864,130.46495560149145,217.91505555792872,276.2943113694649,155.52327963120797,188.8939107948909,172.44361252083536,157.26962796668477,99.39593814955695,258.8259355071375,182.22683879412216,167.24360609628798,189.17740209392736,182.73700689259877,188.11359220291718,188.255867261579
146.12142636958333,225.7414745289988,295.98709765805086,151.82027443713199,142.0162488455412,240.0610394847117,132.6149876661384,297.5319830453109,263.9531472871817,249.6574539473764,145.6321521569085,140.77707407584055,123.44316034558881,268.80786718543226,172.2209251784937,226.00524155828705,191.15905799731746,143.86109224933446,192.327910638577,278.2303616643859,162.57181517090672,198.80259293894824,169.07879262953847,163.31823477008612,119.60478580724175,248.76902282118303,192.29260074192206,176.55253292574344,206.11937531018594,199.85962938065236,190.57763770462566,219.93805494790598
145.1564468281714,216.43258100661197,305.84414537698086,178.72497917689554,137.592612588486,219.80686424122288,130.01747368606738,282.58853558870317,261.51277077280895,251.04160099432525,130.62805626585174,146.5729204885278,121.26287583598571,268.6726645366128,176.63631062222248,227.7723161136392,330.51887935663524,129.47518610623496,183.07248894509817,252.57064510736086,159.82336541169212,182.0749934209475,151.06528744662563,179.16887680529692,123.29486831584396,250.27329597346196,190.58462437240124,181.7439584525284,217.14776771896138,181.7263978718372,218.75331183542102,222.30746326992232
160.5041173975317,207.84527303448982,299.8149458366446,146.8652923805525,157.72597595448013,221.69974354498214,129.4112322543772,310.52586065162603,239.78753978173563,252.855415624196,127.95770447156085,145.01204642062208,126.88261409536801,262.02919925334567,170.69170024881575,216.18276256877712,201.1462916634395,116.06141660288633,182.41299717816875,270.9636673008446,176.6375668812831,173.78803406562457,156.7234958708704,199.3481846376884,108.8914511861207,266.81778684721115,185.28100020059748,164.58327912761953,220.05980528977483,184.5977331396739,197.4041190728356,199.18754260962223
138.1680686064212,223.61659425465908,307.5309500710312,150.7128419648736,149.976531282252,210.7078059385007,152.59179486043632,292.5844895554453,272.50792519335977,256.1048332097826,136.4508875722428,122.09148817013852,121.51017405242291,275.55068630338167,230.75810192730216,362.2357125406264,177.21202844851967,113.91636438329323,186.92085952057272,254.86034399312769,174.47579986071347,174.0943221653444,158.28339220058896,206.2404601473729,95.60673939991666,244.58157696357824,168.24451455993278,171.60996263354934,195.21681274717477,200.48995374823375,195.14771533338728,199.60248397247076
155.28876637216382,228.49199806204558,303.51614801537585,123.10358211251545,149.06752835130845,211.16996394552342,126.17016268298096,314.44437383489606,261.7535850667651,280.355736351161,131.58922268608404,131.35600289674738,138.41097262913271,284.2442161548711,174.60351469684252,211.89972662250855,183.7546925567637,110.30607825049493,180.10631506082484,257.2146874742081,153.4867484084782,172.4653655479603,172.41249166448824,183.81556677640145,100.25763085252991,292.6027601601051,199.622304085413,175.82051741174942,194.8513270935448,180.73118558052684,206.77226906747268,189.9662078997897
169.31119414244773,208.74074550600528,306.67120285308596,130.9803129966359,185.13196106729998,240.20300947211686,152.81790146472346,294.5281978193759,279.7298406816619,240.6597806495722,182.09571831760218,131.19564505916105,130.8507117129024,266.84066920444457,198.35528186963927,209.42849944588815,184.30442861951437,112.40468806875954,193.9326450762945,262.70355268530255,172.78591244913775,183.13470286655678,175.51848780403765,215.0803705873981,100.82558136809843,251.72024844001797,179.51760343013942,156.9258753175454,208.15181066607877,212.03135828906642,197.01901491839416,193.77796590268792
147.89032272864972,242.12308627503592,298.40440889278193,142.7329805865107,142.0001292085834,212.83898413597296,165.37703782869454,279.96494794012506,240.97795787896985,242.37765514504858,153.97021889526184,130.59783018689112,130.3978753176814,283.2293839830674,196.75671027461885,229.03820662059388,232.76773010830743,125.89309498169567,187.60653946363942,279.86262665645245,172.7363098925201,169.4604812226487,136.10536906852695,199.43233100603126,108.69942279573579,242.20369065736372,169.96719111712537,215.36007864025737,220.43200352931123,189.59893632603013,207.15672515886476,195.15216907798998
162.34829885017524,251.26181827421925,309.02697694256454,136.8338849555424,161.64457564891825,207.6039004059069,129.96484058467257,279.39300001578187,256.0518043505027,252.76817906533418,134.8795537557229,117.63686010281508,126.4447422216503,285.1757536020399,185.92988624189928,232.3218176123193,185.1411420163362,112.08522824279055,231.51742510170982,274.1348421616835,161.65821590458842,201.65157227802098,152.4601154684314,189.1955966872041,91.72901131977336,266.20207312992363,170.9189385006648,179.67977768977102,191.8145294148259,171.3874175279452,191.5933905712365,202.58927450852624
142.3251255161389,210.47365818807097,315.15352489175297,148.48483564672088,167.27988401817674,228.1527701886095,128.6606768251483,276.1954108304786,237.24505727467587,252.55764665686928,166.5611082506843,124.53359806299159,136.79060475341066,278.51044714273644,166.328980665374,208.02937043709616,175.89066731910836,134.50659092412576,194.24501904727597,255.86570124839085,161.71470052296846,174.15762101756596,143.6361195546221,174.66563659834173,94.82423755118003,271.338050900196,173.90042909230837,199.4052703244227,197.55843427910358,184.64581505470954,218.2837835961526,200.66294593263305
155.90147329501934,219.86913530322067,305.2703000784506,169.27875703723134,138.34725259913466,202.46586411452117,181.1785453011347,279.1007925250694,247.92428681950787,246.19617489077652,148.58337473500356,115.97134156281014,141.86836130790084,272.79922742573206,189.64517212520107,217.60299710423845,182.43091565028652,135.2039577772785,202.31331314977663,256.7568171785408,182.74037695550945,206.34189512539456,156.3777366848574,228.5326004913543,118.84190081153824,242.38522184356307,173.78843645231223,183.44986456156508,200.95114146428213,189.46800351590235,199.64503019396494,193.2642493802372
146.1703292745124,222.31550164467367,310.2768374218504,138.94818623530654,161.19214970132947,214.4513339579289,126.35306767888689,297.96146032953186,258.2461734260821,295.49916627816884,143.76346704388345,115.9257080242883,127.66587437393221,266.91600232290364,170.8209316266247,280.98231319867045,188.9699179058694,122.35447310113398,190.3997689959974,252.51806365135087,159.61001783304593,199.01985999835108,145.9938819666273,165.01377988101916,108.35638428483314,250.4706089942638,168.57895238317866,162.55927075540183,198.08705398424942,212.6337417283965,186.0986733433807,194.90313549484083
167.09124090085038,226.05519733378273,310.92439758244774,281.5680632551893,140.52127145571143,216.20833475533553,120.0298407792084,320.7229090876184,239.3238460469971,253.5487840248306,133.8696251860764,139.33118408352573,286.7212954237267,281.55652377303204,179.80223196526836,201.95547256074624,179.148648982059,111.70829453633519,171.58508801825977,268.4946475419001,157.08060498989133,186.55117062661196,158.98163343102468,160.1999918320371,99.5361136720065,273.7239811508574,177.6569217725172,160.21181569120108,218.2476893992572,187.89326013769684,194.33433246855174,187.78490007488676
145.35794413360568,211.89486187402372,339.5810706646396,136.66309858643865,288.78988231077096,206.72493248066726,137.49239259690506,289.9924170071979,237.47503258502104,245.3278140689037,128.21757371156176,131.0111267135964,128.7131857430356,291.82866269248984,175.89017165931986,228.5190712435617,187.7904990553132,159.95730681336963,196.48606319076987,250.7954242829361,161.41210680935671,168.21331111074988,148.11414497875816,161.51767941177707,92.24732190095584,240.42610357334533,177.9520604157721,161.36175938712637,199.9298277180375,183.24598692409532,214.62829690966618,218.6720304857227
147.5523781710346,234.78613819714153,334.38653598218343,123.52159569071995,143.17312182752283,214.04629640577343,140.23222432595333,299.59393247671505,269.1714466195476,277.5634253020947,167.87377358755634,129.24463252819692,136.80550557417303,302.27376309665976,164.16024443564535,224.0703386108967,174.36798371887582,116.30046016486037,182.24715629119316,247.3561274428286,174.1538659332502,184.83602984520118,313.48478301057685,157.50784820136997,101.39762524480426,252.57810528913805,173.85489611242429,171.15856121295522,210.02670930715337,174.9638780271589,189.6092736665535,230.23800946165045
136.9389905486007,212.73850928784836,308.72809132064106,149.5128125319996,145.99641218641085,244.65759133746343,122.3413059838491,312.0954770658652,241.7790608842722,268.12219708425096,140.07594985133758,124.96127118966069,143.349107519337,267.8340550309148,173.72600532896143,208.16349040694038,171.90514108932905,132.75734051846763,210.02733265953572,285.1601148263476,153.682604224473,210.22530893331358,293.11943507082685,168.21739483642463,110.43465244785492,245.00648256874942,173.2454438525296,231.3027935782037,190.8666275235161,198.6319208114151,189.02205409618315,191.60414990029082
148.19483538318647,229.87906629911774,302.390712477411,157.97456316085382,159.32231996264844,213.28312707654143,139.1225257900833,292.210670420114,249.16362241684683,292.857531217302,135.39623469514837,117.9016708372619,118.94200420719696,267.29754229029794,165.90497233690107,216.90045637802882,201.70459884127482,118.1201104053614,188.8549011658064,254.77248152075552,213.9677294256546,170.42174338565673,145.58345299345686,178.89329703003528,118.47822309361197,409.2065741092563,169.45023685770047,162.51136839109944,206.76769542763955,189.78213331120273,235.73331805009423,193.01739617117354
137.04378191468436,216.8520707578889,306.6134279948108,150.21062801270858,139.59990368750343,204.00620022927598,148.61564118525453,284.0800876255309,243.1774283397815,262.83615598459505,148.54686261483405,162.64602155195664,161.98810570715,278.13704263702095,177.37336022417665,202.417470917446,173.9896003057789,115.72135560093227,213.46385344233786,253.92384260178238,157.39893897490003,163.62173322527636,139.72571793618744,205.4418139938888,111.72899805475414,274.83371244362513,188.1251306981382,181.76577661009452,195.72981478530983,190.5106444452801,191.97149298214603,194.47256745024094
161.63393249706738,232.2447934944277,304.95978627028563,132.5325551770608,177.03860483621702,201.51353880607428,140.33219626926228,287.9684128414486,252.32292411687754,254.31624567065438,133.11894089584925,134.022519566362,162.0259662291496,309.7533677702016,172.93679124679502,211.1802016933808,197.9616820055489,114.24437803314893,168.03702979960553,267.09124210570775,161.4029109312411,177.0727773508567,140.04498972816847,177.69695964458876,121.560960461554,250.55675578279954,161.94037781324687,167.4346343374217,191.16667806666675,177.4530781674052,199.01600706984746,207.723745865392
168.2588483223176,208.88461586641483,317.0738912992729,122.98836190359906,139.25575983183404,230.35086942049702,131.9701177423412,278.01823552062666,249.16397549378507,245.66423533601207,133.9336160277196,118.24368210921612,132.26097401802548,273.37734349198047,182.09000257162037,208.08878532115443,238.15082143590524,130.75643113838902,207.99864947851282,269.8949388675725,174.86832994749906,172.6860883256947,161.04669058724983,178.22711691976295,106.72907421131772,251.63361711035063,204.18264349397586,184.2297123482775,194.8017891597733,178.20387107928423,185.22789279684736,194.17365767631082
142.03409453607324,232.73717263858873,302.51399914387486,128.9339351559831,150.6402893862551,209.7035666096483,125.8208290482321,309.73834155358776,248.08555887655194,264.14847128383553,121.73242888854558,134.83684223373746,122.19462822295374,267.9806304339991,163.69953348419315,206.85880907291235,218.82455415472145,137.369805186645,182.15530664902732,259.89144625921034,160.0952651745988,162.3664051607758,158.13117749259564,168.2460291981045,112.93077648743864,249.94355858731902,186.02496570189308,160.28490309016618,209.32583796511676,171.47402762417042,228.11499457790578,184.3250102216125
148.42711123443308,220.09746797470214,303.00766259729033,132.5428922842549,156.1633931311721,222.40452315059733,133.3045998585924,300.4135433433042,261.6024382331985,257.20204298402535,118.98265634383822,132.58263970079042,149.6626030531802,268.5789527872587,182.4807717321188,205.91390187336125,191.78472853120962,124.38576674532837,201.60349861172784,257.33574972583745,207.65234779123318,172.89372894918282,173.48588213326457,158.68950234325996,116.97414862491765,248.0688363600365,195.46759033469522,161.82539062208954,207.75126702669408,173.5044224472113,196.1485075865073,194.33968899937733
161.2691982826674,236.17834734827403,295.69508981133754,138.4060109558793,152.50722463986597,206.84594269556806,121.37880004610912,279.9282236313885,262.9140119991087,242.62873760657743,165.62029877519026,136.8287030714886,144.97373925314054,305.3032488799224,187.72882761623623,219.15539169734106,190.41511661484034,119.2398397192062,178.4088229007051,248.11987566262073,161.0762086123961,169.74945906281488,189.7720001536107,168.91906860006003,102.77664059936465,249.23119669547572,194.00301837552777,212.20166522741954,200.14006144368867,180.37056121429924,203.05770846770614,206.22211906850774
161.3132426362285,222.10618537853694,310.98214012490564,123.35536977334637,190.60441296152177,214.77883460923658,282.58530471072515,274.87526064508637,252.6838504890874,263.257942938244,129.0957165820382,129.83617378245913,139.20365872650905,273.0288870197761,170.73887947227786,205.48721536512426,174.4573676543251,123.73254935719073,182.00440479350752,294.50803690350466,156.85223270021763,169.69390057341624,145.3264892191238,164.7128039746154,105.7128688300734,246.6894508473205,178.5640035064236,168.78475020306144,218.6161135874053,174.1270449995793,190.16896812940965,191.65216511043747
147.82699283054245,213.54444864208534,316.64135686698535,129.8920227752178,145.30438578225304,213.5608991075409,145.90756909924949,305.879187497703,265.5158263224507,299.84570438935606,124.27340128640438,122.9897181958371,136.2548677673151,286.1097274448635,183.0094071053841,216.64890715322915,216.42132126179587,141.13356656597892,177.6428511824906,259.9894444968915,168.5918340701438,177.9133203944674,171.35275419608197,175.87663021401687,134.2489547377585,269.0369819630688,174.91514440771493,162.90549773476604,193.27040027633424,214.7185856739748,205.78751087029258,206.83323614254152
160.56744618750184,221.13083310149767,298.9418585873223,166.90923148514594,156.14574834743337,208.67420081613005,152.44684584250004,278.7823775756323,253.36036876175382,258.87996435172136,137.70137504109655,115.00875344801685,121.42274237632482,282.15018951613627,192.50824040607642,218.43722139139345,195.68352950239105,116.69357004375622,170.88471534340968,258.72261875584616,167.03599400393358,176.54299168178412,162.40555025913923,162.69406478181443,100.28264911934738,244.54270108417552,219.6539019393067,162.84903331174917,187.8699389338543,174.80772040210576,202.86937558369306,194.62687103592307
302.24303786377504,213.4660924260581,304.76780086257224,132.45327160752913,159.5553922319943,203.69727992428108,120.53048536262386,317.7135945213629,243.73092481540303,267.39838367016165,120.41347160952107,119.4447467120789,124.10996778363021,263.06877706266965,182.56762867765553,206.4164014193981,212.02101429536305,111.90063266927837,175.80104641663462,259.88390780562634,175.36195856392038,180.0070922116333,146.5043885937119,181.99468426335147,108.86218247559407,253.07399682443992,174.91252635630974,164.37188349518934,192.06079884968057,196.8582375227823,205.67510976346318,218.1124975403165
136.8138296877869,234.54228690034242,304.8078083075199,163.11608210660856,182.71803676021204,215.3009972168459,139.4316094931256,346.51374803626607,257.41423987589855,247.61416000165997,191.40469776581,126.764606239405,136.55431129755226,262.66934532619035,188.1169359209579,207.3207933625827,193.55484225189545,114.89198023722292,171.67681763790662,249.27593936401695,215.2457096132845,183.84855299344596,165.71640732911968,163.8281289926711,97.75381130323963,245.01237535228407,175.86570475937359,165.22014711318855,229.77853039433833,174.3060675939574,188.25420269808538,193.3735334435268
140.37964785606485,225.69813553349786,331.3510465982522,135.95657935357855,168.93139428480598,225.75758734873932,146.83648630373753,284.7396186343367,322.9249322545216,269.91853552596166,148.43698882502326,123.48754366323128,149.30395166445376,298.8471088554273,173.50058459748766,217.7914612287879,188.80382765873742,128.02785656563887,180.87835633466733,292.06871356864724,194.10697510984744,169.4563780707892,141.24413337053096,159.8752025374109,121.87590475108671,249.29535091027122,170.14947145306482,187.46399360504034,191.505725427495,216.0053258279559,197.77518707327272,187.91532282028732
174.76334297967475,213.141606175449,299.81162356948863,135.26681998235696,137.8784419836878,207.7233825001303,129.79910251269393,318.05260648357546,242.44487121119607,253.1985371310608,173.22502842775503,138.7510567208658,142.8164227060838,261.7332904906866,164.8323359380818,204.4973687401601,182.21256282043854,151.0497716787629,192.02564367560808,260.11981646437283,175.95239988434423,202.84457477034812,144.3536526241836,175.32536771085057,100.03548341587219,245.94684853997165,171.3884121259135,174.4868938983557,208.25628226631753,201.63223156395648,216.95021862516464,187.6382854550821
158.50711894208496,239.55584011319957,302.43183042178686,140.08714468639366,140.32860774559865,214.2634302703054,127.791602651804,299.8552044146719,252.78563059137923,280.81144983912577,132.65521442235507,115.75320819850607,128.31483211322512,319.81724804502346,178.0006816650747,204.59448923483396,173.08792049473155,279.0199754786825,187.70727410571322,248.90123487929108,165.37229551785714,165.45155211466167,149.26052473258855,161.43713579174957,106.90748623912789,255.8294691653541,168.81096108504767,194.88229944295338,209.57912615050395,202.24095126481154,220.43668219611877,232.66511909715803
145.09314165980345,222.5093531716175,339.3208199646654,130.72939631202806,139.41081403268004,217.47367440932112,120.56975719326384,306.47473213445824,248.50208816776853,247.34118303308875,128.95666190975652,147.4288224279128,128.9144320298072,283.90707666968444,164.54745419071273,218.1678875115088,215.0167024324484,127.16702243145434,214.9914291233444,265.49338097817383,172.81291947497127,202.5611443179434,156.66341863585563,169.5917261055776,114.83474704391459,245.7945317694056,196.56837085928098,174.41264500482976,207.51803963041516,184.8385752226183,201.213626831181,201.78109137164628
149.62837594845098,209.7035195890266,310.7879549705133,142.32984180899464,151.9656939605133,212.61648681159443,129.3174572555862,300.97861799981865,245.69609979058433,258.2656361471094,135.0342381247652,135.45565374544964,152.2774295331041,268.5185615531762,168.3976379956977,211.83953945376078,196.71764975208066,115.92895651743325,192.7639771451879,267.29780843617414,224.0558628330882,168.52015800849588,152.6864142326583,177.49455386140366,122.17023945980485,245.41422950767054,194.03598523606874,181.93374970376826,343.7362477164341,191.52087527267005,186.0972688937117,195.5345417005158
154.6664692110666,222.13806503180237,317.7376785646189,129.30000104105207,143.90215760497696,224.6033146041412,127.89649810823003,291.58261948607355,252.5109880803205,250.79228403838357,143.23474041298144,114.00770684683968,128.44262406279267,262.5631119794908,187.35945397196377,207.58967017664327,189.8867076909704,122.33245595906413,171.1698311977361,260.2581441274413,163.252835909734,198.07782468865054,134.7128801893741,163.2566806940809,108.26898314346684,243.45702937777688,237.39158070900567,164.48133377511869,200.65269066266356,209.49690325594258,194.1519248143284,202.25897084385505
151.23918790307232,241.86148837669145,313.42593824659014,146.45108747076256,160.88154055855978,215.3636858152189,123.72785346735532,277.04064848180434,251.77730842188507,290.3217303060614,134.83814967188155,115.42463809732027,152.91798229867496,268.58766245415217,164.51078188756094,208.27125699356893,189.32113490061218,119.79526960196031,175.82531148832413,291.0349897526715,161.46476264842318,191.91381965943103,176.86737256953182,168.74688696263263,105.06272871653798,242.9315181439543,177.7763201374307,206.87897238164186,211.67886935751588,178.53772411936953,183.91374694791537,201.9861464624756
196.3054781445083,245.92457327419655,295.4132640410628,131.32516452726276,145.05378069613374,238.37987170820443,147.80226084332241,291.55849093103984,249.52732103339534,263.679994566296,122.19289517390237,124.6443116451951,168.48218753841817,267.803508784414,168.71998143452618,237.53667700360776,219.31271562968033,110.12102315141269,179.69130322032942,278.0353628905122,182.4065071002973,169.35586883727098,146.22040279882142,168.66847663536657,158.08914940054223,245.06764405478762,185.79108857647554,338.3562485895343,210.7499126783804,177.7612883859328,215.37464606668647,202.1266944415358
165.64648190189575,221.8532913210783,310.90411005868094,135.38851898819783,143.67600139187772,215.92358375420622,134.49579739154507,308.42377316257915,241.43199659598713,260.3714348978002,133.1018142971759,128.31769481244106,143.7160017476985,282.87327203230984,164.00830908611115,222.5904345070348,173.9524605431296,112.17553440773604,170.57891633716358,258.0496912024935,162.8544931143945,177.1387713849557,167.9908210505376,160.98790809579577,110.22383044223295,259.2794417995663,171.44424300331815,169.39005191673232,198.18926289837825,180.98552580140753,191.5257138676267,209.47038186170516
143.5827177779731,245.17082599917364,297.6709501881629,142.9664710031667,147.8821769230285,204.02174170036767,129.75462374646278,296.95660613902976,238.03465951121282,249.2219083528214,126.30988030876178,135.4413620600659,124.04817700606061,283.6433162147162,174.78500567006384,204.57811171897944,203.72473757553476,117.93091082975575,187.64198637972612,254.9181785651411,156.39063347770812,166.3848760166842,144.5307001187731,163.4297876011903,112.02021549985103,261.9250568204255,186.91896746318864,160.06606532500436,188.17744930706868,183.07002256236856,195.2354584171296,182.6572680268977
142.30530325104831,240.65939394818622,309.75309423336296,143.11094935174546,138.49590528064317,229.98889498031053,128.21257987347408,283.61950501963395,268.8188970119551,248.16856255563673,134.93979284164075,119.82858428287588,123.35521148755255,275.27807795772657,173.37952723579986,212.52373936500092,179.06388687893002,114.75199694851382,177.10104217412123,260.26893243842795,154.01923788660937,170.63503810351833,159.8033310442892,172.86704905476694,109.53644795313221,249.48190291146346,171.04131467290222,217.02177185264176,197.9674359605561,194.27172449387828,206.62974700105798,214.97464802316262
147.32881874430828,225.5968156453292,295.7005151465927,130.0748731985561,167.56539448732457,209.94566887979687,147.7937702383733,296.42591749107834,243.38447094691494,242.06629044543627,124.53085422561887,140.71892173066053,128.55493955681834,264.0882045100731,208.60583165462236,223.22645211746377,201.41672121501102,129.9186643869616,184.82695218427406,247.05185611826047,162.73480544004775,184.17227583098366,137.59627957989903,168.58562995082343,244.10324291924803,276.0221849069349,173.12021014081841,167.2827049775368,245.8393993586753,176.12783716683805,226.53812880674022,193.71466330103746
139.86427378802352,229.11346736876817,308.069395247843,168.41792983543493,160.15439308537123,211.83604634397693,135.71635707088942,277.8814880414683,242.01445678395663,249.44605502262806,120.2681308490342,126.12961691110638,120.64858114239516,270.0402825637031,321.9560425452082,239.20963844383658,171.0345367815826,130.61441788283474,191.50702060838285,288.21540419427976,162.9111974887047,212.40207292068197,162.80234906594092,161.62000466458014,100.52154255896242,242.77556719617903,313.5881787479875,185.0552285249867,218.7192074276478,215.0139775705908,250.81747260846532,185.73330558896873
286.54196043058937,227.75145763811148,323.0621267386153,125.46347155416636,150.99465310615133,239.68167378226178,120.38815861072335,285.4382837924485,259.96762910973905,314.92721871829986,149.12868394378293,132.07462336703733,165.19892352877844,426.44522862036297,182.06313189074837,207.2191140092724,192.6388450879328,184.65798168582626,173.95479802124405,258.11814896964194,175.61620901539672,203.9083352640979,143.9105444075279,172.88718866647073,120.05813552482687,256.3948409559329,171.2729287310161,175.82684565357619,229.05859158666095,184.1424905560775,184.33745290300968,184.5459513404502
291.8117815720443,222.1453831556346,330.31563616856715,143.11288712507144,160.13270689270183,283.23292227524564,133.65859023311032,293.68606712439316,243.556829913213,242.16499890033958,119.12081357336112,147.85024913365908,142.5720614251702,289.0061149554469,183.6340590614362,227.4779217086505,178.7443832771241,111.64194231744278,176.61113782243518,256.75326398357095,171.49040698955505,172.39129689135305,140.23292915550394,185.3646986652347,102.72570193889096,249.98525681717143,168.32696881159612,182.26508595806396,199.47301434463435,180.3460001576159,187.0262814511621,214.0305606453687
289.55487005716543,215.03257449680817,299.8058157812665,120.5351704474581,150.60604933411162,202.8881111552515,283.47109316168473,275.58233624300004,240.44016608199405,252.1037822408749,141.99889086952416,126.13588628270274,128.84483089708198,263.9261558677161,166.29978151986467,207.4370354064349,178.23661378132635,120.70844345869594,179.52397791910937,264.94367627829905,170.470471464058,163.9055229738549,194.71808295342132,175.4178425869137,120.9674238343039,241.4262710724495,175.89426629177814,178.88717797090916,202.0098605807284,182.57617217763163,195.17211866146465,187.8437048111665
157.05932634507053,226.40979146992527,311.7001882767091,147.46235567137205,163.5617710604494,211.1854282977958,123.63987250770427,291.61170574087004,250.93685305762602,257.93895750462764,148.8026926755591,111.13381403451109,157.32265062212113,262.3967338012064,180.0770722578858,208.47937103261467,180.7591849881762,127.35523296982802,171.24303330804148,249.39614111043832,167.79872594441863,168.62853727493732,149.33345373575858,159.72953035403816,99.2113782411084,255.88391002342874,175.46826442624425,162.3662776077031,193.8437518812622,180.05669652982021,194.10913779291917,189.17936109802577
152.42613135167647,227.05847703407085,320.0199050355566,142.34157720418753,144.5959596735586,228.6785386176377,131.99491326216474,294.1372774971514,255.45416936799757,263.1182102995277,122.98373712104892,143.56761070534043,147.4407249147027,263.3397137263886,163.75238219008662,204.71827249928523,214.47673839628507,119.7343348958015,179.6008143726558,254.83591700094132,175.7909561510948,215.34681712299292,138.85126554389242,173.03141442687183,91.58836675607311,255.94155804782642,183.3665438247311,171.63780470785372,199.02620620104966,217.09735248814505,195.27711998966186,199.618010303526
159.29426623907892,248.40465261078577,325.37623572063944,128.37198659427912,140.12236660759154,220.12574503931293,132.43399293241094,274.0904792420052,256.0908197849235,247.2678654930114,179.73906768182545,112.44737117927056,125.80326918505722,299.7873582564748,180.2271263457048,218.76740607216482,172.76032328265055,146.39415927538607,193.088351553741,248.20326277094622,155.56533441346176,173.02201823114575,141.97904488533825,169.6378509709913,102.75308414026406,248.18443794802891,167.76391032770016,183.33021698231045,199.38178393196486,194.80610302058017,202.9841949586171,188.02059257827818
141.9995144815094,235.07978628029397,310.3660843711095,133.26290539604378,143.6799810394146,204.4072203564157,129.53685482039805,278.435146380769,259.00609879385365,243.89666178317208,134.24132653414998,140.88004971607302,181.4395601706554,256.95814151571835,162.60031618449827,215.51766808520932,176.72661460734685,132.7772275038014,184.7629225518466,272.59993628711453,157.33368794358796,169.91555090732714,151.7941162982288,211.64815310314708,141.32049476136677,256.88343814693553,182.89074853770077,167.43515684637183,186.49519791099826,199.41891782754703,342.7463668351247,191.39101687562288
139.67737136746732,233.31190043136195,309.6412932360186,157.90740806814017,144.50806927967778,235.1390296944637,126.34062336228882,290.3761065358909,237.91490293687323,251.15530938200718,126.01700349949337,114.76394792183025,124.54088412214642,279.1497466622399,172.17442806232447,219.70454250715943,191.18054725274283,118.6953665206083,192.78285138298168,267.27233468436594,173.4259307307824,168.27185222319147,142.13952877590876,162.18381064138288,112.14402444172542,258.5862882490262,178.9856953079804,204.41005204890675,193.37524719860846,176.96774503176155,186.02909701073634,188.6097334609687
158.345445473234,226.20108825499665,311.1493376683656,152.828423022035,149.7714182391037,213.39001089555734,118.7424897752847,282.260032756623,242.90694642628316,261.7535925441834,121.5317819565107,131.8221874611603,136.04280992584046,298.30853404215463,177.28114626314908,221.33188116711761,186.56013254903553,158.77177540012485,185.00931998852053,248.05425112152884,155.8122457208265,189.26445637953128,159.06990483931244,170.7115965593941,107.24422533509596,271.0190364196635,166.97476181353494,172.30074761564214,205.46540849178695,193.9620077530041,218.275756574268,190.25425799900546
136.8135526491491,228.74150436020747,305.354681047292,133.26044544259466,149.90256141848326,218.52868515145394,125.95844864956042,279.9401527781975,283.1431950350471,248.24020440006208,121.75201770831603,123.44013681973101,125.15726870862476,296.0556279954077,178.3902096455699,228.13384097755542,170.94472837642607,135.10856991281284,175.30727554734327,248.3748681664936,167.20320399387134,172.00241536302585,140.81556571427168,175.5762980044843,94.27096279349507,241.32270265341194,185.35277367998287,156.12584076421274,193.05032194091734,181.0053387461191,187.8155271340404,203.63859398099913
151.21190393740844,225.00494507484933,299.90869304998375,134.5001791624552,149.52417674252231,232.42667856680208,120.12632415487721,291.8478752404546,278.49032511378766,248.26461782227858,122.06090848701237,111.18477901905328,136.88108048670196,264.85049057549907,190.8424332439439,233.25794773203154,194.71751148631273,110.97360815830125,190.76814036095027,280.36754527764407,152.99563740643592,167.5457012125969,161.2730906277191,187.58533730925856,94.53060831577713,258.873857485358,170.92349951006352,177.2936777880001,194.9784037081373,208.13020416654243,198.70534002325954,217.81793111554686
142.57507120919124,238.14402762848243,314.25699812415667,135.53333266413475,145.18371514234752,214.82604905190286,123.38492731179831,279.81143680469467,266.3944944092991,276.5144055867287,136.37054565079853,134.33834412781792,136.4602532084853,263.68414394294854,172.8734780900751,204.2330964583996,181.16480430374472,119.60440416934036,215.2911980467601,255.67766262365197,160.06067987185193,182.21673940801566,155.6788634609382,171.6288671759518,112.00378392562816,239.46740064932538,188.82497731798586,159.9966762317734,216.77453689570075,198.77052552248284,184.9565850154446,211.95575944106983
160.19610379526293,217.5591193216377,328.2028220675104,133.55946878853865,147.7176492868674,213.19619259403666,132.4361562671424,271.4112792079905,285.8953022657716,239.8711770320733,143.88510446232084,143.87074910270422,150.20050896642536,261.8427335738238,164.1188776336269,204.0840808251483,184.111984282171,116.9190371404502,171.58636979005146,292.2007032469393,166.4234537846756,164.75016170267838,153.91768121405343,168.28161767917038,98.22651440522496,255.8010081491063,218.92352392942948,162.45121217522814,206.43460199862614,198.6668276461873,207.02851150451946,211.33098725246754
143.9051131029685,221.93647070059376,326.58988567157377,166.77756074081387,158.25161407204126,209.64145916098352,121.64321065716847,281.66012226234096,237.6516204603089,251.52108064860454,147.85697524705975,125.430936044151,126.57723443844104,260.7304307884347,173.29956571626866,232.06718463592168,181.81103805453566,121.41952593052414,173.95952423739823,257.3630783797566,164.7952060979519,165.0967113339887,145.38634138865433,164.80954236596367,96.77787064897427,290.00307421201717,177.44231838004606,173.31053396106384,202.7809720479581,199.84697767027913,186.50256581762238,190.9173935234394
158.3954260615671,211.16214100750756,341.1554581385297,143.40395487758167,148.46427542801558,219.56859674141324,126.1613919399558,275.2058848546068,259.41654482089245,248.58191378864532,141.87637563930332,131.17996628710847,125.93755717422289,261.9028169162426,161.31063212542847,215.45718478856375,192.2093910954194,151.4126690786283,202.62108272347285,269.99108619062685,153.2720614256167,180.78515844665282,152.72590276030434,177.56992503519893,128.19643752449355,263.4638781915919,184.81449681214838,167.4567194528536,206.85357651402077,199.47583489259682,202.46852729569792,186.41084933215876
144.29953923198082,212.50805466429023,295.6337271044877,123.52397091837491,142.78702252943708,206.69164620211322,134.44243045656765,290.1918867449313,258.9765469381745,249.66968584764453,155.67868082186388,133.15131375141195,133.65170436613295,277.82529458401035,159.55413279455283,218.00094465697816,180.47352002491922,125.46516309569961,183.66071962600708,258.23736009424164,167.81213274306546,177.96960834292216,141.3112842045906,199.75063313861756,112.59254112371565,261.39042959328236,197.32472821093165,163.76983314340177,218.42939493064182,186.4845307575443,216.81145218045702,189.94001001233647
146.4555594527759,211.3290652602425,307.2660608731058,124.90775917717139,144.93601412408435,212.4579556173787,149.03541255525775,303.50038457176436,277.9082765185944,250.0525821284677,147.87951654770495,133.84599500555527,137.78206498001546,295.94452489204355,167.19477815683882,217.2310717822861,190.17358229819826,118.03771134282292,186.21460496078424,249.89188667773098,161.93590672949,167.8686787862348,150.34379534666897,173.20098077917697,96.70631310361314,240.25150271880645,161.56567790711227,184.07680213030517,191.1248611628618,176.52514078825382,354.80797613135906,225.11807477728289
144.46886597299886,228.6488770162876,303.2118891485181,170.27259419207567,144.29563786769094,208.25354897048408,126.40446294211658,301.4568677115201,254.15260493791712,260.36371548328566,128.72794873771824,162.23730931294932,144.5526073533242,290.93076930958466,182.10719821508738,210.59117841943313,169.99874174287845,129.43610592717567,190.80904525175055,254.66071928568957,157.8890246009456,163.61166618959027,138.36993879009106,167.58887199339887,101.16437111135636,275.3552305314384,177.43180713122229,186.20794493193256,200.01576914878336,179.70752973622953,207.27728536793722,190.70793031308685
141.4513018517186,248.4355891972523,312.347571700827,158.2383358910821,142.69351563212058,225.32171449170716,135.84827729056155,278.6281860935472,238.36320023200005,256.02173584099876,148.83320581086093,127.43666913105253,133.19350059657626,256.5551122054058,166.24951924145387,236.48441792659474,191.24573758323822,150.08483749441947,183.30182241794176,261.19914634713365,163.93070351129901,225.3300115047017,155.22380329878325,160.0442970239666,140.28635610564027,256.4795675002026,169.4492447920466,179.28637310108172,233.73182001277206,178.61186773433943,191.4879304282234,186.5745179564275
150.31562826818185,220.58796573054855,364.1056524107858,156.3798236255324,135.75288566191517,220.17565973833595,147.77392220310978,284.3652820189281,250.29491424733496,254.62268798727976,126.48581408373725,126.65264668756565,148.84700951950836,267.61910750155084,167.6778890725328,227.60785501190114,201.28186584599047,118.42069129918569,180.40151856978318,271.96640407481027,166.0391055360761,176.91237914555228,159.1118553229383,167.60964404583012,109.32466777677813,259.43224509052936,186.65491481763138,212.0805338115952,193.72665388986553,179.79975673428802,209.11244321120026,193.00118712685895
158.94632432516636,206.94893687633285,302.61077197138394,178.39866653599,142.7069297679351,218.42771507427648,125.64534566002312,317.8362573870688,291.64445851769534,251.34609901258597,125.88674498689672,129.26712888081926,145.88758751391595,302.14081247570954,161.4912166825747,221.89302622749148,178.6976357241097,113.27596403806615,180.27884942914184,259.06861652995883,161.24276627958392,164.99859767555284,143.7452321519974,188.6677108148992,125.35557239046844,277.6199245508888,174.03624837468482,192.17678643234544,216.03750143234774,179.0976544515301,223.7635577515647,221.73920879040892
149.94881332948316,219.2053716368873,314.8107811444307,141.00058454802777,144.85593516885467,207.90489805336676,173.87779855319633,283.2435543782146,291.96439928105247,243.120628391339,125.85943045395216,122.15861429104714,132.21853618956303,276.87967257462026,162.95652563381162,208.03147187171757,183.3817853999394,115.98819219650474,224.67344229439513,265.5791086904942,154.13457303985027,165.0470651557397,155.40422023690667,169.66410105778795,98.31775725085429,248.319099754591,164.60740074623848,168.58441802075697,202.81566582165675,178.8222515566754,193.47422563137076,210.43221732032995
145.31711675133195,243.74093570612166,323.9561906720481,134.5879395160529,172.0045451489267,206.73237233631616,156.13376189269576,292.23078326881614,269.5060258041592,262.3087750598785,126.70700286980697,147.0641295555675,154.18769888560502,264.40774581175316,161.86331732757552,216.67379994738425,191.74969244511476,128.18227935485697,198.4286025363046,295.2060061781325,162.0027294428703,177.79589341996075,142.17640819153138,160.02037661581974,139.5371506954123,261.67179155956603,216.54505066238534,190.6802770173154,198.35668437927723,171.6023183053365,191.748054929452,200.64568513627862
144.3099968287112,208.55265705497277,300.1222921990841,141.11758449153365,150.24736424640906,214.27798215880105,152.48532664219258,310.7122742174157,303.32056444018707,415.5700698662135,134.13049745701932,127.82110030138752,138.4123589058146,258.0665615023823,178.6732476857145,214.6930995255363,176.5280135034609,120.87969393958107,182.0249264640604,260.93120116306284,152.69459477816758,182.92004890501124,144.77926573830644,177.64783990806137,134.64929879673096,265.9514028268829,167.0715869647125,208.82358493174462,211.24421495723834,195.556442787604,205.49390406834345,201.58944887757698
154.149131406076,211.13829895077,298.59944998678765,131.4964369981438,165.73975595705215,220.07650133767712,125.60388148779816,294.255936900717,236.674513341873,246.9913024149871,122.97419204980599,131.20828941985187,166.7667196113447,265.78981195487495,193.03898017741565,219.84950942672572,183.06342528535538,117.24161782919333,171.24351831696214,260.95344460312606,192.19022161303621,216.8821463706438,159.0365745358245,157.01236661846048,99.00245437884035,250.88564928882897,167.30874116060917,192.98366426811313,214.49895812581107,171.01653634405278,226.96175733976116,200.22283584217146
144.88469262431968,225.51879132425483,306.3238157684427,128.99782852769198,140.18775456178378,220.609177915831,122.72219867960955,297.9805044081563,290.33683812609473,258.1638343820207,289.1075466719914,144.36259426873906,153.37025461755897,277.94451129614845,166.2311607768344,357.2370384761677,182.47828224178897,108.51779863789673,196.77373709454014,252.13433414790615,180.36398008382653,193.5946624257899,150.19756899371842,167.83867654768324,133.8779809236855,260.8784394918776,165.00485234505828,166.74907169771402,337.9317858311717,181.40918868568588,198.37123497807613,206.18539252850644
146.3891089437581,231.49597236506565,335.47943253365685,313.2941594689537,150.34454068570028,226.6648565950916,162.0397176299392,276.659358382063,238.05223681246062,243.39383270798078,279.6601089442497,134.16960569879797,154.20920485556323,255.9994889613058,162.81252440296333,231.62048864620994,188.83916234374567,107.51091889698084,200.12713426690217,249.82646917959758,152.50405705229994,162.9475743605891,142.69880075640896,177.47459856570038,111.19612765517648,242.2723857273485,179.68360127675703,197.1114838845421,194.63247324053512,178.8945151375982,196.30248500038874,205.0180957725749
134.54770799223652,213.23306727401442,316.2063297283338,145.45384713596178,172.22364267357364,206.22285414529097,144.14001229930096,297.8647069138526,246.52557583192169,261.2437298993911,146.9699238926551,133.80975535067748,159.72670625249899,269.7725388625311,167.97600027515378,217.68149286213438,178.67688504940406,152.77681923306676,212.9517972320652,252.61323595406768,163.84716376695752,179.65099541798014,135.75138507543093,161.93812431002175,103.90636669459883,259.3676253097088,176.14510743666196,196.2792911444917,198.98889443821238,175.15299330225497,207.48282146825352,187.11580474666104
154.78841707799882,235.43793248486108,331.73816931487823,131.20545413476307,170.04327874539203,207.24361496149865,119.66683092556906,277.53512047642295,241.07688738918358,258.83479414552613,171.81852187776803,119.29455117932628,132.0447400975498,269.96400863035933,160.7582612927627,203.7081592089356,201.81403569829132,121.98100441360269,181.96642032176464,272.4689579332175,177.53827982514838,184.1565698225183,149.97458767515525,167.8629888901294,116.49988148762853,262.0320765150916,176.16855382388727,158.34907450382707,214.97079748112878,176.86947367614442,200.50316909862855,208.50078826525638
212.01050555304957,222.84955819297775,297.81916123534967,143.17226813763406,136.27770704556363,202.83932521083426,124.1663904731697,428.4373348930665,233.74443076765164,255.78092469601262,124.97843141078413,139.90169003626224,152.21725953727363,271.80563642098986,161.16077640975803,238.6960724120138,180.42592232925844,113.99931947420386,182.884133484951,260.49445662599754,164.29355875487533,175.385250415087,151.99269461074977,174.4746061926896,101.47116319850991,267.25665620414367,172.0420610060401,171.96342052210508,217.66285612579037,199.09363869470218,193.75686527188176,186.3936194663751
175.51025792892935,219.21814467956185,301.7571221855139,139.79083993930996,164.88783917735086,206.9935012681634,143.47170283381786,307.3839269625739,241.74545636558875,249.75937470997098,129.13377487012062,133.9578699888794,148.71885236427573,270.9111669356989,170.20916357142855,220.89392219025652,194.66073075703324,110.18306987242593,176.66535075140118,256.430205624832,171.9330193705153,184.21085103491419,145.99668438292363,156.54782957303772,99.02233963791264,240.08603166226084,171.04880076735367,179.63716423053873,197.96058314696387,172.53489245425777,239.83765108570313,219.7880311675982
142.4335929801144,224.53062246673315,301.4121489940839,151.50008524104368,166.47961439296236,219.7151690568307,141.62426407404442,292.44347691777045,250.46615867339577,240.12916773375827,132.6484866340525,119.64331874445767,152.7114373926595,279.91093986125304,201.51567956940875,207.39859525832927,185.08261267784064,136.35135024845243,174.5167337433291,276.59270995780304,166.7266976963925,161.92917662439493,147.58145403807225,162.83728150186252,97.1804797955282,253.1204731316021,175.84093464011212,163.25220809331915,207.2199266554765,184.62399012158195,262.9540457267988,217.19842024017098
152.5414284677987,235.61914575346532,332.90061813274065,144.96057788363078,141.69362468570603,215.291468716049,122.9189776253871,343.9774494878078,270.82478130887256,250.64594755406873,124.03636925728213,120.01838767861554,139.5582747412499,260.33978194473514,171.71961102896947,224.96919240041743,173.95278414609786,111.18366056855797,202.27899366810664,259.8051537806893,151.74235649324334,174.82290740819533,142.43390049109152,177.51338659153518,100.74143577629044,255.3118643916137,192.0467340098602,164.7126143707877,201.23501387028384,211.62222863623722,198.29957136012308,193.512403135803
141.16516983388658,209.90511935705342,323.28727183271116,143.4587676360013,155.6003591586412,226.06014244002054,181.6574386570933,285.3550568469001,249.18148711147117,295.83227803024437,127.1853685201144,117.14812371377816,126.09907320444108,264.5051793994488,175.29689342542127,247.69947490033408,194.93253253259033,143.0737619398745,187.46145799828287,265.07082653394644,168.70205286786324,195.42595177923954,168.5935533267681,169.9869526578409,136.76800822530285,244.6034488143685,186.8422971330414,160.6716016030602,206.76771531855945,203.6268728584718,198.37527358060288,185.06991459500728
147.02425341769194,255.8244733610588,330.54479927048595,138.9115798775036,186.05737660811724,225.60550197178085,118.67381567923057,278.550748529305,241.117529050061,258.69642446634975,121.86050562869627,121.0658331154105,123.08512427585954,261.60341910035925,182.56769236057423,237.85257087747476,204.7940241341477,109.3286506432448,178.77778639572566,259.99963062134793,181.87662859950115,190.44284155625408,154.72497740952886,174.21423997000488,95.54859673077951,252.58167731252885,197.63670541916406,163.62681607096755,202.8274299756976,202.73841946676714,207.30017702360055,226.40092640062824
150.21539460636976,214.00182945388497,317.7846593278488,142.78715557620703,137.8855386846829,205.20542970668075,144.49554626244242,320.1705510135423,244.5269490698243,251.26948468141137,142.608395920034,116.2103013775268,135.81740627371477,268.34186021919237,160.75145842084302,250.67651492430466,189.8612235281879,133.5780080888372,178.230977443465,260.4095961075016,180.9392469080038,197.93738085102493,158.51315123441222,160.38359883127958,113.9191308318103,242.31508077469067,166.47039438373224,197.09655311020148,209.34034959471722,187.948328823252,188.93420093970403,197.4596652541232
160.81023139840272,231.5998335942089,299.9291226659937,131.93077842362771,160.86767150317294,209.9731587810814,121.91913907802375,299.38387216358257,264.05738723990805,261.31791728145333,133.24778597284313,126.1275227925093,144.28571269803203,269.4397708128762,167.6899763719781,235.33724657897153,174.3281167317925,111.0091051296246,226.49014514503884,257.26093735770667,181.16052601719156,172.33072366760845,148.51936392518866,156.27493889706489,92.12377241338194,278.1146832096507,221.5580331273092,184.89186433300023,205.33762414488342,196.70135452183877,187.9665305536709,206.46255694476304
147.20313052037085,228.0720742635802,294.0348895693009,152.76985727399094,177.65892171204527,230.36769564494085,117.29389814320974,322.35698414518913,236.81781051569425,257.7302403896192,124.77416504007495,114.09740561638034,133.5305040883012,273.92454760636406,197.0028995785611,234.44119273982892,183.8876053702582,133.11452060501782,172.3967381125055,271.466254222248,163.55877112506607,171.5980173621117,145.53572628237248,185.64964544680814,94.83430242415167,252.61580891748278,171.766614899243,177.8482173366594,191.47138595964995,170.88589624382809,204.60139776810115,212.45924059241554
137.3904422119313,240.852748046358,308.3858346471828,150.50579007928673,177.09270245295497,214.01529210991865,137.5067978047604,278.12939794111344,238.0572744584842,246.0025305739029,135.1175570365149,161.1890554094441,127.11660948291637,290.0357691823101,168.3807806506763,229.56868791650953,189.53551694480265,108.04855611689688,207.40647772257566,281.45585914913835,165.25664497449773,175.6944475571181,163.04891237856816,175.62586438678272,121.79240054756019,245.9640316883941,173.81930740517817,174.8476847959027,189.98191567486705,202.88548543708467,207.34822121876095,197.73405600696398
141.01672029529783,204.68988563007716,348.7984266583198,148.8483856548754,167.39751204717012,204.87864232389526,136.90563853507726,275.3452245555545,288.72274179148087,268.5505596621375,173.02245261936844,127.97876240723112,132.5205796467761,267.11101822717353,211.94718456129243,204.44888522186648,175.87399486666632,151.70599573151318,197.65862829895227,264.9771160568252,194.6937963873345,180.86782123049431,141.82165722925726,177.43776543458802,105.54707403909754,256.7741684546483,173.22924435220563,165.81820726651443,194.34182752797395,194.2274372148807,192.23631524578957,207.70170342435492
152.2736292288972,243.80962857606744,299.7257951441762,139.640014623502,141.2740158979647,216.09567473185263,149.5096968771276,272.4516760748508,238.83582809287182,241.64373152326255,129.77913383957514,122.74746915363974,134.00871955759078,271.9564384222723,176.6333187137482,202.7049312378502,172.99595213178407,115.85810831224182,187.95958132508142,253.1390160868927,155.88193528829373,163.11499866586502,138.35855290228307,176.73453101169375,102.4375906302555,246.7874745406053,166.22904052258522,177.28842783568416,189.4712330283103,191.3327565838373,187.74716965553557,203.9879869989017
139.17644024009113,222.21801372835813,316.786958506643,141.25052956710158,159.51293571161912,243.45253940412215,149.5224634974911,340.17645277843405,237.77882250015733,291.61861529746443,129.06143860304903,120.29074698496187,151.3551436295627,258.97026220612685,164.9817949268085,251.001364089597,193.49749187484463,116.07908368119816,173.56488330393103,294.55223392673435,186.62052857267147,187.18015087545118,141.229964101372,211.49089629182635,104.40148710028545,249.34727245187983,185.46886486221678,166.3048293734786,196.43786945810186,175.32174389883764,205.09408216177593,215.87750658488693
165.4488138291876,239.5403804006133,314.72047220942005,128.84377066005018,151.79217582677063,209.78044913200907,138.4327279255044,291.30850651650775,253.55703879652052,291.97261517468917,130.89857179523634,171.97577656435544,152.10467798032383,300.63304271742635,162.9723630299357,208.46680239376016,174.4465761045756,108.78813743563225,177.7103270033667,285.504962746316,340.3688024982539,223.3757961364718,148.06429541434622,197.14867286172083,135.58685035305956,296.71167141123317,185.61352500240307,181.9655775317887,185.7658272549324,170.2389041015437,226.4382349365358,218.09144306525235
143.1099601313171,222.04888014629736,311.20932094739766,129.86074121397726,159.25116769518573,210.28405908368438,146.87597313980498,270.3520642434531,238.815522803342,253.31228211989767,119.05128168019229,164.29333827914843,132.7207615585492,261.8250276170142,166.02543942772462,203.30531315498703,177.5162429855618,137.50720953591312,193.05635552062455,270.33905682936785,160.83988250962233,215.90846180114315,169.6350433356656,161.44396393738907,108.19364001609256,251.4158778566853,191.52687041188858,206.55677432134058,199.9250764306327,178.6632855299701,197.9632158059029,212.5508842587211
165.92633460228723,230.8951292057681,316.0085881402136,124.54246460147702,178.1565734396882,234.44155673603981,123.92190382557376,292.6076121537822,256.6217806373473,251.2773760070943,135.88884114675952,128.3695764951758,139.0533436162763,279.7632058245751,184.1986988931086,202.3990030859956,230.58694858238502,151.68093714845156,256.626763738794,289.97792573658614,182.08923495595417,168.0811416040874,155.72170342909473,163.73238410998601,105.98644173572269,262.8104873379556,164.69966148193672,169.37159372361785,197.0218053236546,192.1454834794183,184.766371087089,193.10662290641608
149.27944364738522,238.42933018651954,313.0531113410483,127.824843413128,160.90100594631707,216.4617459430168,127.34815701751049,283.1190448616389,286.5361279394071,251.50489605234466,125.07653685543801,120.33592002884652,124.02983580955623,269.7309459263393,167.59926730405397,240.78696778820085,184.83637195596728,114.57151670644632,179.26509233262055,295.862440192674,189.56973544899463,164.26150918368597,158.12666315088842,183.2107457379154,101.64435224160059,255.96255465508025,212.4112837884175,175.53615581923185,225.74601987781702,180.66795463052145,187.70074479401563,193.31469357870247
144.46976713701088,228.49373652201626,344.0313328566765,134.12194030306915,149.09052790325111,224.37511555460236,120.80128515803261,281.640180067215,268.89059184094344,299.47052344148125,139.62349533458337,129.0789217571321,121.6963019199467,270.2292323093862,171.25047049385114,219.2561942700354,183.26502968309634,121.71236551590917,196.16021212773293,251.47989742548177,173.0472757230329,209.3587815330377,154.77942255960733,171.7221162958832,90.76255713759967,250.1011352634976,181.8395280708064,188.67935176667606,197.93711635144663,221.90059096191817,201.84853724776306,208.09085780342483
152.25609387962072,286.0760783703141,306.38975204454147,123.45257608181227,144.9290461098675,204.7367429781528,116.93118573236237,272.6847725361154,254.75839866317233,259.46615790711894,126.46001841094241,148.55112040623538,124.9060734659305,291.13557932051043,183.43134285224724,203.9034314624302,182.21626944277864,138.09848112268457,214.91860505207654,413.2370843845411,164.94531005660454,170.9381806458485,150.30372605396875,188.6746767182607,120.00050282653106,246.7031644304323,170.44368550179004,159.54708279895675,192.23071067819504,176.7657457042717,187.9916703321011,203.29030570614094
156.84045458613699,247.4827319106416,313.61169992505825,138.2559381772331,141.42433693569447,225.98292923655083,121.19963644769794,281.1659736922211,237.0366139864228,267.7197966732424,133.98562244539784,114.43413964019479,161.11443311872614,267.0716137716673,175.12921129350482,213.0031371120799,173.53439521514952,117.87561500968715,189.5373399834798,259.452832746015,187.58757582364936,168.53407272320376,154.05773194930973,196.3179319531508,123.26151085907682,261.2419005643559,181.37590593576303,168.6694563214581,219.07298154797263,180.23489217296043,203.96412310309753,341.0317353692187
149.389327766878,223.49845399159705,298.67246599361164,131.8063758774114,144.63449183759278,214.77550044605917,148.4311069557849,305.52184764834084,266.4087298269969,288.4791633142706,140.05529269901348,153.35913838618205,127.84884099495206,273.01084101178105,164.49403641899767,204.34758231006694,184.16266640114964,123.94679909400585,175.29381103880465,308.4159141507497,159.58242598182835,178.89181770983248,145.12211731443696,191.1246784128052,116.11302590038834,260.4930741804084,168.04945715196746,161.81242734534354,189.47508038410797,202.02555787995658,191.5064260468319,189.64843817313783
163.30640491738552,208.59681341513368,314.8670912449218,131.4479795144283,168.5863668345934,234.09957140934006,136.7312736871576,278.54641025354357,238.67301404490647,243.94770917339832,124.88310909189505,121.70960322272636,155.82594997527002,289.3599658845917,180.55929118739985,211.03239889701058,193.52928233252004,117.42245592985805,182.79498731867375,265.1662549121762,175.01738497866634,173.2686389821878,136.76304549386123,187.7026107741153,95.89550628605359,259.752544145449,167.65325135025947,181.72844429179568,241.40383829158787,194.75757598314826,203.29085738797374,237.33933146027707
150.6291359347341,223.39163729984918,318.7011121187223,125.60943670179455,157.0268772551554,235.65734475591037,139.06248738876818,275.4569800518491,252.90130344352548,318.59586377052784,133.31740809730596,133.8276508867934,127.06036549608982,276.52624432321176,167.40019701993992,201.84657255295338,205.22585139174672,120.83659454476522,190.76487015975258,264.5636665403103,173.95418761424946,171.22032584483964,155.59521036946956,163.97030691895247,129.0383617733782,244.26822273997496,171.48903260713888,157.4904919941822,198.85250290154696,204.3799191466142,211.22016303704976,227.85760785152027
146.55451409692463,168.52151042750472,258.7830188699734,126.60008928719276,189.14254196612947,295.61324333632615,139.5506446487167,263.7826301380081,197.23035098635464,227.38167802972652,168.60337104209975,178.93455130004142,157.71668313420375,253.20124137588195,115.57658215558583,178.08447785669728,200.5088133697406,169.76894673659675,216.73626393187018,265.08177197599707,120.5801442135513,127.80860931240879,151.9959219293164,217.44465030413002,152.68552444546302,287.6826642992578,138.57833087959187,112.71398240491867,187.90613749231784,293.9173347935032,235.57258145480955,231.31073074562298
146.07595875762237,194.18930509352944,257.77536651173153,132.80764669552784,175.39317511513752,266.1342607960218,138.79293145558304,273.29591805549376,191.99411642454413,267.00154766957587,154.00893539857674,182.87426470635504,168.22302791403476,237.10441492595518,112.28845227312515,173.754414298703,219.28758221542,175.88544040114056,215.1321424949248,261.67578579797913,125.50432373594789,128.0003855459368,140.0713908745103,203.56342117173807,181.03644917584836,267.39768151686246,128.51662120469527,121.36374854102715,174.6542722825168,229.90364738356465,255.2212604012699,209.76324866559816
191.0039012334944,189.98779830558797,252.47247897568374,141.07197308409505,196.64767752372853,266.2696861730245,142.16328239617448,241.36204405348263,247.128045774349,257.2122962200464,159.17350261717897,183.32516727601163,170.4880090864314,267.5660452488182,158.7608881882632,191.15757311603463,214.1449120483695,177.7498295513559,222.42350946873597,249.6182710095729,119.05653864847744,126.83804596766844,146.77312002363024,211.04872944835418,161.22682745891768,275.6607781837018,135.32180442254992,111.59944355421081,196.38787699253976,213.58341097023842,240.64548278648218,221.87565119449266
146.56939492014564,168.72149135174084,263.03962440930667,124.05289134397457,243.30991005960595,285.1202025137458,152.817800687781,264.3578272327746,188.49399896964616,279.596143497633,163.5008467791561,190.52822568071622,156.28680566946514,242.40963428613833,126.94557091885895,180.3975625917781,199.07881901129002,185.06025701209109,212.76757767407358,411.39756031256894,106.61680246555079,152.61550210900387,155.6151520823111,216.99135850672675,155.95567188300097,268.75223422842885,155.322098781161,118.77399500418335,214.0933180020466,211.28700157116762,261.0726204875367,241.8790892870692
164.05679504609463,171.1020354841717,247.47349004065177,129.54549172980413,181.35526620211664,258.70153769105394,148.30883902609136,252.72440950608953,212.02329274014937,243.82843101198574,166.48411721300897,166.6344065303578,175.47020974965957,248.80500825198496,117.57698183540744,192.35205101528868,193.889361745056,163.95739295122488,246.0694889759533,243.9724489986205,113.12948973084367,138.11966127064198,139.20337056893078,209.0429042035362,143.5768246396847,271.3057545787181,142.46342084293795,123.25401555192094,187.49020753393577,215.07729047100784,270.6063817814963,206.92811044515852
142.50245688726395,168.9648547502858,250.06463955234761,121.35636973595561,178.78422770810718,257.80698982493794,140.5075783008727,255.71754222008326,214.9386770585765,247.75574471387066,184.70574857243165,160.97002666834499,166.54492805339075,300.0484958364788,113.18293800662855,190.88421051043278,191.22280299546864,160.48698211883058,209.40056909994064,247.02553928669764,119.49285262434272,146.0315759395852,145.7451104029168,209.45405306775436,175.555616635153,259.940029721431,167.70648691835615,125.2744185085148,194.8780100231429,204.7643513653307,243.9516350428342,213.4518382354754
184.16497788979143,190.0587386965945,253.07222738764443,175.54503981005448,188.32167515504491,259.555179770391,136.85927687856673,274.6239818007064,211.92180858459818,225.8136395005084,170.79543363584662,178.36426390646298,160.70439710202052,240.12861229242966,121.97785557578402,203.57467275470876,202.48615085021657,169.62388814983342,210.4199579110061,240.7363883408785,117.37959114952335,121.30229579273457,148.81728660180585,214.39633420073932,155.2062697028164,259.8816541740635,127.95365300524612,115.3740531182075,190.02618670377754,226.4332993898969,242.92178769840925,249.46337346828
151.12964523144205,186.6200839748138,256.73412028250453,126.894452882362,175.64468199077723,261.8727609823387,159.6063619715701,248.2866606389217,206.99679677249733,238.21215677517304,168.56627822394128,182.6609050882452,148.9624685567868,278.17141038577836,143.3365222171472,168.24498551319874,222.4470114236712,177.7890744022222,214.73333100960681,246.82777771964263,110.6658760208251,140.83729943770055,144.74121320662485,202.066346861329,152.17390523664164,261.86343571559786,147.25144697321304,123.91319928110104,196.82221629589114,257.06535942703374,239.10968750670298,215.90362233277796
137.54862232309674,166.93607681810784,258.0916036019717,128.30524138571482,195.24479966218476,275.49342416473775,139.41820984952145,298.52955779743996,187.9800112221606,219.99066460580727,150.72966385906724,183.16208960038568,162.14097972435178,244.23425139136748,122.70680306251379,179.9982280671844,202.53950535947985,179.936576815614,216.89497547312143,242.40575932740794,123.43996825791804,152.7270668836286,158.5171995168743,210.22298822294664,153.3427337105864,256.6028040213531,134.75808881839237,141.9697020872169,185.40646378285646,227.7118856434447,236.82918791844926,207.09283763216033
137.41319526800424,352.7584813896692,266.59404706515147,123.00194434504971,222.0001034343809,295.19396102635955,151.83762979751316,244.98965106117663,188.59614824091884,220.83326446707082,164.7105616064872,182.27491008583726,150.73944882644915,264.1482499220806,115.58402383585174,189.26475524649507,192.43713739564018,212.3183190208136,224.12197992611354,247.13450341844253,142.33433005268034,139.60402481755156,146.3016804471272,214.49265698955537,154.775423395655,251.87987871376606,149.7244630047832,122.4782693783007,186.16823089747595,214.45387499762643,236.12498282786396,221.98331336838956
143.06904640441277,200.53554701261896,308.03319206076304,132.22255436042045,193.7428378886053,261.97284294324464,165.278152484134,284.70005284859934,218.28439053556005,229.48179539860342,155.4190055150457,185.6093960832224,150.51077899546198,255.32720480068062,142.05533584473372,176.75745311901562,194.41865547424092,165.88111705308265,235.7922713671817,259.74142174008625,118.3412068336181,140.96153921673894,168.767644017642,214.61352910269594,150.03781368339642,262.5290584142351,156.05663174481603,116.18624046455957,202.05218277208212,209.87189514783208,295.71571832910087,213.94868874062354
152.85775272608925,173.0956328959182,267.3366912745162,160.68519885258806,185.66703969404392,264.9961129724868,158.05522548957327,397.84506984580855,200.2766124603273,229.79878415863053,152.57040708489674,175.16488482987836,175.84258759510493,248.50583596384348,115.78041729871538,176.3197752039539,191.3377236809448,174.40573139497604,242.79931812084914,263.75690893205655,108.7940524543744,131.34757613461792,140.47598794692925,234.04242943461279,159.68431213344442,256.5490115994649,163.16036285462218,118.30107952377614,185.30457527618105,230.46542949830473,247.2936974948472,234.11741558058395
164.30022026059328,177.6846371265429,268.3992818347043,135.89677726627764,188.52485702063095,273.93957091194096,162.3663777759848,243.53290433033615,199.92649395335508,223.8549198023431,150.1891128631656,193.2364080706651,155.86196449103596,253.27043075193217,120.09930505944298,182.57016115662393,209.14160095929117,160.36023334342667,221.7865793774651,249.67608635253958,126.9180039554684,153.82690262284748,170.5691676893704,237.26150377857493,159.33303626450504,273.0839876203768,126.7692451006872,111.13935480926541,213.2826734498762,208.5555553391757,241.69378690932163,211.14938722674106
140.43935742813989,229.81896629404108,263.43960855190335,131.87267770750674,201.23639152791492,250.5921964033085,135.44744795437148,243.71737309774315,197.75721963124928,239.430571171581,152.39238448669042,180.22944146568975,175.37417464378615,240.6992885772087,120.60658721945285,177.51886236030288,198.9071494213321,171.54996133939923,209.43433561060587,287.4512243764952,124.42603259674618,130.25343400382008,163.11427654227836,216.95119347861802,291.87259779229964,255.37967411785033,140.55483598141302,123.08390154518145,200.73548060843814,215.91521302315562,246.31791778467144,222.8873359968268
147.26958350293665,201.7661411827226,251.322283249243,133.68951271313188,207.83212794183427,271.32766147038376,163.7370418725458,340.747462719267,205.48454262062657,249.41720530893207,154.77029846999721,191.38423551878174,147.3264121553967,266.648007831183,109.40321919811744,186.6954850298995,187.81882700559083,157.03225530738496,216.198564771477,257.6258535906739,124.36836962692207,136.973842664379,142.01877699054796,202.27189668276776,308.86338289930995,274.14347244504626,152.35222727099634,150.2119038858774,199.2573844402094,256.2278004766037,236.17561303928505,206.22370235938328
137.89392732218144,168.11099125092687,290.41958561339504,139.4628966039279,179.70943454866247,252.3220730207497,132.13199266624457,257.5664818252283,200.01389005618722,235.42582825714948,177.56478841718305,187.97000600950645,167.4161573148914,239.11515032276697,140.56121026615978,177.871644338985,194.32124100378687,178.1854126223367,223.7990384252547,245.1571656169815,108.39259469725067,137.6127145841827,139.62906969175256,217.14675061223528,191.65575822549147,246.6074498112819,154.8882647738957,134.8594686130014,188.21805660549785,206.15382905725176,257.9571511410671,214.34153200689434
171.28110119721404,193.44101864489068,266.02185810031625,151.88731076124958,180.78585090432975,254.55029228029892,129.88653634377602,240.58334709859332,193.66633546237688,228.02542809558585,166.11192241443513,201.3244875879529,157.94312757502087,247.5384471132303,114.31161196624355,181.20984487289232,225.86111612271412,178.0453842874673,235.85459863733286,257.29316257819323,124.61096543046845,140.62555281910926,163.48240980018068,210.67887593556515,146.92097165319092,248.24395839329372,136.98957751341115,114.28795967422879,216.3993421370005,234.3099173857771,245.44612391786484,207.35005915653204
169.90612176216018,177.3295336602639,264.5435996900171,124.49354321362819,173.69148471691918,280.0348734550226,151.5059751987346,258.7609189732039,203.18821755850837,254.09798362496693,184.99757598513776,171.3272944883949,164.91976968434759,261.8375426968309,119.11396994850759,168.78905680652227,197.7003953474526,189.07854053380106,209.50947213240832,390.9309537750793,123.82100619538943,164.85537703873305,148.74173746809598,199.7928001042057,162.59247515255933,256.99944593592534,145.07275615226868,123.61445154621575,200.84800356002503,226.25406268027535,250.50541206639647,267.75700510960456
153.96312312687343,176.97829393274074,282.78788056785163,136.15360194195097,197.6891465591656,264.8382076864148,142.89917260632046,239.16392410749467,190.0040118347099,228.51009041802726,168.16521668795843,162.21703533317606,148.3684090355469,267.08243338631917,130.298389280922,175.63964382996633,216.42557821478164,157.101836611088,206.35472415272602,259.35027246719136,132.00190096343016,124.1256341269865,149.22873508583942,207.20465388602292,150.93996150521505,268.0774486144331,130.1821145348148,123.20512074834812,183.79998097138844,216.20827112362022,237.6511190691597,225.49051480451666
154.25456364451398,173.37821024983253,291.1561969010771,126.86308460596274,203.37564777658142,261.87462297446945,156.10196895286686,241.6741511151981,188.30897680728407,220.6169854897871,151.68086498564935,168.20805773643255,157.7521323656563,251.2299863706965,124.74542043093402,195.7354846418274,223.04916052599776,183.738922477757,213.06520081981145,298.5736436948614,134.6333633050425,159.39256106259506,146.39585450810486,238.8667813908241,154.4480090746061,261.88047283124166,150.01303460711358,115.77000525837884,185.6244924463648,215.00435330358812,280.62330969580614,212.6095743125256
162.01867363186298,172.39299533482588,276.31147900642577,115.86380492334159,180.6766092715155,254.84226930830124,157.29176060096054,256.5095058361696,203.3866402242769,223.26506831222773,160.36005327507306,176.72756895045575,174.01307382464827,297.310182317803,112.477187793005,169.29598989114393,195.87721969292159,171.8992982169195,226.720106870531,254.37532890534615,128.5000838854836,125.31917154565511,158.9109312467902,245.7116618711778,146.71767578685058,249.1204163337397,139.9684294062372,109.53426095743023,183.67138467260048,209.29764949030923,256.52394912741477,230.291624112125
156.212584754405,201.45794407643774,257.84673674414285,122.20196589710685,207.15822856443611,267.9705178259719,147.81821520745532,247.57976095087923,195.39969853298547,234.61911540906888,159.40193961497621,173.20224336199993,161.77065752112458,241.7966664145641,135.47095635785143,176.4210541038548,197.17526520101518,198.4950102130876,213.3587453614402,263.8095582022781,106.53850455224917,125.89199181911778,149.27560885302086,227.54982616827186,146.40719390030642,253.89374529034725,127.04505368605372,125.28649276930322,199.9464382174222,208.18106848627414,250.42746600267637,234.31251431366528
169.17374007865868,182.774061692385,259.10326548448285,135.932214429489,183.60511852826744,264.33929556031075,149.9859768129046,247.4595819123566,218.64289979621478,228.05322539830664,182.0289670393778,164.57632161575737,167.5673838083969,245.52667974779706,126.38085647199617,173.06726636871406,191.3328202349512,179.45196523225414,239.7271990627772,244.53130321554198,121.37981585356731,134.4973146457581,143.25420999555516,209.1687692514261,136.75230921260967,263.4352807963966,156.6694507272311,112.93921364849653,200.62808733141617,223.27972590429218,243.89056681392472,220.57597729392356
134.96525971925664,165.3909986348258,253.10240351599018,126.27748820873042,174.58275415108724,262.84109684446497,165.7237898306839,263.0854076485203,200.64382973591876,256.2704532447285,191.2381854554002,192.48304183337723,161.26421536340612,239.4632829531786,122.50923867196332,173.63185930006776,191.48308371786942,170.15761476349823,241.23130093108648,272.8149018341399,122.69585077726802,135.29027630153192,171.88833989519298,230.15631189649915,179.63841735525415,256.6073842616172,134.17064888528924,115.4186467372244,177.76387881852173,224.02779016608702,237.27237891663324,254.15371797117095
139.73228845787588,190.99526062927623,274.39494480009336,115.43457116169749,219.67699849952794,262.93590463414773,146.73382410646505,256.9240346574859,216.18853784535335,223.4587751676664,156.3784347620375,176.54426060925147,160.89404273553453,255.90956188890164,112.98480960670453,174.28089165512998,197.8307278962871,212.13142846240322,244.78537463028712,280.00805086812215,145.72063534617266,154.2347994742173,163.06421757732963,227.00738813663418,162.15066354894833,276.5376177359408,146.51161837216603,122.2683399114377,189.61498745661436,208.07465646064688,280.0833330287858,208.15281683663864
143.2059360516951,170.6196300973259,279.20338354791176,126.07997937267831,177.37009675353073,249.92283781958992,138.24088211883847,275.05662902051154,238.47597387808,249.74777149359488,151.60694089571126,176.90925296408867,159.70781371705087,260.0264668518164,114.33615742121219,173.0316599238479,187.32970472091586,158.38249518572923,206.1205110257233,280.7789226225325,118.0121847638685,146.86756721704327,156.65120337552918,266.7997151499772,164.77264519407603,267.34940909573373,151.60711284724255,126.04786834817892,179.52671452854793,236.77774459057403,275.0319285576126,243.53359085672864
153.06835182766926,185.6988603098374,265.0522249899775,122.9976826177643,204.68742104439104,258.7473915892977,145.00261531358598,263.59953423812135,197.08501181675038,233.03754217654475,151.8474907910354,176.60633310658883,161.06650270961234,258.46774175360764,122.08664504555692,182.9001694694537,201.84621250146782,191.32485253332865,209.26850747146807,259.34611280182673,168.8816567486714,126.18203914456991,140.53786932470004,220.9558444829927,149.64969168229814,258.08912744150257,141.7287710888262,129.160050675636,172.21126703649838,214.4944221884247,238.76982067867462,218.0068744204256
150.17709989743918,186.42707100545456,266.1413111289172,129.515432736065,177.94556204473102,276.26588434604287,146.52822743622346,246.4297837568765,198.71036668108627,225.68638490413406,156.18233025599275,170.298835837834,150.77203452099735,241.84329471970446,109.47114402587067,189.32931104626542,213.99970084507655,168.5550990811025,214.37265596896222,264.50573188220017,137.3453184131385,124.92007058774412,161.41424557846844,207.7123503355262,141.1355959872495,287.0394180592024,147.76866023410835,114.23811812574914,187.935559696932,237.17535500192074,248.09686282580165,230.24275768488914
178.6445395995123,195.95192822904414,283.3224818418239,149.47359526226634,180.90019833584356,267.6803395195901,133.03761458786028,246.20833809367184,204.42569886902476,226.65936516435383,168.90618934708166,161.6009861695555,161.49560886838896,241.03919973588907,123.24514117358109,170.51928682733117,201.53135495705027,191.21464986459102,208.5927500670217,258.40694008217304,135.28574745802473,129.98847885583868,142.4355572051953,209.9484466355038,153.12617417220528,259.2612753577952,139.5479330072866,116.93185665586329,188.87222198361644,207.01021641665065,257.1792805904264,209.49791914586893
153.22355685006926,169.14827791511442,255.54963035119644,171.91619020083886,175.84448831458553,257.1716721627255,146.24834833767378,246.6676137351303,191.55070596620004,221.92230243717677,156.14477429085719,161.68777467905437,155.72135036439613,240.5149475898477,166.6539006503774,177.3519817891954,212.09259781501214,182.9932205712994,219.2488085423689,247.19330285298312,108.55672798178486,136.92195630995798,150.4301781379732,205.0994139387482,140.18812163299845,253.1607682157527,134.49031521131153,121.74406178755906,209.20538950408292,234.97751460437186,249.69403718160078,230.88418525474867
139.29006063520742,186.03595344089373,265.1587677402052,128.98934922156965,228.10192432236772,278.61522873075455,166.97156387538615,263.57915888486986,193.66851420561136,242.9081811266824,158.08474267522732,180.67772465797125,164.52479140210562,253.02902430620927,131.70795950474775,227.05527608652108,198.24752226090828,186.61803397170064,209.2811536574457,256.253928214437,138.62281645239116,148.66563329692713,166.50711307340794,226.75510076415654,140.2047939191345,254.74340622963706,127.76010453311481,113.8822849325362,194.10176803513076,250.04406106875194,254.75221916579557,208.31460969626366
144.20913678343302,164.0570589530661,259.2358898062903,150.40033738570932,187.45394059124746,249.1442887623818,147.2396520109652,243.46282255555593,189.99911423964588,241.82120823965005,168.45884695407466,187.32070380002844,167.89509924280736,249.89177083838487,136.66378332203018,192.67104268854652,215.52814682046858,159.88307517694335,223.51828382514577,251.6961454270846,111.57499168776613,125.83654596774434,134.9516684974574,218.83953856602386,143.68325622187862,257.0607992885531,146.74939565991414,135.8472465596617,179.59962004472817,231.12002333181385,233.34021044718494,212.87624296474775
157.04017759324483,167.51050488296775,248.7200958268899,137.68399910413441,191.16120344372834,250.0430350803424,130.93208322709273,245.39145488334745,194.88445839108238,222.80532692091066,179.41577131713797,161.03931797727583,160.64359904868735,236.59622656592967,121.10874888482306,184.28740220312994,191.9665226054006,178.56166863795875,234.92363354193188,287.5400345873435,134.67838716739385,149.73647909904332,142.29304515505427,209.86499073597003,148.15356072516735,277.9720512383305,128.94574618001002,115.08806034262884,178.03355351864366,229.7246366499436,238.6550270888795,210.24599064185537
147.96844600712865,191.84882685877017,295.7657621537853,144.91292644873846,187.41725518044902,260.10618775904135,152.04133152434648,276.9196298992735,215.82996747985902,239.5831035248847,164.7182500083702,167.11858190170702,156.07207022828646,253.24198126947934,117.37199320486343,200.07697840064506,224.62373024556015,218.24246857209542,207.89909095458995,250.4486326773929,126.66678544482492,134.98934084059658,167.3100837667548,208.10413532526567,161.4309914634341,253.82650523704163,139.21746405706105,131.7425194663764,181.67543249091773,206.5706949367861,237.3379615051314,204.77717354301953
158.15939503506954,189.86461506950437,267.02278028853124,122.60399876021621,188.22282241710056,253.14162229759694,168.52536081473107,263.39336644556863,196.22831714435327,233.74227183534975,181.06689458575906,165.57367407285088,154.87524678321643,413.9528819555306,124.9876441112498,190.95973795887838,199.8597413519976,171.23918642593884,254.985798665726,273.50087988608965,123.18240832151969,296.2804123906316,142.96570082324848,209.0883733103329,147.60260538503718,308.7161144594897,136.22085887872035,151.1235306656646,198.15188960021925,221.92239729397326,236.8878979412348,225.70001169355126
155.96244797903478,175.11968176288718,260.51205114330554,135.93055231756182,180.44190920320955,298.39124267759576,187.80222508086968,261.10628218120337,214.1379848929847,226.36989639040323,169.22045221126248,201.9391439509822,156.86900611306132,241.05654527544633,137.84324624791682,175.61276656161755,211.5214032527132,190.41296439340172,254.19396035567928,250.20462265067056,116.73682909222833,151.33635917049492,187.308225792487,222.15616497674705,139.79793741197128,270.1095925419112,139.16881469390805,125.88662242820868,202.5921151141342,212.4652189372685,253.55907418664808,210.5904483542043
149.84647581624625,174.13671086827668,267.2588177341275,128.23478396483017,185.83133390219115,257.77214223963193,157.67329538786942,245.4885831538107,207.9004908555012,238.56702918539688,151.5812899923339,171.12190532195174,161.91682060610756,234.84601335208538,117.1636619283973,171.03017009002212,230.1717362252999,158.39832518868226,214.01529417281824,250.736922279872,127.48353687582058,145.64848958039627,142.33322646542865,207.0707009558746,192.8991521973261,261.2735083470255,135.57024212809904,133.14999030959018,194.84083617484683,223.75889582077346,256.70801406566926,203.90914205044237
136.35817032024752,193.15346197568005,410.4507883060511,129.08551701972374,175.54340087351747,262.2041917001564,139.88167632349575,260.65553481020476,211.91559858664382,236.3991825243902,153.13154049924938,200.34771059187744,146.81512465762063,241.4388621086481,121.27078291252053,178.15986756425195,190.04137038040696,179.99695266332694,205.9148604772356,252.97738088651354,130.0083128352112,148.0381879401777,141.10824023308692,254.5949895327841,177.1839296156781,442.0557380787802,139.43577729335965,115.35463722894829,202.80071408632293,237.0385924932936,237.8501800847207,228.64656223060535
173.10899699708577,173.2863365935859,274.3365191323507,144.08999680825133,187.24953553731743,252.575067376533,130.76620007997252,245.25485510388393,192.10985975758905,219.33052852067843,161.26158972745827,180.52061604351167,150.5135476753282,280.7241025505501,116.07524883377232,172.1765101052354,188.65915499266376,157.42074736985109,247.56731109315115,253.06267536386986,130.22750508103528,125.96539916675368,147.9598331378169,375.1777480604223,144.4187469794683,251.0822264970192,129.80102886523628,114.99367232565834,171.19556148874062,249.13407637402392,242.4547610500856,214.1462058299021
151.6777133271091,171.20860545817135,261.91087319780854,122.34623358993086,229.70851592234575,251.88986141924133,151.85409215405565,249.58626204806768,222.9831817561357,260.02532448805005,153.8233788669731,176.4876177905575,173.15507638734633,252.14568920383326,123.1349834465257,198.69977942777754,189.74210672443417,195.4684976390104,228.6736922603278,243.7597035681653,107.06220625991686,119.14630664110547,150.11704056133658,220.17880831361165,163.7314119255948,261.90616411991465,137.20972689870874,159.9961192485382,221.52357296142816,218.17551914064987,243.23038984135613,218.33700516498126
185.76174574223086,176.22921344879492,253.460473083682,133.58076004609228,196.09830926872806,279.68281971674304,138.22296024463463,247.28764713700716,217.3389905383058,225.96233360826506,159.99079410753788,178.6537143447852,159.63644588713686,263.2061333885061,117.30808030540396,211.29129372482765,197.44078664524844,162.61091054445856,236.88013622298197,249.1801948118602,151.5042143395303,131.0901757519566,161.08102107233282,217.57625155944297,172.76041123785808,261.2621580226939,169.2619146028775,129.3981295716088,207.5251014766141,217.07728903620762,243.30756581140557,210.53497773157383
154.16792593120178,178.41661615354278,267.4146829652152,135.8926512786207,184.4194472641019,253.64704207744245,156.09091013751623,239.98372158884243,197.451896986177,231.97153655823382,156.91888828446127,180.0851185761608,156.4845879417856,253.9682012963743,132.97084033729118,207.0532858165817,208.3021991705653,168.98532973362953,218.63444837605886,393.88205345706257,109.23904646002399,132.86729542456024,145.06943511035453,233.02783113755027,149.13407201855657,256.61301607834406,147.60294298342933,121.10228013470581,183.31989982867813,210.31527802934883,233.7285144326205,212.8871618902061
158.01592205970528,176.73843625904016,256.34895634525884,123.72695818594505,206.46460925221317,279.4580030498146,136.7971807733492,249.85496492337927,201.57930215351408,236.21136564999847,154.32667772068166,174.0526404106565,165.73671356468202,257.59418210302175,113.90783829192213,175.91657223116678,200.21730554639757,169.7584325984427,213.34555288876658,249.22599154140858,111.64624079243202,125.95432315646845,149.37941951339923,210.62400072403864,147.81398064273483,262.04199304637945,182.8592383938921,109.56223041563794,200.80937611677842,217.77762139660732,254.23375520823512,221.05994625722576
161.159308353515,186.38188652477598,266.60895456191525,138.76448710289588,188.61269655722234,251.4943649983321,132.66797457699283,314.6415308619183,201.9543417839796,219.12764651634123,176.0833319676859,178.55235581927528,200.17045313205176,276.00848173606386,124.25781162990954,182.33650504313988,192.5821595848709,161.13315781753172,238.94395301331463,259.0354297767305,113.53901085820651,127.61343397114253,161.0444416915199,234.0807689577419,139.5621776418447,268.6084102218786,132.5820482914266,121.98234290089177,187.5851817636395,234.65306211395855,270.674572506019,221.43649275455738
157.81884927615724,187.6635690635138,261.41549684380107,167.79136955029276,190.5792374768183,293.04783477963485,145.07968065148395,266.1192350202187,236.55019596422832,227.8558606370383,166.74493536242716,171.59996422280258,154.8470619217893,253.79569365569733,108.18304519148786,174.70769875791245,219.34273146247386,195.02742316824202,230.76497745390782,263.49674636280855,110.5375173103581,123.78654256051371,150.16444367768213,199.94963954537994,171.17172395593445,283.42708293836125,139.74862244081874,132.76017442791215,204.6841596326883,210.01557802406057,243.84660729161425,235.56035907507828
167.95789719870046,201.7577289437662,259.9252620416082,155.9211406674562,190.49433028671538,260.11932416955614,134.648272165148,257.79571226629696,189.03843494608608,222.22074064692583,150.05210355576673,231.6689573663438,159.6069078770222,246.10038096721473,110.60900159590183,204.75195664329777,209.96184551567057,183.21621154276207,240.08289946438228,250.26903029905822,111.20855933047807,156.46079981472923,167.56868000214206,216.1839521344598,146.55727297663418,265.7984256854159,170.434304313293,133.4615815140242,184.82404748843393,211.20429677591503,236.05356945757313,223.69446471823292
147.4930517353687,197.3427377407216,263.2980366255522,135.5532219637798,197.16715385148095,255.66994225139936,152.1779721928422,248.8784238029722,203.62854520218758,236.55739705204005,151.96152275587986,175.77506120506746,176.69479001343532,251.47259460104576,129.13049807156028,188.35613440181262,188.73221438623034,186.88771787385792,220.2612945051117,271.9813271765012,129.00676443663164,125.93239776229305,148.15722148757342,206.82343327937232,152.40927401107336,268.3327428137997,164.1695181649912,150.33948274005652,174.3710229285314,234.11323380744633,236.96845109039432,257.94434128784997
153.28012360319806,189.6653243282257,255.88546005146384,124.49419477528498,182.99919956253152,268.8107868263309,167.7412526117069,261.8632921399468,204.34057375660697,257.47143442322175,162.07634316962816,176.01711007910313,168.91251025291274,242.53404385871582,112.70559679712193,183.42034269508608,191.77791686730546,166.29845501299218,220.4803936752337,246.18952776528081,123.96344175295503,135.98217347315682,161.39422169151612,217.66394205961024,153.2210387457834,263.8128742902707,128.28450866824934,112.2389787463277,187.89931984275117,210.7013987239406,268.5835077554032,273.09818515332097
149.10922494009833,169.42721790244593,270.93600821687863,125.79248663645586,204.6704044082242,256.2033483304024,161.00295595418143,242.90066078112815,222.34292799243525,242.08851529077907,178.11506832956326,160.54131405131983,180.9491914036102,247.5041985587512,112.78959836959113,170.34466641873163,221.94895476140445,160.74744344675773,210.48078038169558,251.38843593398173,116.60149108852167,130.3776615459994,137.77401327614368,237.38151398553487,159.04674327670412,266.9969229952942,131.9816528777866,124.26536169578551,177.4769308739299,207.76462461815632,241.77544986879118,206.7649755605396
142.4143898214649,185.32010010884295,255.62918981754623,146.47949830567836,199.24675295352176,284.4771314478167,152.40704059935504,260.60288439145364,236.66185974609832,224.98391688118286,194.10590480041998,220.47099679371408,188.48105199893604,251.90547499768581,134.2288091883145,205.99132400200594,196.19965509865634,172.52505012209298,212.31288151071342,239.9077777636872,112.96056680902646,158.56909848050003,144.9509018495278,208.65762583997233,140.1297518596164,295.97182714820804,151.87545985291766,169.2502662385042,185.21441219732412,244.0430013310728,238.92507807411803,210.07975137030962
157.83855263455865,173.219377310643,248.84957963183473,147.03979449236945,200.33975771171862,294.9334112907569,159.64176817636084,254.6464158416432,191.41226548128216,223.1503860931752,155.75487076912776,173.09144513415853,184.33381371839778,242.11146149045598,136.47659805608427,180.3891993833599,203.25761485921697,168.28136926599856,218.39580884316393,249.97869136189308,115.8349289926617,121.62048420791214,155.37178213335255,209.21355581968672,167.7283447559396,261.6239201546691,132.762544030848,148.95535825132376,176.3750301697769,221.7832146100342,242.43271811473815,212.42301032562506
137.544830320462,180.17018848122058,272.7363013670577,130.8830734440802,174.91020831424277,282.2310598372895,131.84513814745483,241.08289955822028,197.4200123213837,231.23000971619214,172.8740201244503,171.45822446896398,155.638004659814,239.72709881655612,125.33540225988129,208.78968146053836,188.45773996626485,184.72886720658698,228.30148617102464,261.0154852719752,120.66041647125243,131.99988246076853,155.09108747217803,204.8468052225478,153.5920992324274,280.8779005566876,145.76120332886998,152.999661256031,239.34933832543143,224.1103875612022,391.3420282978328,225.4146733530369
299.0146772323625,176.8622033906628,267.06267695417284,149.74914343383475,176.75746298766938,278.2989921872472,133.3021329296985,272.8701294819522,198.14488256513167,233.51523610873878,167.2449890846691,184.88071608300157,186.64152108975918,248.82601204571435,117.65124744246445,175.5798847715114,189.6600732299784,168.96393212127253,245.944196689965,253.03053683753157,119.69014313283502,150.06664923652846,152.98485453297133,209.62440584671924,170.85095666524506,289.9314883522582,128.29866285758624,113.44775498766333,174.26151221664594,209.80476149187496,244.8271653923708,261.9073890897996
160.38074867297752,170.93230636865368,264.66686429705635,124.50672157505593,186.34752421681827,265.8220688495986,141.66597119845937,268.37195621529895,199.80919809531852,230.70864892707226,156.83716898293503,195.5326512838318,157.2924344447065,252.14006700438924,116.17018729978756,192.31049869538185,222.24669532736146,198.57815917656356,208.8889506567107,274.2453917688969,117.76849441223885,137.32362671285648,177.297762583803,207.63414462054783,155.94586073503234,254.7386370015589,146.7118119072722,123.10579856015119,181.96764006832404,216.29560687019597,245.57924015331847,233.68119080494762
141.7707764760531,168.86358241992303,263.69518249129754,123.81574899712044,228.85664527820776,252.151752617717,147.73060515010783,264.1022908506625,188.13273366315545,226.53638172308766,325.4448776260456,186.00973551732483,162.69654165736537,243.9607275541719,278.0864897906347,193.87384269658097,208.47666686970112,187.24962383278245,211.45039645244034,255.21311753381184,132.57576702837568,127.32675140540623,142.70175088275678,210.91771264487977,142.0744401849624,266.2961583077004,134.86844547402566,123.29247989708762,173.01982762254747,210.62865305138462,238.50111930868906,215.65198963234286
147.43854716981102,180.66041632809402,276.4858011476539,130.00161474168902,198.43616286554732,268.65382508375376,136.99531360243756,273.1104418865519,225.30441400472637,227.94224582521127,154.2246397483725,163.19217939863512,186.7170926953126,243.4432762834711,112.59571704940836,175.0004347838875,194.38956907021853,157.9027901432027,208.94899978875804,249.92837365951382,113.45247409662437,151.59585995088716,169.21606804964154,207.0467129703416,140.85997202418943,277.0679052312056,300.2671237431073,128.15701665270208,189.02605833935127,236.597795567903,253.9544492238073,237.0949791798472
203.42826927485106,197.90748660695473,308.8909200890088,142.7613511655451,208.6673934637835,264.4278151290984,137.71407185563578,267.8545286569993,252.55007041781016,239.00988953937662,151.47145048372153,171.88868380307267,153.62210851619383,242.27935137595986,110.20694949837146,173.9767376811481,190.59973439952526,179.28143070276062,212.99275069073832,248.06273817762053,121.77672782435809,138.10313112797516,182.3562451170815,234.17268462945978,172.9547497379869,270.26155476512355,129.548555432544,117.24373379767296,188.55840339594292,248.23751031051233,247.9403851996533,228.4829378677688
142.40888085427704,194.9966771664348,286.0827726461415,120.74845633030803,189.95630491730046,257.6998759318377,152.64262289955667,259.1983488385021,194.23882544950874,247.36056179541444,151.22519083112417,172.6592984380713,163.37986342224298,249.4805643971309,110.25754571316868,193.94457190848664,237.32760829674373,164.79058457847918,208.94163657436928,248.08173890004,116.1504549720166,148.77882240346185,216.81287616194018,236.03433898608807,156.32298339733546,276.0356828310947,126.88986027374793,117.37476003918874,189.77087852304103,212.4600814651805,243.4398203762642,221.93198630098223
143.50172336862977,185.42423357210203,252.86283187748256,132.280921019133,190.57997156865986,266.601146186712,137.17013596711064,243.29694516164457,209.36704368424014,237.18132279870977,162.26403881261885,176.00396870196872,145.23853379698977,282.59559560066594,117.64634505409805,189.46426035188665,191.22700459136752,174.54859635684818,236.45352240405597,268.7916966385634,134.74383342726202,132.16350226832046,152.70620183799906,206.32195369886213,213.44606750152968,263.7614374239367,161.33705486769068,143.24438907028633,173.92059034869334,219.4898403419039,241.23527030677218,213.85511841407777
152.5340214159389,180.03430419118817,265.7831629397954,121.62004824941043,197.0713359120644,253.71354179775287,135.54293318927364,401.4440813632863,186.71216787185563,221.11077902822504,157.43507213545763,184.66229208488502,153.04122419620074,275.61371543619634,138.2035438180465,170.07588580096902,211.5921279410542,189.72717899222116,207.04757253397946,278.95079614302074,147.94699555890085,130.88146467236112,142.51568155005188,202.27099838139623,151.04625459640172,272.9670554012937,140.40676997029846,142.8017572879369,183.25327209077145,219.89169808686313,245.7325169815518,206.71092662297167
140.28983146571747,198.146589007438,249.9182981200191,128.83447418612397,200.01521850049704,266.05343048025094,148.34018784509837,251.06243904170591,194.29507800848617,232.44619635182136,185.990727562492,180.52615352106403,214.61600254877237,253.4937654442228,110.00972564173163,182.02681843315779,217.00725659371133,179.41433765558097,234.3556706888559,300.2442046320061,121.00375577365298,178.54313793767108,147.69503619647324,204.66691591058617,148.6045965552589,260.90607830047225,139.81421303182884,144.34467200205597,185.45219717942308,213.10071902370356,250.27222094614476,203.94611679749815
155.15632447127936,176.6603210753252,252.06967351460247,163.49506711850404,174.80177845022968,274.99635509190136,151.45177889318302,255.5940954784373,226.83879124574594,218.66923013037223,159.34351106971383,181.23111343606254,160.83314250592315,263.120579985979,117.48462606665375,187.97587348525417,216.79612562203053,194.34989592996658,237.97948154587618,252.94991661384714,105.57202844564515,127.03656851881215,143.86490136766815,221.76948148966508,147.30862108242138,255.38828131664317,128.3287134432137,135.6469774485742,171.278411263511,219.92835094061846,243.79816776731678,219.52064677794422
141.11365173184157,172.68803544683607,263.18755136755607,143.97243748068405,182.7643726002723,260.5991895913702,148.4425084237267,259.7425412543894,199.17094349525482,230.1156293396526,156.7236087527287,192.81348743911,187.12041889476941,237.95132157204165,120.33766945183132,177.84410505637663,188.7557796263958,198.64378291509803,208.05288725779445,245.3319385689816,127.47322725516375,141.41445647070344,175.8511639348543,197.58834468618255,174.91684920810778,267.0127266305731,134.734417852556,165.91480567524854,176.67037170601628,250.9953036923459,249.80007152591506,210.59490038587035
153.3142345610209,170.13445535340136,275.49181167697037,151.11757921999828,219.3165312023066,265.8828947549302,139.68184332751616,248.59817723844603,232.50118557900026,218.10968770701714,154.83682494832516,162.5071598630953,148.7640844399653,288.0565501533966,124.03110606985685,181.57031684886863,196.21336571920477,177.38067381303065,209.5602048300408,247.95653933800168,120.80036461075228,130.7941444582106,164.43148200954542,227.319921356796,155.6978192464465,262.7574816845182,146.116726802723,117.4424611175686,193.0032535496214,236.7001626995372,247.1493803755631,224.96874494523766
151.9978078086831,179.97084558792386,260.2205402160445,124.49948810285947,192.87566983926396,253.56317587758127,142.69013262842844,250.52045723649837,198.931339659463,225.4887712385231,170.31867014405236,160.58124906786634,168.8412434493726,242.02790588003583,114.28399010514582,182.70582069104532,215.95886627146427,168.91038535938236,208.22944216398423,271.35633483849256,139.3846595319336,137.41336932831678,156.32756718245605,222.33225032945433,146.80049076835505,250.65836678678843,131.6480959728487,153.18576219958112,175.12823531598545,219.46504089033655,239.52733129423666,228.04604734381894
158.4053419850066,220.28090282931888,251.5860962872564,119.68914473417513,397.2813905045252,287.1057702748263,152.78970544782308,270.23543283755987,193.1962986284463,234.24194727760016,149.79889980903633,176.09953221189502,163.06862339588898,252.3275444532433,117.86417936889671,212.9227569075358,208.2736153799751,166.91421175666468,206.02268060385043,257.09561054229516,115.6978568320556,123.51872145382815,154.95123967093863,201.30683078304565,322.22280668510416,277.82691316159617,146.03362426800373,114.81436135297237,184.1990992006555,208.40500198459515,269.338689348921,235.71653909447102
142.8700129921715,194.78952935896513,273.7664626957976,130.80764592111365,174.70856839872107,272.7275913690438,174.29033568117197,249.37212037658253,197.50282517658755,221.43786647727308,150.79227560321053,178.32006866634342,155.59062331767674,242.49727737342468,138.87878087795008,204.42457682692594,237.2296084937458,177.05120741995222,210.25057059687995,283.7627731715348,130.5653046178448,125.81621210622936,151.16490993438825,212.25691379022462,148.83125055757608,264.70064719495684,142.5236073814775,273.222412966097,207.78680147353003,212.5904052929113,253.33270436729813,232.94828210001765
134.03339870810305,206.5954146070075,264.832386060229,138.50962025247466,211.81119368843247,251.04275406641815,141.22636255553365,241.9983329363639,196.8083813797845,239.78682861916678,159.29831864485163,177.23095612238671,156.93432202342441,292.39271158461446,117.36657674271461,177.35649922468147,190.21792799526162,171.3596411899381,224.83070145283963,275.51097091522325,130.67063395235806,145.2159043394205,160.7168156218204,223.30047570526935,148.9235803840613,245.6559369993501,141.3595120184017,120.70386640165489,186.75361665670704,233.53186480747087,248.97927733842258,246.190371383846
153.3150945723275,173.82439649976007,253.55933926504275,167.406789085937,198.4265354863284,250.35290303444393,149.21317970652436,260.8201315578624,233.30757102460976,237.12212258508185,155.66452554806676,172.30545926696047,148.89733540930837,245.11728002719317,122.44445099124546,187.8849037384501,191.32982228593818,170.6067608589526,227.0356121458877,261.2815929551473,164.64719087188396,144.53601906466884,156.9771078338098,205.00342674730933,170.61014945829191,254.09971499938075,125.34421266056623,125.60117927885429,175.11886934539305,218.8238247231982,250.6237155846515,210.35441453038496
189.48892462896856,179.53511812615824,264.29075608807733,125.65407841835054,174.96135643638294,276.91898894880364,143.86360249176906,250.49206255702418,203.58642569892137,278.33039460475743,148.78044558563548,183.89287437135727,156.0606120842581,261.552800825932,136.68420115366408,246.9729131670788,198.6202965408095,190.2847519092467,223.72145561128784,257.22005510049826,119.47173235510108,146.3209016507384,161.36105401316664,216.07902516148002,182.82473059993973,273.5830045000028,159.9517061203876,109.88920013049609,187.48366123667785,210.57390744598774,251.58057506854684,210.71704027094344
157.4865090969663,172.74034093237756,270.2894464236836,118.66705990617034,176.92839640744612,262.39089386199754,150.97812822321728,241.5857485950661,216.87344416397804,234.52002481330257,156.0116079741752,165.95032259389828,172.59129760670052,240.62189914629414,124.92882799040078,186.26540124576502,190.0839547454358,165.36698959827677,217.84345693783374,243.11188180898043,105.05057826370205,131.6471785336831,152.47566319136214,221.1806162080526,159.44198016858695,280.1984914574619,153.27572040500436,126.53818736903554,174.31308348961417,206.29227300232716,235.3974452159834,217.54514804234302
154.84612647519302,184.80740186896554,267.5253878232931,122.87944244071662,188.78389222832746,263.1396825974488,299.428305958731,241.60793372632676,212.11103816527654,228.14875531224936,174.73684505128824,174.27765022268264,165.01247184684598,259.2046890155415,109.0647045414337,175.84621808916165,189.79888359763984,158.91246647339943,211.7448229991511,264.33802607495966,113.23222408636863,127.14114339503365,150.87172725305322,260.021582886627,153.85013563964964,263.8478421132077,139.28245243646003,123.36666221481741,182.47197381769504,205.8792578088274,261.92097855706237,202.86089773300495
150.935663778071,178.50284294733768,256.4118350852356,124.14311829173482,194.64266745996238,251.09725719943293,172.95431812346797,273.2166415300659,204.92476969069793,240.86538490772958,171.5179943072071,159.8845677166761,158.2430493201544,273.5606440349534,117.17274303343817,176.89104964183687,193.529611910553,158.945662233342,214.93789385276676,254.68279436618067,115.96829110666428,155.17361165010803,145.08596250508208,208.98578455453,153.371269256846,249.60696159304098,132.63006046614785,110.5020409087714,172.66532684049565,242.31554289093717,245.9342612929092,221.83469460125966
146.0030306453515,207.23782072292914,248.51079626583984,140.42359707238532,216.96091347230333,282.1181511627659,148.47470059680938,253.47081275048922,206.95643118786123,258.01619272433015,185.67120964207416,176.36693440043973,159.00559651037082,276.31630888033067,159.18222478569052,211.97984759577074,220.62072089066564,160.54640798504602,236.09797477633785,261.06231266325,116.6886659282287,144.6961957627119,152.84599641326292,201.9194836293241,148.05023958301288,268.30370593920065,126.69898224961578,114.25827825600436,218.73345213065193,212.3802504349447,257.4743042309911,232.77370820248015
159.3755118091233,205.78536852894706,415.3565269056862,161.24697237814377,179.91816067164535,266.6527781465843,149.12734764148598,256.30944461159345,199.2264428255047,236.44166450197216,160.85874336102202,168.50142456774236,165.79157128982177,251.18833275186165,131.2347509531659,190.01911939003344,199.93797139298363,207.55606975351145,220.33917282533045,266.3924246336812,136.4646811636218,142.1173458788803,146.76428092927105,212.9561322054038,144.4471166376544,265.30477914457356,130.3732491888283,115.08087252926329,189.0664995116338,218.35834166925864,235.3953548405688,235.91242107038283
175.7463435929965,165.57038595011855,274.2381366089972,151.73599254699266,207.08265257578566,275.33464452634644,139.03949515222266,250.3265545847752,226.06078228747612,219.59339155277732,161.2360532991157,166.56667533513917,156.55401683192636,249.74983095429673,127.79496819085736,193.09840383472982,220.59286436798322,168.11021085690905,251.86826554168456,244.25287586573089,119.47554423658916,172.82444525286974,203.17817427686586,197.49744731997936,170.409626483955,274.86351747469934,134.6376699277394,118.33462761717661,187.94188421611682,218.76564271223208,245.82784274511553,208.92203995679512
145.39013807349028,196.95479013372199,256.73003522199116,154.68458784353604,185.51409447587722,264.81577477222476,143.35878145581364,243.70990641987865,221.40194509604956,220.85934504158706,152.3644088395851,180.77816650847217,147.88207883748058,265.2483310947253,131.25419119327324,192.33732011076515,206.7385732806165,180.34393710564618,219.8095992128042,250.55848023960885,125.63228373964405,150.75964996693705,150.1679157398707,210.46182179322588,156.26544130478527,250.43627694959656,126.44232859698558,147.07872545515573,187.27567016452033,210.8579257769724,236.84163833679025,222.40574501400818
157.1240327341914,186.69503136470428,266.8209008198439,122.46878481564188,200.38180382786172,257.9272531513554,145.7504107416097,245.40980811723568,203.47806821494595,247.1755724502556,178.40127010054815,167.60319985230274,153.26949250438366,282.74393123062634,131.24109940106968,180.89078000632705,191.42617985163096,176.27767866431074,249.8663285515695,246.69651119304484,114.8002878535447,145.08190382775535,169.96088944082277,199.51118231395552,153.3406615982691,256.90070997878695,154.09913580855354,136.9967967487235,181.83748362511133,215.9391596914053,236.23370796579525,216.899664970787
174.72922805785913,173.57421825001103,286.19628635409924,124.5818964522095,183.2286654578749,289.34865396763365,163.79929118864948,247.2132685177515,192.86785862455295,268.71860683399825,147.9818342258472,169.36936915120341,163.8368531051489,295.64753276790753,148.1321561078655,193.56819389922327,203.4933870076774,167.65592816511696,222.6779284226471,272.7839014973525,129.12844463483296,133.22591732640475,152.51847926906154,366.4889102694859,140.64757656801052,266.87407286045703,146.18269208257908,114.26219565051491,176.39056279163594,223.1939405306722,257.19581725333535,218.5007251952261
165.20274108806854,195.74187869393575,293.757494428239,129.02999808457687,191.98197496126403,273.34307447617715,150.19642615100582,243.05525735984656,198.8091701610422,244.18508788850264,171.69776688368273,166.46202050524784,156.1691774927865,242.91989054406412,134.54826800511626,171.5520528053796,217.15447511290398,218.73207154372514,223.19373875662407,240.20634755436623,113.16305903067854,154.86512996755212,146.12041219567203,202.36576712122695,157.68110212879532,251.23174793100605,162.15534265353523,124.18091549863877,219.06085243446756,232.21601776735216,260.50527321558025,213.01880446538541
146.37515363334086,323.840462319557,252.20836868928396,141.81306064130624,178.92682054402943,264.64329868434567,139.26370072273602,288.5138367553852,207.34812577646596,231.35429454978234,152.67990139598373,169.19334341994423,190.08393559456547,244.243729264635,122.84393782017563,189.7021233034166,205.49728001785712,199.0384578981142,205.82088134103827,265.2724594472765,130.34521323008914,144.4266063098462,143.8340057501851,235.4136384935837,165.24746048378447,249.7664914566914,129.2317417294034,117.03440533968161,202.5202539569945,213.32409823080945,243.82463025232204,216.84682008479314
145.16381344646737,187.3106636500689,254.2890069507311,165.2102008749568,175.81442897086114,261.4733239414286,145.80087024597003,259.2178950185358,215.69038105138688,237.5958649506139,176.6932207793054,177.65561368130875,170.39108885377777,253.79152066571964,131.7037294774879,179.85045316275287,201.37381645872574,156.5640800152877,234.06227975144802,398.12052954891055,115.60200764655417,127.35979522999641,144.70315415950932,202.24496640591863,173.55377609798842,248.15947168872898,150.66870741643297,124.50674525023558,220.90995402830913,256.3233761440159,248.3078928887718,213.50637365232572
184.427945176337,184.9566600229526,282.935913173549,153.54191724393831,210.7062257192792,272.3002022115292,137.48131154521363,279.9358290243505,231.68331406771654,246.27461307965444,147.2576263549165,184.93720450577362,181.4269836710833,250.29587413693412,187.19881069417082,173.21575399025525,194.4756909101599,170.5454711933011,233.08781733079172,399.81168013835696,129.85844222378154,123.7452982687993,150.2364781492218,211.56448344276043,149.8079539250824,261.43143542928215,135.23843625674957,121.47431181058342,179.10789269834518,226.99973120705909,252.51446788460083,206.20070621164143
153.09810516542734,194.94473088733622,265.17691566637177,126.0458730831527,176.1158916191114,280.7619679401943,142.9430863055058,275.38080288568193,208.1625394083614,225.87690517413694,161.38937079899762,205.9382053352473,146.4458293914678,244.4384944865685,169.40610893241345,172.91522833546904,202.28624048941248,159.91149123168987,217.18654428172346,241.2591990028787,123.39367884598153,178.62734245505118,149.17211383356116,208.43001089756592,143.30816311309886,257.70304179513107,321.9082802156912,110.65517261084366,196.28668844481155,243.79692193862897,251.66090295662434,246.27092410481055
146.4262496682099,169.76551209232284,265.2166681221241,139.21663374063357,183.25133355105095,273.51261038229273,166.1108202606926,261.1769747719259,191.93127386578374,223.09644201141836,167.93154859096077,165.33783352814842,163.8666345037206,241.85053915310027,118.07286120376997,180.37468014463778,199.23295039324574,182.67404894986063,234.7487210050781,246.20214688591128,112.51561478099995,140.39915351948414,148.90797853502,208.166554684627,144.5772611847168,259.6586505771629,135.18009138930898,127.13629755726349,181.77162534494775,206.48999153610126,240.53554656376804,204.80533995986778
158.76128456676759,179.92113668650666,259.6202091884308,115.83907384722801,197.41227696331413,277.93661178984286,136.71118701921108,262.11840283961055,193.61973420304795,224.57512617186433,152.52179042683466,163.44539124232216,331.7976860195706,264.0778930959028,129.29535054451543,178.93987189074448,198.01004509450354,193.40728773368858,372.07717472574546,265.48716107833536,275.4933898974747,134.13419588067967,167.93646365619313,206.68551600078302,152.59697656267775,254.7089321550256,144.0089802290642,114.67726914724145,188.91331445232615,213.88053587313908,235.39352162437962,208.19288500398577
137.5346953418288,174.8779392139241,257.82144182403226,129.09525595224574,179.77691246304553,250.56622689444524,139.0759098050365,279.0968312573012,186.7204099994046,231.1586363404712,166.40023661514903,168.05482046136675,196.7003817802115,315.828844409482,133.7938325640445,173.70439216484087,224.26642729313772,174.06674416484327,215.61165538522505,249.60806041831967,109.02511494245977,119.8351008217391,161.9533049800339,203.3089125637461,158.39023150025793,252.13598337738085,179.27619788536327,147.49542715717803,177.63151711938755,227.1414771284514,258.80535924718913,235.50118312607114
162.87232093897336,168.0497501007743,276.93634187619045,138.21215351356983,213.66108508974372,260.57198130807683,138.55995302265814,244.8009478316626,233.94028905850564,223.85550438043887,160.626540362286,194.6647477879247,151.54092393934906,240.04958819726835,131.04302487500144,179.53014965334617,190.41053875327455,167.62000282624786,232.51440256269268,256.4635826303713,154.72882349925212,123.91949416243045,169.9688695174504,205.7219383015629,143.134205614351,258.96761255688153,129.48389255639353,110.74281797991873,185.00007551799095,213.07041281667802,279.8938552157696,221.12542014441973
161.99931679417443,167.53931321486857,263.81252272133236,129.81126146525406,174.76365074583035,279.1115032987799,143.17999202243536,246.69250365605683,201.47742945641744,257.7779463804044,150.22813709885602,166.11648618931042,160.24170418933275,252.8241112513968,141.6693860296864,184.99152600670067,195.58156607274594,171.13530096818354,221.73765140736128,283.107916544433,115.41388544002965,137.8646180552292,141.20687581469414,204.65912168484422,154.1944702793548,266.59441574995867,148.78874129199917,111.48897683638502,184.53160454858894,208.37197296945624,246.1406275411716,228.08698140378252
148.42913361269743,168.04213196236708,264.47670932538745,130.77894536723443,228.09070913939334,282.5820142700331,135.3810582260697,253.3631583733465,205.1210172351116,226.6763779257356,177.4894098491721,213.80617227853242,162.79243231836293,250.9857835222489,122.30679514215493,180.41925281178865,199.95944029394033,166.58963953354137,221.10588916609157,256.2005247598531,109.99297180762404,131.13595747812954,146.84777877754638,222.53094809476337,150.66917356894115,281.69707868529747,148.88606565592585,119.3035517596642,176.98155497207287,217.3654701579426,259.71871258404207,210.6594862119125
156.3509992489049,167.42586122357943,258.60903328683975,119.22668755836297,205.29216296598133,259.46702698031754,146.22493014898095,248.1741126060385,195.16396023042293,226.99274794728797,173.809493660039,162.641098985675,155.0427244949753,262.462667337925,110.51775630081603,181.35769606530368,197.54792690768366,161.0340395905664,206.16786679091013,252.94118536055853,112.87941748059296,140.90979047410374,155.58189224291786,207.25724952385832,152.1654175048801,268.11149620631824,134.09472500761373,159.42952076374743,200.52749751883533,223.33851528962498,271.74409748723275,233.37349752681556
141.6988429538927,177.9620436536088,281.4002837350611,121.15792062566737,199.58824263346636,259.8170058668455,165.62647363815697,260.1785775740057,213.4828614893695,230.51558288621374,172.35822554713877,167.12685867745193,153.92044170257745,245.57538904220735,121.94860497448227,182.80258556181536,211.05125787162046,178.31992606159076,212.28506564220106,262.09280412684103,126.68175541120357,139.794552486973,138.3418757024539,204.35822906211098,165.8307184804243,264.8668436498166,176.00010817941398,132.17268395898853,191.06649167294825,233.1302458917337,249.57764691952622,209.06695006948473
148.42196573043518,175.7627535947796,254.55831692187922,129.41067371408653,179.0646060087579,250.3122431119983,151.81167079638806,244.10823381443305,209.80897179948187,241.30750345498066,173.6446916963411,165.96381095025868,197.0663007821023,271.6621397989265,135.73961734067979,180.8291695509137,208.74524845154593,168.18663074769387,225.89895012723827,247.6867785858735,122.90788860795342,126.74106100635899,153.8318983854447,200.27407138369307,153.08116711950495,246.46761869172778,131.6631871898407,151.7704572555038,203.37111326490285,221.24770360139345,256.94786993758936,244.03519777035677
175.3890479895685,185.15588999098483,312.6324065041613,164.58556174019293,189.6277129780296,260.8786571837807,162.78072183067798,250.39232478780684,199.9895768353266,254.66664000439908,199.9984393677101,172.83146125661665,166.09386473012486,266.85142806272785,127.69064385843797,334.6582194138312,193.21188823605834,164.80070046419698,248.64302058090024,241.49409087941882,125.38567385342003,138.97521258207078,152.23260684931364,250.01514109348489,156.31201786065256,265.1801246266827,131.87738484975543,159.52230548375945,211.9762369594906,205.51150410041015,257.67730790794974,225.33962003228223
150.57591284544313,203.85784829678,263.7669644983083,138.30599345981403,186.38357790938622,308.48876749859056,133.21506663601076,255.6331839711468,218.2428524067452,235.47929133871253,166.74499206635923,183.360185178368,207.0818791958447,256.512397411284,117.30990594912618,207.335416370652,190.41693894868186,162.28690491598044,224.10245248638816,266.16219295315267,129.654131017355,137.29368657763916,150.97641547246477,213.9253643229371,158.68059970432193,293.8190893890084,128.54300235760624,118.20340818042636,175.05076342680985,214.03653335057106,258.7777611316745,207.461436373279
181.97030030421166,219.69233196674475,276.8864574432716,144.824890600718,191.06401739205918,254.38414176046842,168.70713359446236,246.65468164843406,223.17902083394048,221.65304810029707,151.4655423278988,170.43628754995638,168.0872177665371,241.65706322539495,126.38985416549849,200.87290676313017,195.88994089032593,173.9776022454685,221.63851736287128,294.9677943670606,144.5822051311793,131.1480257221801,185.46539545016998,227.53426522972774,148.24862317930013,255.6300735962876,138.86913544475686,156.61102975274426,199.23954762359122,216.06453536598784,243.26902828501662,217.84474425271276
139.81418262599345,192.58435905773956,273.6271544859791,134.0585727565476,181.96653921736873,262.82029791261,137.27352252025722,260.9794383763093,211.69472029419066,219.93813851512297,150.65087361593632,173.44493721230467,157.30094194747306,242.92466174093238,113.45099197437685,175.30147140635358,195.2464198964636,175.08827344726558,237.5334485616964,253.82846252617264,126.32580764452372,126.38781720098858,157.10293695034068,200.5173223046854,139.09394490178298,271.90255124817594,190.3049808125449,122.67808206466019,181.55347516102006,219.92455303373063,245.26401968215905,239.056025015001
163.00414869246836,167.13440778105826,265.18314146298843,152.00447983800228,395.6913160631823,273.62158387761906,173.72144804318094,260.22823335923306,248.0256970148729,230.04847490205893,167.92097699165615,165.34866262677195,174.66748214117868,274.5923466749086,132.65226269361506,175.45895738076482,229.52498206463886,170.72519570742278,256.69001007407593,262.66322360101896,277.78013446121275,137.6112213857888,149.7175809044208,210.63292649976788,152.34599230778048,251.132353660405,156.41384338524722,134.84577946680156,186.5385390729919,218.44972981166183,246.610048788459,204.68262010633535
164.72470222078337,173.71162015221515,254.26899118794952,142.2045434599909,179.15502659902515,270.26636500344136,159.11188164598352,239.50117919881097,210.98495499444704,227.59558151606893,164.54452806656988,186.5916597513023,157.24654438982233,244.4936907104642,147.56080643943636,208.630560660035,197.52406201291927,170.5793351293499,220.18057881770687,276.5588620879052,121.20273342808369,130.31988759070128,143.9785418149866,220.8301195790994,152.18233826091438,270.5289174753857,127.71423175551647,128.44996148758457,221.86786044884332,225.33592204236277,240.3154828696625,234.1211119134866
151.92083278257778,175.45832215627695,263.486972134217,126.54213128901972,192.17070422642362,256.54582806810333,177.90478422137798,240.3271215749386,351.1926903527717,247.3782477272349,171.91979060183934,179.9914314573603,157.48191137019498,246.32520173550353,133.9000028811247,178.1026050684206,189.32120676916196,163.66656610228867,232.05548853526372,249.71463035910418,121.48763780451588,121.5740827145814,136.06952161270124,203.05108745215702,153.56299805092422,262.0321407585377,152.93462009558604,119.52843269731544,228.50565618806903,209.64389432170958,247.0082603291463,212.35913508573512
157.6927728072476,175.88455106198748,276.2727853926414,128.12942804512593,179.85497916165292,271.49917682093485,135.93442251857152,242.44232501811285,204.52917041340282,258.1010641794814,210.76507703587987,172.1525427879089,150.19849283153488,278.9361201534956,125.57509822711319,176.34119166807034,192.72366248355496,177.97159952224894,248.55622982061396,270.4927943930221,133.4942968970612,129.10528475917062,168.21904644191767,216.2375061378237,155.9615672151736,274.39697616108185,196.56980152485772,116.79728153540526,184.81402304393873,213.2971736368885,268.634378519847,228.37472527409795
145.4606371494795,185.5934830825519,261.7600161955771,126.93056910279265,187.75195583625424,257.5325037686898,132.32560835459802,257.3513569230946,190.2849014425394,261.1803007517236,148.0838801108393,175.87364819486123,172.0512135271483,263.1574687342026,158.41469356596969,241.75023130963962,214.3082746760211,183.93514836992438,221.9581042852426,247.53540981521186,144.3256955635451,127.8663482178983,140.51335543238804,201.40354168512667,148.41368242439773,256.54473439174353,137.0738999616937,116.33819521657419,174.90032421546476,209.28587761392288,257.26340201299155,231.09926822354038
139.5154999298207,183.35778873682182,264.07923272539165,126.1582333066747,179.19968539644435,271.6658221539304,139.04149592605378,238.64574003966925,209.38971702881398,237.5253110450808,162.15744606069072,167.13308631578195,165.01988121196143,287.55042602076895,114.78657378267668,169.38296586562308,213.46731907658696,163.39083304812337,220.77796615712342,248.78080494685076,128.523868151618,120.63599916629424,190.0261132157306,215.80665811328493,140.5311366199942,249.77397368565792,144.48112078741025,109.83167511338081,185.03091598095997,215.89679017725578,245.62400596870123,254.56155438581968
145.8619712353052,169.20669762808734,249.864708193528,127.04927216764702,184.38761076064122,264.826171168838,149.3248121457364,258.2578370279212,202.64590018563877,243.40473155806623,152.61442452939133,178.84873791350952,146.41875763006033,252.64770627965873,116.33911796610727,176.79859710015364,198.5342206155022,166.1224626325702,225.54254907383287,245.30242656070084,108.40527244334854,139.3429758479801,143.0174472484084,213.4407995641567,137.47274786011909,250.0890578287193,133.47610137451844,124.90473326700447,222.88698066248574,215.3867108886188,256.7965596800174,222.5371585505561
152.79673423051003,194.68408047602654,275.20805922854737,124.07126127879089,198.00735880065685,258.1409786817788,145.81396693694452,252.95235476679932,215.7638097790416,236.78454046518553,159.22264831750178,176.70200809768195,148.10257776443805,246.6892013221063,110.04937467875224,174.7790954466298,198.39292750076206,175.30076906948625,207.55422623248262,255.17589709836238,117.33684400345268,142.95968197544508,157.2839734157377,225.1302985539575,139.60520632879926,266.5229696414567,164.90155124814243,119.52625979486665,179.43739099601683,216.01798959469573,248.0896082977578,233.00898150692439
161.6535251546599,192.17800867148424,257.55887611942325,136.50103107053383,174.97149684416442,261.8346948325451,195.53396139878453,259.19359800757377,217.43062161408793,233.5297696574948,154.9558339837346,181.54763062401048,224.7684691093395,248.45084217982384,113.14798758979778,201.30960391882974,201.2098526859846,160.6197170051706,391.5956462918109,263.15888212900717,110.26595374530021,132.8344062402808,147.11319123853409,230.49890237799195,174.5031988697477,252.6454515898106,143.65973758625688,112.33655786078785,183.6517095221121,210.02406317955547,256.79755215412104,206.48546133157532
158.25262786434547,167.7985110229394,269.0639016555408,125.70428856781963,182.93567745569084,267.41761334693666,143.60990991017528,236.90843771540202,210.04619057582556,220.25660441054956,174.72382949508935,173.9951620151884,151.93695992961364,241.12784739752541,162.79366147516942,194.74196428613106,191.24510495199544,169.03726166185038,207.2620683908517,249.22178187797783,133.14126851030304,180.2272549274329,156.88648422551248,246.83470873412438,150.59430325195902,261.9120534177825,137.70517151720196,142.87209342067842,173.1668307580267,232.67780254828375,257.74791062615816,237.32413453613063
156.47652694623383,186.10654388915233,271.7634137429826,147.8050597350877,216.02289039296082,263.6357555070893,147.48885875059017,257.61060083662136,200.74113197434752,231.69482646873172,153.66573320574258,173.37045051240088,152.8082831398862,245.79708617953563,128.44533179844765,245.35635965646802,199.946534022808,174.05314197155116,215.0169717793661,268.5693095245482,165.41844990353826,178.79977648061535,155.5204824492427,207.56160518443164,162.21475135056065,280.5699441426463,134.78855914021892,124.45352274665022,181.39304150817958,210.1147068284298,249.5834917343089,214.50536351389366
159.80295084101348,177.19722097806013,290.1754315485834,122.43669781355504,197.49181006937985,267.8118259884883,132.20920703362765,251.3702632648204,189.1878078082588,242.49707437083748,193.48524559427435,188.53161332238625,150.6523438852905,237.9123874452115,125.14272721674828,186.6669540907822,212.64124188776452,168.6033362204001,384.09733745121184,268.87648044072444,138.49526993259718,125.04570611721248,135.55651879216282,210.3677196579736,159.98647646251746,257.4579067674529,169.08862216906095,124.63689417409623,216.83230382848316,208.63960161963544,249.23615267243824,211.19251015156073
141.31763557145499,188.1975448901269,259.8863082727704,117.38772435778475,180.9977309505736,284.93677014776546,165.90655059422295,244.40419242634079,228.7587348821546,261.385363271798,152.40006765219673,162.7859079671552,161.24394199484786,251.87714021704585,129.7929833331443,181.0101047959202,198.84551089982233,187.1125097228029,219.0102729144907,249.8415338737749,109.57221722925293,139.86841681281626,164.7496931281772,223.60113424166616,148.2505946252295,252.194358879218,124.45610165547309,125.0016625484068,205.1882045474735,212.130355300953,272.6568559294611,224.28969288951149
139.20170663747624,176.50496940140036,278.10760169874254,123.7523022267289,211.7456683260219,255.5029936562339,146.3469334716496,267.4206518637647,213.72275410378361,236.14041114559524,156.55265026940754,175.4944077276086,152.7892640997882,236.7911376826973,144.3165348688948,170.92686936989574,187.95330425760054,192.48225895088387,214.70266481808622,249.51062217575128,126.70050882470721,125.50885564248755,148.4911456764484,202.20545735556672,147.61779917981838,268.38505504099555,173.5963287882306,133.18206185943495,177.71096264801912,222.3516872326236,250.7107931680742,206.749916191614
148.1144202120661,185.07522139192284,280.34133134923246,131.83817330557076,201.31058473546057,401.73400873120386,130.78258516909838,245.50630450119758,195.3118540236992,234.8240443852653,150.84854933720243,226.2343960704466,158.6644567465526,240.51827956988643,128.32214401683905,183.84069664456973,204.92535185074982,183.19822181035403,222.08526187817066,300.85272948963444,173.02708934564257,135.41637895721107,168.0658581094516,214.97552305782088,138.36701516011212,263.2540888208851,151.90096571289968,136.78901613000235,191.82309114433306,207.12524902766762,291.59916159794545,222.3293701537929
154.08762611627628,196.08511046227352,305.20395659047733,128.36009412669736,194.0619984388195,275.0957594017674,153.0519267047819,256.3816237753896,192.16399266341872,241.3964055767213,159.11959989850286,172.76793191269257,163.60042791293478,260.9615243090482,145.6705892891646,201.9049237285894,201.42617071875458,161.52917630424147,209.97306903076532,277.37347410698516,109.21826263434016,148.11620087014114,153.18479103319834,235.84286653527053,143.1826960070764,258.3830685706903,149.6859148715873,136.62407733568722,206.04515701741906,247.59196225575812,250.15046562750683,207.80495231161018
154.2854738942942,196.34440281985687,252.42634538192058,144.58528257340674,189.0502972882379,256.6617746686103,144.10485373978665,258.88136202394014,229.7821380172267,238.67992640118464,188.7035307076754,186.28840870322364,149.89972382101874,307.3523459249799,115.64283660543494,176.55428706022923,244.3490034278352,171.25761468456386,212.00731193400637,290.5623876592118,126.95080516411491,143.13113119816205,156.41784784138434,209.52165381463294,149.929525661637,251.38627684469915,160.4754031486017,145.6763241179982,201.5016179074403,213.1939698766564,270.77781995005734,216.74615085421053
164.72931064829885,168.63029238278696,273.25880836157313,147.06367448583939,197.4742229262022,251.50046550364095,150.92677175523588,262.5426562998806,204.79568119276894,235.73748642070618,149.6610270658856,166.10409146283595,152.6903836727865,250.00357271040352,132.3255963576681,213.67001605399327,206.24707757539733,165.59684684459316,208.13502219033575,257.4365519400928,137.6981117797456,122.90890458147625,157.2378721119795,204.3104169688988,146.49194561418383,295.41206508681057,157.21804156071693,143.8339212387225,197.29497377219195,213.10708663114525,233.94949724239444,218.77143250821723
135.34188824242358,168.60218806366055,255.60840843080697,139.19594593516837,186.92247787279993,279.06453288524636,147.41099195109553,247.6368584611045,213.11923584152845,223.04814190254285,160.94717550414114,211.5910867045993,150.322216038347,253.7096826945829,114.31021417866951,190.8610284239457,203.6670258268194,175.0448198529706,256.297928168883,261.1301491488516,122.35894412052139,132.18863247853457,157.24824018103388,210.7716880748977,156.95183345582618,288.8598509080215,126.3945564427967,128.4668476435373,223.84905390089705,207.55949051380313,284.9323680023619,227.00867838685647
164.23874909370556,188.71053493281383,276.0586372013533,130.30581709580633,183.68913627740287,262.8919232117785,163.61839284781095,241.17684075874914,194.10944873594835,222.04823181201547,161.6574483617642,165.56022314771764,187.70618836503667,254.10284674277835,128.85101930970256,192.14149736816216,201.67331558615496,173.84375966208808,226.04673257420515,248.0277583886375,128.55849974271067,131.25175127287443,141.42033690000721,208.50461332614415,149.05100617110804,247.0575516257208,174.99058446246107,153.63922281024048,175.47494547674228,229.40970598049284,245.83080254667914,233.13236420802522
151.71327311861864,166.80949652957418,261.3323169035216,129.4816931009376,174.45298234323047,292.51842237290003,321.32284961622605,245.3433999196255,192.1386745066661,243.5554103842022,178.6069834469336,219.7206543088621,176.86583362416738,277.136845131393,148.5743898789412,217.184255597858,207.80731973274638,171.51011014242883,231.89258320444208,261.72733375227847,122.80369308957286,139.70656873211095,179.77166325407353,214.2532396172386,182.02360365348466,273.4432983173268,134.99576157188284,119.77168195141277,175.63710826125984,235.40759529984197,237.1423018490632,204.94085997170052
141.08368496915344,198.5405006448717,266.886073309528,123.1786412975814,185.42934586666044,272.58891526968,138.64725800413245,243.5286680294929,232.79213767933783,234.43654084658792,298.29630120712716,228.87055753717027,176.16144969146873,248.30719556493912,139.56981597265832,204.59036603451622,200.53667581349666,183.44755775785734,248.086737291003,254.6060463559939,111.88410456445311,142.50108176519709,200.79845128738165,202.02008363464395,139.7397312162487,252.7925291130679,141.20854968089543,149.26967511651623,199.18883707716643,214.89619718891973,251.74547321076923,217.00733275424483
143.742458038343,167.99212581719857,289.42330925055296,185.15255052239013,189.92348679083707,274.469980048086,140.05747356408702,256.41059065923855,195.09261364962143,226.06189808689444,155.96742027054745,179.33349233309536,164.59549317644542,240.85550131101687,120.10073613597926,174.11536592262206,207.54308070014895,179.70665351125987,242.05930634704896,275.3901643433565,136.07326069346655,127.62410550622221,155.3542054865534,208.20380676413293,139.24410644758183,250.92442806439138,126.79112360796024,114.37795834272296,198.75064783097304,227.63161840093133,236.27183924551585,227.04298620178858
153.05140004840393,178.8541023289435,254.07836699671924,120.06215690674962,193.062298704944,266.2761150852992,139.7448801143072,279.83233316654923,190.10092596211354,260.69267272890954,167.3050904118744,162.57230218487973,157.74935958920688,278.5432210718739,128.42933885631848,193.91744703941077,201.39867031633565,163.60327396243983,206.5831792236859,242.09308410623137,111.82444113288669,121.60480238159022,155.7600449083455,209.61101404472066,146.537777746957,267.099813742607,140.91730708554178,114.99512616465374,181.02327235276772,216.79688398633897,236.50656701519085,219.44195426261345
143.7895318242754,170.02787125360288,247.01080836560345,122.30778691518042,197.0741733893011,267.3138775108366,151.7032460688728,296.9529032188482,199.59284056049745,236.38061703043255,198.64982680778544,172.64491629091106,155.18217980143712,245.51125046175616,121.58244394620111,175.33079294362014,194.8321459106875,166.85764382040432,212.3484210120785,248.81243656152762,112.35266021635096,130.44610023185624,143.76134189118042,209.16051732025875,138.5050373574557,271.8550833278249,135.21190961830348,137.24357493043695,182.54408194688654,255.52322790348396,255.01906347164032,236.79834298927534
186.3457156431605,185.1591762850947,259.7243251547076,123.25169591402476,186.88944251854429,293.7880769783847,172.2944540879521,251.53492076134805,223.37176945329605,264.6216432104206,152.19213988604594,170.1482825836603,145.16428015203266,252.9319530507949,124.87125842433433,181.3442343352308,195.35333460393565,174.18556121035232,212.0158244604648,243.45139828472097,151.2022063785617,138.80981296040648,156.52359928570462,205.078885827401,159.32548563347046,256.7860259856733,140.38406907918795,117.32884272825723,215.5230219099362,212.2774047612212,241.22255925497774,221.52443292082245
143.69778031656884,229.4630712176379,267.2326075813121,120.84913327680215,181.8942066034522,276.53750523609375,133.69034487241245,241.41197256196412,191.05861376175227,257.9252047523237,157.4091649048953,195.78606160148667,178.23487664637105,250.279886223679,121.36578306976824,177.81022881377984,199.09173055510587,159.03040964399273,210.9951252652058,260.8109613085556,155.1715022881582,149.37367100656192,174.68820465938197,216.5611266123351,144.77756017369106,279.52195935613116,127.25749889381464,121.39296172347439,180.0856029024423,209.42591854282338,236.64943916915203,221.9513176183079
148.84052850296914,200.04873976586137,251.64393658223128,127.55115920964002,190.09382389575114,265.85565381799034,137.21441538602133,257.0843778843541,210.4731000898745,224.004712447462,173.44450729194222,167.45060890993926,177.35614730651474,292.23858390144585,121.48788014973738,184.4602186308084,200.5267570987415,180.13831284462123,220.101162058544,248.89450412751216,117.59700593868733,140.65955274505257,174.53856173252126,246.6027455953548,156.53481226347137,246.87641318561967,123.92285876256196,148.1338278654823,233.85111146709886,208.71257108055988,264.73176864357316,250.6619403886788
160.55796020252347,164.95611568644478,252.09718339716846,139.45029188886357,203.5794376684837,256.88728362536966,168.49167548617572,252.8914806963419,202.65177325030442,251.72124861306165,188.1768657353009,178.1949109889958,195.5217565962089,270.9952688169641,110.30295164528198,181.85584041078963,225.67941183644348,246.7675735793033,216.3735307346713,255.38720323926344,107.93289469129051,139.38362180404053,149.34685018937594,209.20931177280661,200.58420843463568,263.9945045306603,141.74525781876233,133.70469574642848,184.29847697395016,212.48332833426085,253.67185313133777,220.56158471519333
139.32695373844547,191.03989155257597,255.67894793815395,120.76572665399374,183.16733911872404,255.95180562609863,152.8265020116014,244.03142772518333,194.66179188537282,229.87467712463098,152.33789116308697,177.32937787696062,150.1499020578974,259.9469998001728,109.81678016679373,172.77637276223115,196.53967701997732,193.6631275263394,226.85372332831304,266.24581108970915,132.02240925504276,123.64567257087454,152.88370571887359,219.3373974496701,173.57859036442807,254.93424501085747,145.5898175697297,130.22627982780307,182.68483591223594,218.12511219643827,240.6258486117324,227.2085470940037
167.7281741654115,174.24263661138423,281.6856315359095,129.8989647285073,225.52308878005445,263.0293605924703,149.4896089352677,241.48510176455332,222.09381034876702,240.53706640314715,163.5162692689077,210.73719673332326,153.93588184115163,266.4343275048056,132.63690691140195,195.54040067292243,206.89006972015088,176.96031777733947,210.48339592194745,252.9566586094232,122.44107591804053,123.41749866502738,147.96311044074076,199.97486144420915,149.45541160417753,277.7034894775512,129.22607003950455,111.04593715898463,175.47302271831524,218.24911350738046,238.3621093497953,256.2063907994366
147.6657650957757,193.59391102702727,279.9571834908052,120.4528741380002,181.982821274904,270.34103058303526,157.58589247800535,240.24919786419937,194.6412110435054,243.47488691896788,154.83874515903003,182.85726864807458,299.7773124614255,247.2211303801706,129.1225534494958,176.70660602730115,187.05861511183807,189.81728358044558,217.08697524336736,250.67585231971822,110.13020687970655,159.3946713643443,163.71281235784818,226.26751952643127,150.30024459249663,279.4193177884092,138.05726664995655,130.64023017416724,177.55691604372532,213.83219426874984,259.67223783562577,211.37202820764995
137.41600694012743,166.8207843666396,276.78268643603997,123.82076252667989,181.7339756839747,272.0626365931888,145.52268309964023,242.83412486063222,202.15082509320794,222.43714322616088,159.91076544822357,174.4716614672635,156.07514541918988,235.8716953374511,113.80943596347728,179.99215837298328,227.0996937683003,200.25670910240407,217.74449861958414,261.5928242995295,130.22006531061996,132.40368013377343,149.69096108990638,232.08788698705615,168.32410464656857,269.5557210127352,144.9741870059482,153.9813953077596,254.45912698838188,251.7892801876815,242.99604230888045,218.11750584059504
152.95849916089702,171.99163982149767,249.04820556368279,126.02453957522526,187.61827098230444,263.056491005623,149.1539577056592,278.05281783616357,201.74154711197082,218.60365568219365,165.19045195740932,163.05239114241328,303.4942544953729,271.17454275446477,120.11013541150272,173.4326152422749,221.72511588212933,163.04266166971402,207.25985717190693,253.53811238216826,110.41298707427002,154.06992235265554,141.13613677189613,236.06824886761206,158.87558137546586,269.12769507781115,136.6507176258207,119.15753900289606,183.79760549693907,240.2990374050677,272.64895406158536,219.65557878861728
160.71359483122373,209.74989088443277,270.3426689566047,127.98381316819219,175.6148864905474,257.77942376198,148.8890422505603,247.46278071115998,206.73931308886156,244.90406757720203,152.64012085065946,174.25814055262126,163.2132460966078,239.0847507392464,110.41001218578099,188.03664932880716,193.70092181272338,158.82726660951755,217.20417117538565,254.4309368342713,133.08362792655421,129.0165006725742,182.2321606717706,204.08606701647426,160.07819778813482,258.6577343371483,148.48211215164264,133.50494923430395,178.41994345526248,205.49260123194685,243.63134285562919,209.42556512170424
162.4142628649876,180.37408670644476,271.3773726722368,123.20838253346992,207.3758375076664,301.37878198675935,147.16967888482662,247.60039512988035,193.84082942501018,264.50623023856315,166.246614583356,206.88702893448317,174.69875105970456,254.41728553257644,140.0099003310561,176.62409985451305,197.36744421609592,170.35294995213707,222.24566423954326,261.57517633892087,124.31820445969623,148.1878606636482,151.1479884930236,208.08288950585666,143.15505324216596,264.1114903293566,136.03999181439724,118.35174172077683,183.33353808239207,229.44376741262806,252.29038290094772,212.81983774122702
154.7993265533949,172.54576987460564,270.4164380132342,144.05635353605595,182.4833271476747,265.1997918596686,159.07956049250188,245.03476439812107,210.58593575808771,225.46120781683018,158.4855865903641,173.1981267026075,173.84529675787513,241.66620423557342,111.45740678125738,187.12105102040005,221.28089448351145,162.39040603633305,214.07977160505067,256.02001249354646,125.82117643780725,146.23426111250825,138.32902985590718,207.2133071676556,154.26933304426944,283.21768789185734,124.61266231597496,129.1599851288996,196.90938216749242,235.80289523072972,243.11342334882573,211.78865545414104
148.2317150615371,174.67618585085688,315.1667675318348,124.45457034982047,186.40740482429234,266.6641212681381,134.25166533329457,279.3681093843498,215.49684877247557,235.015838911939,198.26707969953299,175.88872204038947,187.68152478284406,271.53846000934834,117.75827471783445,179.61870945135726,210.47325840472683,183.04145058761145,222.95376979908605,241.5098482487063,114.907351558194,137.52542991855748,157.60174701678162,197.9534707079443,153.88852388802107,249.14396111730593,142.00329528744393,111.3917176208888,206.96484438835094,228.3046573299519,250.06382165673378,246.3019031930146
134.99568835943475,165.2485449934349,253.78644668608467,131.32507709541778,210.77033808071806,276.2249058206883,134.77366837618447,249.5312878900919,186.23088426859238,228.46372857752624,173.35918839040698,179.04510497102837,148.40895172608197,249.08177182568815,108.84412927001104,193.86178556632635,205.67831383431388,165.24826758785062,217.33198930090535,253.31880767323796,106.1899770709792,120.99674624291325,155.27529473945094,208.3239888130753,141.87574428323109,270.49295331737983,143.32868019518872,128.08853136201702,176.8378022168367,218.18289664596944,235.0316145466552,240.1435635897846
150.21628054604386,194.36076479408527,257.822164301305,138.55524067770904,184.27857622756346,257.9171812751793,156.9697916360293,247.39845017931447,189.73522174717303,236.0638895731331,215.65021630888538,173.59788444808143,172.05729719130517,254.20202201245468,113.70366128887049,188.31433745337245,212.1709321344753,164.20314949271116,211.68918599637456,252.71861975083021,134.83694208711154,128.62285624799622,145.95047692748923,205.04429834102712,173.3262041976754,258.8264532978771,140.19935151670944,111.50227194615027,195.99274301583793,220.14618545114996,270.5749332760294,214.63342760710185
153.54600886469436,172.9659690574115,273.3571938933171,121.61229740552236,175.17783288064277,258.4235131229685,149.47189668651586,264.6986433922203,191.5553536307796,231.179409161884,157.54161367747227,178.53388873885564,171.4371963015424,238.22328218562606,120.01404137449744,190.21793096985948,201.60316841851787,161.7837195555767,217.98408591710378,267.59709513743513,116.3403475752441,129.62847177056904,143.07600020230475,198.37220595800227,201.99424520712785,255.41513222957573,149.09566554085555,111.64729974843179,178.4339981480805,237.31309896139257,268.38320634041406,209.84154535557164
183.94040727610795,218.299582650226,281.4696367002407,118.2334350808173,183.83230797552287,255.80476024266048,149.7423419007125,239.45761066090347,194.5606088036467,243.2076294229447,175.37590542849966,205.77237119109503,203.8556586404669,249.50931623883247,109.26122340779007,184.01171550808854,215.47910403307066,189.3375763231009,242.3067709903247,258.0492813709804,118.14516298589747,141.17047199642442,138.66895143008847,209.26015768853335,137.49814185824826,250.31532281611658,145.49602839005115,123.44971867693401,176.88869693404217,208.73117065919,248.32308012985226,214.48472828202267
136.12614563531474,178.11089952658142,267.9153807060183,129.36802993980783,185.61607985741952,252.99951080648916,146.81094283797862,284.06795650305264,203.40264216113437,221.40844102594892,176.0143224704511,209.30210872250805,170.1340051303629,260.19191345605134,113.66798089712186,191.23381213150583,191.75900354853422,166.29614918951077,233.92695852720385,241.22188063782917,143.33126354927248,134.65134342499883,138.04838880457373,197.20526263123455,153.0628947326939,252.45672554330457,129.61065201697343,156.42483179429453,190.5398034427252,225.94837160585703,240.94032193341968,217.30742765465533
145.22579838357234,181.76351683793294,261.58516031624185,129.6197598779665,196.4326543797651,266.3381485972778,136.5475671121497,239.93350501438988,219.02697108596925,238.2465049158747,158.81465763113286,163.74628043649795,155.0706960387603,244.0653475127523,116.32683347474,183.2148925789423,192.56629504387635,174.47475797319314,232.9348232726351,262.8583061334754,117.47114652042407,149.67287313299113,153.1881978352688,208.35113300838924,162.44241029855743,422.9146870995915,156.09858998651762,109.89832029992384,201.4022716499942,229.91331767517448,253.89338204783698,233.54926171919354
152.8819399777932,187.06703881642144,265.7942121440459,135.5685069766151,197.75261528146007,265.61797602454857,130.49629913581876,259.3295574238938,204.8654395074096,231.0478181704973,218.18792758205217,176.89494329078903,153.18026179562003,244.21831610833084,135.28303659517383,170.82488027151842,209.32982331712944,185.0052007685795,208.9342231758377,248.2350096626513,112.50160505038181,136.75287615267607,169.99992305387565,256.7856363944335,136.99763086009335,254.19796806567558,127.84733313037799,120.744374596622,171.33315364519265,230.511116504896,244.4838445579471,209.9438657917012
181.9930428625944,182.67349514455057,277.87862546073865,132.96409518036762,192.3378774069473,270.38901011687636,141.2491015112857,280.74576717925265,195.0793108754821,219.62766167898667,163.52408534671966,173.7540648608862,155.56154549244746,245.04016221016153,115.47423895761098,185.31434863563166,232.31964742699594,199.50997580205185,211.65733086433085,244.02177865418267,115.16705673022346,146.6388937413958,154.3699574578785,213.6304396459646,161.59819637712968,250.24169532688208,150.2779441308333,115.28319753940858,194.047821231846,209.9945673454041,273.01169472164366,223.1764625216945
146.04347561482197,178.82760805907503,254.58569065038765,135.167039105016,182.24907587348008,269.57295918865725,132.4682318348546,249.6127756829594,203.05870956934154,249.8432783040244,151.56809365071837,164.73844051012742,153.4048312902652,235.12932870449094,113.91249018712969,168.9932969985571,197.76834235265287,179.50571506995732,230.08091032460433,265.65372938726284,112.94827104024895,122.6426507212197,142.73406111082622,216.84638427038124,163.96915296644136,280.8828528529157,128.00836100734247,137.39277735660954,183.86953766697545,212.52684921416437,287.6134477276365,221.14567285158884
155.80316618959768,184.5708331263098,289.7806861304855,140.745989767565,182.24850041651405,275.58599560890445,174.478549033488,256.7277143890303,217.1315684933596,223.44072675470034,173.06750429122468,173.94622735411974,159.29820020189405,235.26629621885337,110.17968739020144,184.3794654058871,192.15726999195257,192.0810227469141,219.4182032090004,244.0972971826252,288.1555263574205,122.9749536059875,150.38827356644194,219.80222400844582,154.96373175401632,279.9845131449081,140.596387437269,118.6942633813729,333.96142518971953,269.39899523255076,289.57185094845323,221.79448828192855
307.3249371510466,163.82623241327283,266.55473918158884,118.50524355369873,178.28319026349203,285.40188023285873,131.3033379037839,253.2762580495296,192.2555905117873,236.20688103940796,156.02248860598553,165.05273248487697,154.45832190733267,247.70067130926418,124.15405963672342,174.62837899532428,193.03080230885058,184.60250658384453,218.9333609018178,250.29172608149122,260.90701322802937,128.8917535209006,145.79796362823052,202.5009008019257,135.99703400108825,248.53399417040245,146.57088342141813,155.19889105925895,177.4218632383958,222.02168984989754,235.87823970679892,235.5845897970321
156.04480257224105,167.49680968890874,278.20732450169095,144.6197857258386,190.4016203047269,253.18469065958283,135.12590689836944,267.26217184470687,189.84784514629698,230.11660262827965,173.11392160185463,163.62131944972566,154.47664238645575,240.9627375363667,108.46391842935753,173.3856562367305,201.27997003001985,157.31067366346213,229.90257092067475,263.6639782693204,113.79794957647391,147.31576304902268,155.29239779685065,218.04341848798,148.42825502548152,257.2450997644469,133.40796163661727,139.4083759049962,189.97417306224642,282.26060432427647,240.30391050925604,220.6044695202343
225.56680941177208,192.16743418970955,295.28188470335095,149.37378319101728,210.5178385936356,261.4684252462537,164.46999906565122,260.29328184028304,224.68645111977185,268.9491151598439,149.04693417029523,164.17533064955572,151.8797631231629,237.04129527820206,111.59407243210529,174.16465386023552,189.1703885200715,191.8198796386978,219.321772382565,240.76820558481657,118.67077913533609,147.01665781671184,151.70082086846634,352.3762417030455,158.89173147412282,255.47546263389907,134.0767600345091,135.59984441084396,179.4861099100721,202.7914051289577,239.4117911827698,214.5776966272226
149.8093843362893,199.25823740666627,261.8754073558542,122.3920388645856,179.29631068469862,286.36025920314336,151.0528579489393,251.05306629523992,204.0686727203543,258.89759197097715,156.01459035794213,174.12555678390825,159.36723785857453,271.56745761596744,127.59691217339329,167.89229095779768,197.20528371441424,165.37733488641442,225.20031577484886,248.1776658704294,120.99942211811992,126.64430914016759,156.43508524585874,246.6616476708199,157.87371877975485,266.3701619502898,151.39159366770872,132.031511743367,181.45927109814764,215.04238070127082,246.78770587108946,232.67122370158347
141.2511662551838,179.21717128053416,282.1336602311189,148.11838164130793,197.36677413105602,255.7357597811799,155.9042076282958,241.4948056569574,195.85358252907366,234.64688055755647,149.83169376597718,170.16655949751242,152.8537805723182,235.16762443018914,124.79346849967624,180.23205060985248,192.99872490163912,174.82273046339026,208.9917953209283,242.02003262397045,111.21337618098701,141.7949642391424,179.33361948936277,209.82905689322266,142.92005625498746,269.19255652462164,144.62643362609435,108.84643550546015,179.46261604819708,223.33652015499123,233.0509481765288,236.55055314585007
152.48828087306126,163.8081330701053,266.29846290499506,118.87296483090873,194.9525744818526,253.3884939187456,163.21929281307854,292.59814847681594,194.60403719397883,241.05450531582386,161.28892484021023,163.24056149525893,151.10637510705996,241.08061215689307,167.2749001629582,189.39080117226916,197.38547066046905,168.38735062457351,253.03111793607167,259.39393361565163,110.45681092538916,149.98667320638415,149.1534506256265,231.67260116113584,147.03341193259806,257.4475717174462,131.1604175871205,128.25010947560062,187.17569976645655,214.36339606178169,274.58394616220573,229.51318607568163
155.51386813461153,189.83831100495894,248.82669997129864,295.37948937146973,177.49919057910301,276.4032081748337,150.24267882349355,242.39307038433273,195.5679657314379,225.80718859675477,161.4951083098805,171.78213493841622,152.0453755097418,271.65280833728707,117.72760698409829,172.84847982904188,208.89069774685547,160.42103486766797,216.8613028226631,259.23327111606545,121.44736812350004,143.6660807922731,157.30900385198942,209.18014690359428,142.32116593154453,258.4148185912842,138.5939491968281,152.771108854129,209.35305488194297,214.1618428288746,267.3947838714911,205.84033157563348
159.19779552283478,171.81541570174653,266.5616552882547,126.04610157257899,187.98192574265641,266.48298103638973,136.88872604125834,237.17898185368128,203.6026811511378,244.59400695187998,167.0291690340713,193.91918190374014,158.241589532737,276.9499084259829,130.67758446807028,177.4853482227313,221.75910648449914,163.1637536390436,223.33575736947154,257.9812473535556,145.8545126331349,146.02561784367396,147.27564953550706,208.42639326979616,145.7428815679593,266.1369969199408,179.86470367291793,118.72281162747448,196.63999887759994,213.15883557790258,288.3835210147722,205.50961268093607
139.14607260034262,167.836251909902,272.7724804603135,132.856757276456,182.38764912210047,274.14838446563795,147.34410381426324,242.05496295378958,192.41344797215118,236.98565259205725,156.17654288507134,194.95816446565354,166.66710872333948,244.62404722378474,134.07624032453907,183.7930986920998,194.66823800191457,171.83744802811324,226.19409596313778,250.38636823061276,128.28780680183004,133.09893737985269,289.3012776976792,202.39847796902941,139.15832054171096,259.65670971802047,150.78633629077808,129.1945596043421,188.99417877713782,205.57512109410234,243.2829673821474,208.05414534959436
169.14221586755798,179.73112437743143,257.18089719589955,123.62804813361072,185.82575198959628,287.00400851655917,181.59562401388942,239.67632485145165,198.29712160316814,237.2874087293033,178.1359678043958,180.2149692798523,171.94534285995442,247.58887116957345,110.82156374805135,198.46808940181526,213.41781374338916,160.3923633078745,219.17723216052426,296.08130526635523,138.14218886962067,138.4451883400425,167.59306430534383,202.16966974659996,140.76895340444628,257.8315511992792,127.53130495272174,114.2468173931756,201.85466536056413,223.1266519487087,255.6475142621634,255.14732997985115
145.57614026573623,178.7406082350667,256.85313688585103,289.95505686402083,197.09581739658722,262.8143536849362,138.71784315697576,256.63879184451696,199.17044833237526,248.07276681693818,158.48868860747223,179.94197487869798,149.88912643873803,259.4117253748403,155.51772751607655,196.83821583549883,209.20894102875323,193.67908187759224,231.95710132898384,239.99499470620145,124.14470045022384,127.52116727934364,140.77328968472145,203.44466704543703,145.71482419466133,271.55877419516383,147.75541354458952,150.84173635647164,186.00737346507768,226.43167260190293,247.49857455185045,241.43720247929423
140.38281618360173,224.0674150439902,261.97509397780016,144.7526223281407,206.1395924337147,269.27739994090877,148.57103359862361,252.1544492394694,210.65879336142598,255.16808017261005,179.51622105698945,168.4813293276288,179.95356353838218,246.54907464786564,114.0783242485046,199.75842973279873,199.87883837293435,173.572440461752,271.44056300442435,255.73974856667223,106.74539341686669,126.80208102162439,173.3190087515934,228.84838419889527,141.071550638929,264.28820889617805,189.48722930074916,122.00807863430494,176.78314675896925,217.31930044017628,261.76201878152494,267.50873809637307
145.2788647855909,187.08293991558915,265.53197716652664,120.39844709611805,190.91653871343127,294.9236432703464,151.61239869690505,248.4865420744824,200.8959258163634,268.04959321641843,188.7413406934362,173.08440090534168,202.2301092154126,252.89798589509908,111.56060746187447,188.90141462933965,200.25352701960884,159.4327972024228,215.40149070910198,240.88333901009574,149.62540011380227,123.83081093083761,144.91964151696936,224.21985855152315,145.24464896798483,251.19067474869644,127.51355281243188,130.70695491671276,172.02867521891312,235.38938413837053,248.6901521824206,215.4345279456228
165.67725519411687,169.86159254983104,248.87401377828513,131.33493573320388,284.5359604119825,255.83240038418444,289.13302046300885,260.67053979697636,217.8810443604724,232.82412689134668,210.4536042555855,191.63366392575716,155.40614271089905,262.5362371438729,133.00898756281595,179.7653587296416,196.2762190384335,174.05349651838517,221.84805809001352,259.61957269382145,118.53412883333425,134.22151830643165,148.56115222632675,211.08259145021734,199.02330658688192,260.2515585897868,134.51885486698112,115.18520131491786,197.95636328515067,208.83523841301547,240.28944512212107,212.31801475172242
140.32789053483356,182.17814473604406,267.8141774462805,123.47665305277127,172.51107153318245,264.192334062882,131.71391379172212,250.69001303569897,198.28542445267658,224.60216507074756,172.02260170195777,164.85171799561604,159.03182410692156,284.1421255963647,130.87148544704928,194.248788719135,209.1873861545516,182.64238030150122,230.53522014865246,266.27376106608585,110.85222286558057,135.1566557464651,143.52823436737393,206.57573670642495,153.69994402626315,245.25478211110212,127.55239661928978,113.46489814376183,220.2873430479051,215.98910671838917,253.48397248157218,215.14189578854916
143.06759858038868,173.83728922684017,274.9145314008421,129.40591838071694,209.40947022975104,286.711074233157,147.80419063776935,243.64672752245173,197.40011137784808,242.44187868661535,169.54509076047935,185.96204474826988,178.37204401426487,314.35727782647655,111.12485774796133,180.44257483136806,222.07602299097704,165.78887946467307,377.0456910357165,251.899808251733,125.97477073415388,127.98541930631819,173.54057188169276,247.48377898421026,175.4909340051188,258.4384578349755,144.40077836363554,130.9676083727306,180.38565512846256,236.13619193365483,234.83782541794898,245.34176954649413
152.95629269607886,169.87249233953773,275.54365573808275,138.23208299023335,188.25704023552723,449.8110243785281,140.21709222218087,242.40440955335083,214.00639028800066,237.28865861857187,165.4080603587782,178.03211549108715,154.79795256372188,247.8615779186612,133.40755761495947,179.61007722392543,201.60445619016204,158.37133336329543,229.5448978669346,251.97679231462078,111.42990498430974,130.94706011194182,154.5040852916453,211.9822564132658,158.06824839156442,249.69453991391686,127.28577113521061,147.9067634871623,176.60389756276112,222.55901512851892,264.6997055494612,209.77871153448484
156.0601438078218,182.84367945560336,269.23960407859704,137.08636408880196,184.01060890795725,269.65946230391455,155.25884859518314,244.3788890974312,199.98178311308936,236.9928573166625,210.21415108739848,166.0677093869239,170.15933369626657,264.5504076915298,130.14978315725912,179.48906653852646,239.0930766734966,172.2551805482076,216.34882987342448,249.0797183434127,111.95793512267393,134.5671611177973,153.6930176419692,222.25649547643636,149.98429362530672,282.64674053438296,137.97008728066493,115.54697887036812,209.44883026512565,211.69383414921163,239.51442637614008,238.57777136256436
151.33112124844675,173.61717258065934,272.8092691436976,119.61527169179547,205.4112283985409,255.2859742192234,140.65181226393233,247.46117853909627,205.6007766467146,225.33602752051337,172.96761981037972,187.5656642342422,147.26015875414117,404.8360709067886,127.65559090985818,186.41605333933558,190.6165435196182,167.87169186145815,211.6640819832238,239.66548005758105,111.31829721315414,144.8319173293231,146.1369650263341,202.2601564130387,142.1901378359836,255.2885035374018,175.655999162967,154.87289140822207,190.98183077180647,212.93310391996178,260.32768933412933,230.04997277506737
151.77160721168207,176.5861952383007,249.1952339421505,141.3148989897282,191.73482812864313,276.1296410715355,141.70934120626373,241.79160060573224,199.34640455828412,232.104706272163,154.15767656688337,197.80938461368515,153.1343151742741,282.8478935558737,134.75588124129484,169.2665456978566,190.20913471801222,200.07962493412853,221.09182895026274,400.7809424936037,117.01345035457744,133.08156441065663,193.31953311875742,235.12510770961597,153.53696848551039,258.03829756507963,149.97891281338696,121.00137188996925,204.50834179696028,257.83695030286765,237.33579732050123,208.20589226122286
162.35476616802927,183.3236124028793,254.28325895905786,125.56805015019464,206.52314914808426,250.81646572604762,166.90041772297502,241.16741737480245,190.776254961707,226.05307020399613,166.26121413910172,183.175147263668,174.19131179947664,256.53461051566063,120.22376606940482,175.52536867933256,194.69603993943517,156.87196742378003,215.8751112284037,244.037002304306,133.0918823183601,125.8453002110454,164.23102055040175,196.91654968609322,150.49027596715578,275.31666460699074,149.0569639851925,138.19440053903116,179.9341561340489,213.2604103065545,405.1007237370696,224.50113364270288
141.03536602608943,191.76640222242682,265.14846746197185,115.53686531929894,175.17028648294047,282.837497395627,173.86005520147032,246.81531452222404,259.54631414463086,226.40211944080116,201.07596956216116,174.56590264564107,160.50808722305638,284.5330893645602,122.01307526543447,216.81958520584035,192.68067469061054,163.81789234417937,213.77399419628688,269.77416061895656,117.67464655213476,128.8794317581911,168.24313213571867,201.4021395747111,147.5803408016384,269.2279753794793,129.18737470055822,123.93718166020307,219.82180095363924,209.66591654347175,243.8288291870527,212.43707908542584
157.9086065553173,174.6875459819585,257.2434983265177,141.21317219266666,208.13215807403142,257.649915931513,153.47782601571507,262.6098595793209,187.14614063506167,238.66756582106095,163.07431009163216,163.69698299554133,151.1997472451299,252.72448980654377,109.59381515015488,180.3186499694316,212.9018272080661,167.7394874437746,208.82952196277785,242.68066476503094,107.38329740802561,129.9129811345616,157.67024986198254,248.9370077116494,145.14655033019125,249.96739079485957,127.30202837548097,114.96308377822211,190.6812834051217,235.04849691902666,238.82684561371116,214.4395151633496
154.8030233560247,193.5521182149995,256.78817191170856,141.8310728821926,180.0737077140207,286.9885558300993,155.06314259584258,277.0538802103391,199.3111433801959,247.2492025497175,157.58234104471086,180.3866305184447,148.9392028773776,283.4214370372418,108.55892768057019,169.20058643829032,219.8135165067692,163.6722664829212,212.8650439788182,248.39418361277777,117.22972832937482,147.29992984589168,142.34888134773672,204.0534014363564,189.69646253267376,258.01353619946644,145.21949688071692,113.91752058009861,192.8805387756623,211.86477154130247,235.88938316517337,237.05950876689445
172.77220450351487,177.20457139433756,307.27186727111524,123.46458084325731,197.675397318347,257.7416690341974,145.08542009389134,256.9555675345996,199.47350361591745,233.0841697779702,162.600664054369,169.50840017965544,152.76910557530474,237.40638625754326,110.80684274461592,184.5473199240438,197.84928587632817,180.72397764123173,254.56034786556765,265.0300153925605,105.4412841779713,124.55611652062949,170.5939679649664,226.24597233906906,157.2861051406173,272.685637592029,131.89477220307938,116.42250037480682,203.7174381067315,213.23695200284905,271.08886065769855,221.76417047006785
143.61326928661714,170.12478031124058,295.00617871742264,145.90408899898472,178.30707048175557,266.3409217419686,132.8097822921926,256.2286435882946,240.3135124063066,231.82564005143922,168.31330776729953,184.59614759701464,162.01044911762688,316.7757358679306,116.71855208153491,180.36458838236214,194.86070994879742,161.34788851567185,212.91177977597303,260.0302325681389,123.49351797553358,121.20662101635632,148.26085322326776,225.95370773382697,141.39490621405128,252.66809683369243,138.25129953798492,129.53290464641725,173.7966640418768,225.92087569686143,259.5752430178312,220.33371189986184
152.6073950293239,172.25090927563386,291.311954630631,120.19618894228206,192.22476075575895,265.5568128896307,133.73915118561553,267.6057914068364,212.01389355203588,234.63592409756922,211.36910668473433,173.92680825755286,147.6986059132786,278.45016760676214,116.71211694480382,191.64827870456497,207.58256355104294,166.68071944191044,210.86487185143733,262.7863415054312,125.91428924239777,133.05025009651177,192.09815340103478,207.8356772281689,144.7644110559557,265.39921934825907,154.25068320945718,198.4790353353561,177.29197323610728,222.92781556348444,232.1979752418129,206.48119868991475
139.55234019843508,166.61169766621282,259.24311575576235,137.47809830522846,218.23880736454208,252.06077589467031,136.08760475950422,248.27253198645516,208.62921560742362,221.32004100953256,173.51019781181037,177.77840632359394,181.30314050831876,245.12320787925455,120.71322017644543,171.70489315683716,213.50966248837275,171.8937146200703,218.5351310480173,264.03376188562936,128.81469656849575,121.70612367128919,148.3987356105814,210.63348936818744,166.23286649027847,257.89980222645227,165.80125707107305,137.6205206553641,175.47456336084295,212.56572657161024,234.60228402391746,243.77299492105902
143.3210109184834,205.89836722953174,261.6325608510635,116.83898238192873,212.64437845747653,249.24063840329063,139.32725917587794,266.1850595697077,224.41930783827652,262.70428009682706,173.04305035129715,221.2160419777871,180.32339834350856,237.4974144851722,117.01031915671359,173.0900157578531,222.55784122561903,173.9077033031374,206.46760879608576,260.94194793334816,114.45989664477287,142.00879210786925,158.8631117226736,226.7472455636262,169.19049831284235,248.68406796363627,141.45900660028005,127.00745634842669,182.8363619230866,262.2112732136456,238.5647035383857,236.43344005486819
137.3978057979824,169.06557155311705,282.24504572978924,150.22742725831353,187.60547918669454,267.3042052490293,140.08846155045208,282.60469032199114,189.80287074760105,246.10827512489672,152.9686795336123,162.65166303132415,153.74455180630974,249.7374736712372,133.1654760227129,200.18931155387864,213.7902705289946,170.43767983081435,225.21725753073972,254.44580337816961,160.7912079135073,138.70051756050955,147.73367176039963,214.8377440390932,197.11959216673682,266.07669784799725,139.0516196567031,114.36145319241797,202.17774870785507,220.14461702848465,276.0406113572444,202.5766659628755
150.09848223257498,178.4867906256714,269.01590013574014,127.54586912780186,179.696373003144,267.29807574930845,152.236226936203,246.4325045240786,192.7759363523369,230.0143585842289,148.9612178714407,171.23724131702028,149.67838935536415,281.5383077653365,138.68354637112972,195.16751275542617,195.83211782725022,159.377051646827,217.32683905659582,267.6890641524625,141.55604476836197,126.96133425072819,181.8964873009761,223.84020308527315,156.32655323417396,310.4989231430614,152.3853318782005,110.66271353069489,183.3695468106009,229.3119988627321,233.90193341181754,214.14149496534083
168.81637741214084,176.46081119668835,270.6553356495265,124.54631574770781,204.3969904993512,254.1074824640312,144.45215979335623,249.10434733525165,201.5872090811292,231.90100785532206,183.16270730537758,200.1231419122009,163.3545492612979,260.21475435216445,133.3508499515326,176.055747219262,186.0716890298304,164.4548326173283,259.82068693269184,250.39244640327374,164.05618456791763,126.54716393614835,151.86958390070805,210.336788258242,141.19814627772388,265.5205606237168,135.10351434086158,135.72407782199068,216.63089717233322,222.31383541854586,264.0849074835023,218.83709948045816
161.5273822855597,166.98586873020946,251.12539571981895,130.08495077362218,202.6112249066758,263.5094301771365,160.0042947476249,273.8714116103088,200.12147417770467,239.37277551339537,162.1167952976058,190.31968491578303,173.7386702853998,294.6458319249677,108.3029551560782,195.7727613132086,190.79897015350252,166.29804463454934,214.55410408320867,247.26675231820977,120.19650572971072,127.69534054002766,161.87352304389168,214.12786198236705,151.12901367958708,447.6081052833007,138.5497623003824,124.28705476944955,205.5845493683879,216.2959804755272,234.4389021123709,216.3748583907264
139.86013777606726,193.56510461100845,261.1858910766383,130.5747750314806,205.05655076011382,274.86112237119755,133.982349230088,279.59261572113604,196.7764562840553,225.96452167867,170.09271079464202,169.8730990480287,176.18116795492597,246.65584272767205,140.62429988916364,196.2616297930203,203.4158354307014,176.2179248556485,213.33367552518263,275.4323065634367,134.79390629849075,129.57334394937686,142.34718327426484,207.07112236874008,142.7758522691428,256.0992289121616,126.5547245392014,122.9812808153073,184.53112901796501,204.93303256086483,240.0512526727061,212.03473015483365
138.11990292404676,162.1114953926029,291.58786070753337,128.69829579441137,223.0037756019857,289.1967498035024,130.8165661245722,246.47302998314598,195.6203729515329,230.7045790115215,305.86482612259954,172.388063138963,167.38344359860034,249.99384082424976,140.28361271392387,172.44983420962194,194.00035069428185,182.14065118129596,375.22596203998023,240.0589128931492,125.84255370256597,136.02279552374802,142.78356049562734,208.62332051961366,154.43298827550134,251.4882276415816,134.52611620856308,115.69556608838586,179.30698062338237,225.80525406599872,240.26432686431636,224.47011091221373
148.99686077625944,171.4746254220745,267.553353922694,150.8756469520078,195.88856450813785,254.86245059100813,151.80477859803494,247.37664109832278,195.63217899697815,230.03015287668853,161.63734256045072,168.7822106552282,154.69753879299034,254.27211719850598,136.82142727384962,242.16246511088613,199.95964779919535,158.46621078297315,219.60483359227402,250.58402482170843,129.40389099821755,128.07843786705496,161.12431298296278,201.20390151122308,155.2386762379062,261.682712480348,127.99610143061328,147.2734367557382,187.82967743648135,213.49724376531677,238.52830918684046,207.97076296811042
135.8834847847535,197.71620082537333,264.6994941121847,140.08708802142837,183.90651132847745,271.6008255966612,154.1339734280817,241.60316205787024,209.02114666972335,255.37807019889365,152.8214749485976,179.82922915139378,158.41215885530852,247.94970353890767,128.25366357313789,192.57211245402647,187.8667401181457,194.2696033802037,229.11238262075273,272.11894808176174,144.28694303388178,134.40827053645705,152.70327156530607,214.90258532531135,142.0506641604977,266.7718404166519,134.45425090183298,111.843909321702,183.93959418516184,205.47844690420823,236.48643970392092,211.7444885595388
158.52254445906934,190.86636161359823,252.4237543674768,136.86280676987994,174.5661912411109,255.57365580370393,164.00405823123285,262.4256177159428,190.73298964229792,224.95809033877376,148.40751577544262,179.225156087529,162.20812807318813,253.7194850082679,108.9568316773981,170.53099414696152,188.16839152517815,207.10633167162624,207.35749170336666,329.9364264997514,127.04504774868347,135.76704065551746,164.2310423529817,250.0853974868955,140.81792326366906,260.88151418744417,132.823350402126,153.27115853629286,179.72522434454288,210.2986612193229,241.47252011602666,211.1335884588494
141.86838679237627,169.67980213130338,287.7276867570104,119.71488156368348,187.1632481627565,285.6457395137206,161.07244468881515,244.42937231113316,196.82956220206475,238.23716321976224,169.21886018014476,172.60247942977682,169.85047012071527,250.81818861802762,123.55021971412386,176.69277158057807,217.49278968986326,159.98383153825372,213.89384003574585,270.79808809948963,143.5703180755675,123.65765247499507,179.2107403414867,223.2089760118065,152.36855834718085,272.6707906829116,152.7269944623345,130.66022129123724,214.14898936896708,203.076210948303,244.2869938968229,222.59678265247123
142.2808397185462,182.34927554690282,271.9515323514495,141.63415037950966,182.2177073940168,270.71141955108527,136.99356676113402,242.14369554537737,191.80940350527297,239.00834987694694,152.3883462511688,163.98130100407644,191.0000016986469,278.89956766735804,127.361375240281,173.7891538293986,204.04324272944416,167.7502168291082,233.56303382869731,257.5091523326047,125.15315724835071,148.93541970593344,154.71967831657548,203.66890342088587,160.97750631085526,306.74200670622963,142.07888674876878,114.67368968926294,179.5451625870896,217.55304901334418,245.80826290152635,242.01796841941342
159.5830347187791,175.30100256259783,264.37889906721784,150.39405430162634,189.56408891451568,259.79236235446047,148.97054972186095,258.95073246246557,204.17071160049056,240.12963948418337,154.23316145581603,160.42894224812082,189.6940273739894,390.8881118802915,131.56492593616483,173.63680249878354,219.10628185068805,162.50292235716392,230.43015229279004,263.5694920784234,113.71998234721086,130.08094183230222,150.65742321197752,205.88621921168593,139.3336624577521,265.6214623936701,136.07474980382568,118.5510863346128,194.9369936035455,205.21956021419672,269.52800208258554,206.10815091589035
170.4390878940641,168.35639484513518,273.3361568275008,133.34133275955622,175.1456584777598,279.3876111740769,138.20956706071618,250.15483266007294,202.63531581214073,247.9672645527262,154.39891588141106,178.81803306180052,167.7654087491863,245.65895697756872,128.5848642098441,177.37140338940753,209.12213434797894,188.1844860407059,240.30581831785753,242.24101378311846,143.54177952969883,149.2245915343213,158.72679400918582,209.4363442997167,140.27584557303615,286.6149998001106,125.44770959885966,122.5966798270238,191.05222551054706,212.414532875882,244.81897949922086,234.65443449534962
143.62233046035763,164.39830469363304,266.0401421795918,129.92094787890915,189.04823161396172,262.8764092936444,162.2069184573788,238.62128359115695,187.85481653905612,233.99466763744968,172.9846418832724,195.7131486317188,161.01874420122476,257.3649968795491,119.33341212748965,178.91855041801693,187.30226529540744,176.65651969412983,234.4273011171356,247.4222902721387,116.8938740002048,122.93607689972092,161.57542121333444,218.30615260876266,156.38372231084142,263.3441634942406,142.97316785308664,127.7687836278319,184.96028829822117,206.4341170016313,241.05620666335386,215.05740007126735
146.02302541652705,200.16557643548325,308.01117947524307,136.45570121195192,185.00806974418052,262.9711697635859,131.71025571446845,247.27331983047114,238.45907232792484,236.63688656656728,154.35485370406053,162.7849490323009,181.94857398320434,238.80528234465686,126.71595100163002,181.0638273317796,203.5357280142522,194.7802730377363,215.0694894221778,246.4448999051677,110.51648876410262,134.18322806982565,162.69641982813255,206.50691577583706,392.69000697071795,271.30617699175633,127.00938979545606,148.27674300482505,245.8761822739952,227.0529491314021,236.00365637600905,207.99139015018727
145.70855102236118,181.8977095636622,261.2269266968952,132.2916433025575,195.08714132377557,296.28543185873355,172.51412637368045,260.1527397531993,259.4374401392161,236.43162502103212,179.82750014353178,176.99003356129236,153.9138050179419,241.5854656663098,127.78390058198534,193.56861422492926,208.4323848505122,187.07092043371136,210.0013028654806,241.64531071208145,127.68721113928089,145.4579505304289,149.33204921546064,220.0787295766711,203.91546859004498,285.44117498465056,132.14873187097112,114.59225377367028,190.56258504783665,254.83838941546784,242.0948754228127,212.9018286227105
141.24737988095399,163.54908553780643,269.15738014644256,126.62861930111869,173.54795483247864,257.67831560446416,142.06316214019807,250.13756331326678,195.28351027777566,225.76075598331596,163.78003849095182,161.9634349260113,167.3884173898362,273.9788208973293,114.74598202770798,202.30355344824017,250.14195248822648,159.78226284133464,233.96304473538942,257.00974043405614,119.31479712965424,129.8019252642212,165.77782678487176,204.63381552400548,167.22788991050817,253.6050701685763,130.11229166132125,138.95196458037265,178.66087697517526,204.73334435814604,249.53685992308263,227.47885533548055
137.89118300710865,192.97657217583324,254.78137749276402,124.95736999795474,189.13062781143412,253.12427813981307,146.29453653415288,243.48550448873902,188.00096010978012,254.6325762549419,162.70922895827056,178.1607604402672,152.79916786110755,237.37497691001636,129.19325205714668,248.2617415103228,193.985278115021,223.63342088276295,236.16990290193584,245.94006015705176,118.22522395375427,327.4519491253394,160.80377294193045,198.87335832149674,152.21453001894773,272.72135348874065,135.02715424241424,130.4114606602753,214.48459856036126,212.26457303970736,262.76656795080396,205.3670509960124
171.6757152226412,169.66377575081788,262.6764478448983,118.18219368642617,176.57717320856474,264.51730497999046,172.9505095260916,251.4316487676868,197.90828791973018,222.1738915294088,173.2498116122177,188.53431588721767,152.19656357244955,246.50666655827376,121.44164514973603,175.63430424662826,196.8615021028975,167.26241361241964,208.13304426823387,251.85604885371902,116.63609316065057,168.0874769084813,139.30173066981186,209.0176919798329,149.50075520099287,263.2031877558554,130.5832622343142,128.87191774420785,207.50414859167347,211.94153153615915,246.6827191592268,208.5873895944693
164.82870577093863,168.39321616646353,264.0644497261417,134.14892318886882,195.41247327817416,255.93376199426726,131.48868718688996,261.3929717319942,223.19546404834696,246.87837568824386,162.6929996219087,205.85571849147823,169.97697170153535,242.12077776407406,124.42114736858724,199.26410367391694,216.14772343072886,171.34448938326838,215.6094035967776,242.58230461693086,129.99506691517928,142.6502123452684,145.91587029660877,235.44349637371,173.14189789018957,290.83005294535303,137.64011634985744,124.94785528956588,193.48587768980744,242.25522941278967,249.0460611643418,209.15807591054002
154.86858926203163,165.98554563588752,254.13454662565283,132.64730790472547,202.45761669640186,255.1943183517587,139.2037155077639,245.58001844694084,196.79858360214246,255.27837093261644,165.7781136902289,225.21396803495378,157.4879415273329,261.20922412780334,116.52795815512621,195.61983304231714,199.31715398580317,181.33200676806842,240.5781846307028,274.9509518512797,129.4147849212812,125.59050710776545,153.37603744971247,222.36268619254463,154.2857978645939,262.81781667590326,140.00629567650563,164.12907377061217,207.48790034225098,246.22873332342976,239.17922957712696,210.36978064357604
164.74683720452134,170.87834965236033,268.6439535026332,170.3441343542883,230.71824363673323,277.88822233146874,164.66991543862187,243.08149182512395,199.40962028967206,242.07185340011839,148.86661626032367,202.71299366941457,147.3441945612852,265.2655560190291,152.58455517385764,171.82121486533447,198.94751471139014,166.13476943136016,218.5610609948653,245.14314532214888,128.6720555278119,151.61768455615368,143.169784025903,205.55568031248868,161.82016053397342,265.94750277330405,155.60777652097008,138.83003352041578,197.77048717982072,217.29024628832462,245.10696302187753,247.83712123805287
140.9826691059094,169.50929930767646,256.15755996304796,129.76413624877262,201.92525691107548,260.1853318231101,144.61929232554814,251.07600899596972,185.86585642339278,241.70945475897264,158.71153760670975,203.6725773861042,149.20810474553176,262.96320182092,119.52335243353755,194.77888034978062,190.53368143756,185.264115829984,209.42399653889723,265.4657201535414,124.09605752640414,129.771479770417,148.81740056017134,232.77670890693003,144.5617304566371,246.6772976735536,139.05625324519468,125.82770993952428,210.32633834375488,237.36147859792422,235.02880900789856,223.23690740061903
145.40042232518675,182.49242646652735,258.02237411712855,145.75722823734696,175.3219276444994,258.360924667744,131.35855289426578,273.0232670971845,192.2078809516489,237.69775328063457,152.48357985450014,185.93794347740138,150.31900958091947,248.4394375726071,112.76575537588035,200.78034702389138,194.7539929146279,168.86308160911753,255.37816912546558,255.59178797954635,118.2981286352753,290.7902379597581,143.83282643487735,214.03577323458012,145.79922737964594,254.65095110295925,157.7618819955602,145.6214663438533,177.4985700017465,222.8872212436608,255.3544602007605,225.40148171665925
134.9915176070195,176.26166223119031,256.24530385942086,152.70363067201808,178.1976008807941,280.4225974935512,158.12046711182685,262.6564907862235,206.72040237447177,231.05720921871168,148.5349097253635,177.3761991087838,160.7486747598768,242.1255159641,120.01418940100747,185.18825248571366,197.6387183645463,167.51483592344644,207.80015512920068,253.31854883859356,114.08791599936544,148.98314941925418,140.030740242296,202.27884503110315,152.15232489132393,258.52342113704356,171.00102161709316,119.87388507215293,171.7661840562419,213.57773160601985,236.05366027312417,248.92779242242676
146.90215829401774,195.07928265835778,261.1305116515689,167.12330051391,183.0369896022162,254.85224289321187,152.77147365061924,258.6532848611487,198.57882890136352,229.87640710556266,167.81410262090907,160.87434467998008,174.89558020226207,251.7554526988276,280.0934209729884,186.85709998334087,200.3670233381305,159.3489068324012,214.70833848469857,280.8195066973046,118.31720059752375,121.93928311076513,176.985631013494,206.60492086835276,170.80454254224753,260.37850420856404,132.97508747263595,141.1795207856785,175.0456091926875,213.75341563423416,244.6354989850788,224.03143038582505
137.36386878316532,233.57605585992866,303.86234198268767,149.70212695699453,141.27332812177667,217.3626962893389,149.9401935681455,308.937634375043,240.61325722196602,253.04297267491376,123.341653203723,139.97277837695722,121.41894915630951,297.7290884744474,196.87724737306883,238.7574867335234,217.4883548428416,120.80794103313255,183.36791534527185,255.00909450568935,166.7730747324668,186.86158142993628,148.51506580608068,158.81041278570393,104.82770020961614,254.0840142107825,175.3457778330837,166.8174209171752,194.71700925372758,185.8639767560832,213.06017503336915,202.49688980974875
139.41204925102838,211.0018924459189,297.3792751528657,128.3269014388551,309.6302186917608,213.21588627214206,157.10215964624533,293.38128834696687,239.38159627674793,252.16686357552334,144.0549550331653,127.61060347984964,138.20442890660104,263.26173675210975,208.93198933423054,219.58995327805022,174.33442236470475,106.68855044307124,181.14106464377215,249.42704584740252,153.90139954752172,210.00569804299045,178.26405449980797,163.69660558561137,95.27403671157545,275.3730981958339,172.39723375906925,165.59767337343604,197.66665015053312,196.92618491660883,190.36418960351364,218.30271868977218
153.13418392951147,229.90585193112327,297.4751463058603,127.10257522264752,144.72996718852465,210.53306752590262,137.51310077784015,292.5063940628428,245.27294052232943,240.37865443239983,132.90198056598874,158.27920041764045,137.13539722201685,257.1303839675332,166.74143436059413,242.79457861349496,178.8243767720571,119.4635272919671,187.1679429964194,256.6522144124169,162.48305457836562,166.9535532916406,135.70254593446984,195.49093360518833,159.00751943961333,245.9242259763663,174.04551471140957,191.690696098572,197.1124230478632,210.8321443801676,193.31346837042696,196.658564023308
135.3945349436702,222.45933230687476,312.3275460520357,133.19565450293214,180.31283895017276,212.41850197899308,158.3867894085688,294.80801564810446,241.45448296106298,254.50273293123144,122.32164829292178,121.879426612322,141.99327778542502,272.1136622616065,160.6720313480897,226.05049713166906,201.3639169435755,131.43450394715774,211.55876476693274,255.5861462583262,309.1129120431744,174.3138126391599,158.90021662643895,157.7560341411001,127.76144275667889,287.05462551701675,187.92440117397672,166.15561099235197,216.05404446163766,210.1698346196905,190.82036029416005,221.31966872524276
136.6287307674759,213.52308429670504,324.89952237391253,160.2096132955296,144.00106634038417,238.09035724787373,120.89206072862324,292.5875751367999,253.9018955402184,241.3649280661387,130.28914333220624,120.3141891350131,130.65864339991222,283.88539373607676,161.82803810931563,200.77483842391965,177.6768546341052,110.36101942981436,168.80332225622928,258.35426830025096,171.04469115740793,163.80369334449625,145.11089560679045,155.51941501408908,111.09231582339305,247.739864555016,173.13794286236427,157.38805732925965,202.8921551930741,181.4050889079833,186.10821090139572,191.00022785700796
159.33722308679785,240.53888125648865,300.36711364757264,152.81759582855682,151.1239627774334,241.8233933584819,139.69831071138805,284.1595651952674,243.8154294460472,239.95789260151048,134.39719362664266,146.58554500507518,128.65905013350365,269.5633055126315,176.07761638804155,209.41063934792578,207.10424764085002,126.29188091700902,186.81132427365372,273.43879104607737,174.6323523573703,171.9307602999733,144.3045071565127,168.7637974439868,138.27649523599183,278.51237511140596,168.8220310633741,166.54596234663254,191.7563922284267,181.9871800990542,220.9186989298573,202.4550117845866
144.05255325547495,231.64328254444257,301.2173826946429,130.17685652893232,156.84850778397285,217.72042424035834,126.04283625819389,289.5502731078329,242.97891656530703,244.7733643367393,137.52217562974656,126.66848445554947,127.55316714884357,281.02543955847364,173.39373040313237,210.8642750557917,329.76460413183923,115.77337865211594,175.03498422222094,253.27148366908776,178.9251041550542,176.79031891162361,149.8028948273297,168.52193419237648,101.9825847696382,264.83642583758603,181.33614342912063,168.53274465751338,218.76142164012026,197.31566931008473,199.35306177985038,184.45007766334092
137.5434641448512,236.34703100360582,324.1590622218587,147.54448717752274,166.4406334662306,212.86653708955978,128.63736592730106,343.25222172965266,240.1006515822604,274.88721640386063,145.4571305631128,113.19211339000591,191.91712055219122,418.8496644329051,202.16595134920595,227.4278805344644,180.16355703711858,159.06713600711018,187.55736287844493,265.24222087548753,165.41208793849432,179.71729480059892,166.76611697252608,213.91116136196314,117.4539155347178,252.80603454429297,182.60543758953668,174.77140160274564,200.68199667596045,232.9226916315086,217.90788250889912,190.200326243468
152.11354542202864,246.1753116800109,302.1000365586054,128.4631101075507,154.12986236886957,202.2527044883016,137.67555578856948,278.97005905898055,285.2367717110185,262.4828525930796,178.69574658634164,116.2378560844311,138.71865880825789,286.5350103877154,158.63970547097702,215.27007569121926,173.35520493166345,161.15364041858726,188.06707870680108,251.3494000276619,183.54050611862533,170.3197759399049,160.14271710386942,182.3083328953062,108.21403109613007,278.9561847244658,164.8660861476895,189.51385398172903,202.73306583027096,173.86493947218187,211.98216267081267,219.5545014136747
146.13237742799123,241.23097554867525,310.5169810238309,134.37158484514924,145.31196241457613,243.04844281809434,123.89720623311631,294.77644877021123,272.4540810426167,254.55706669261826,143.3086963492339,122.04351268957073,147.46034066876115,264.07708367061207,189.53409650196815,216.21860573773046,171.083277517663,125.46850813777013,208.1162629868419,256.38362382823186,155.08448527690663,164.59354458986996,163.95553221686416,164.6575267034323,101.17143664012423,266.78366894704936,215.27988920548654,161.89276590099166,212.36158700033457,176.29217058547894,190.0095106524356,203.55503875482577
154.6038208156865,208.92112776211468,304.0502468426407,129.84757473302935,178.1866811733822,202.00265576027078,124.28850179037724,279.22112780038407,254.63658397015874,245.43564153749702,179.0917468009434,130.31269422635384,137.82728812995052,266.1349306801254,203.2157969136684,225.77808497027686,185.3178992338277,111.95954194716418,178.37413618713578,251.93455786520718,194.36386023988183,175.1385423869476,159.86110181048284,188.46487366197525,100.8143434943025,252.57823123921935,183.81214424632074,168.56557341523936,194.77910207874808,226.39375860036066,196.97409336617645,203.82014143123746
135.4309934289489,245.19408590188783,300.8401916007745,124.46059862689705,136.0877819276973,245.6900677853326,143.73904664588352,275.37775399734977,286.5750095952487,269.92551952156686,128.28262506488932,116.1325354160702,169.19812553397355,283.8224293701396,162.88151814715565,219.5275301495701,173.28186740130693,156.56169624609095,170.3030948157736,259.6601035181229,158.3996485284416,167.2578758282017,144.6368393924405,170.69128472437873,95.5295807874271,256.41408238043687,171.15550112584367,194.35277154394242,219.9120920168482,197.3918993474985,199.55006319981325,212.99151226118568
152.6995455328319,231.73051585435226,297.1253917339115,163.59433932325805,144.88396417543066,216.46027322181234,123.24406810225078,285.67349315481664,251.30912653087236,241.59768005064032,138.60656843828824,143.831816389192,139.58700240531087,261.9097534546161,169.51725513369016,216.78246615290698,181.46205932682585,110.33356116034301,169.2028829947671,271.8234370675201,155.23423825619383,192.01952091535367,141.4560213981026,172.8181805183744,100.79714394946365,244.836749671279,171.12555417598594,186.2669394087871,190.76870505021327,178.9081538087648,189.2740668534018,193.48260245340015
156.60675439452896,205.37507372984388,295.13473444502074,152.9891565694826,141.65162797394825,224.6088816699228,135.74277656359806,289.24345387288463,261.63110675609414,253.47748604067522,127.54196569621278,130.7742082313837,137.55323506242576,274.9907493318535,178.478959468252,208.77916027361493,323.42353537247755,148.0573971776996,205.9808533748395,270.40732053137447,181.15846641394836,176.18829791833815,142.17475663119743,191.42296348887282,94.25199625619268,271.33409705036485,179.65265810504286,211.2499091041138,206.83620749014813,204.6325798750751,197.15859556192135,189.68081748541857
160.85203545417255,238.60175340827777,301.95978400271736,125.73232659531293,156.17218912617247,223.05616244418854,139.2152012729447,272.9082937603796,235.00774009016524,254.8139392953817,127.02205787988053,119.32214222004815,143.70409716617127,256.256036568087,171.19215056152763,205.03910329609866,181.7863194517879,151.56139744524032,214.7204008015832,258.94763884160636,165.2944931674774,186.4199129034465,169.9988997145745,157.09354097387856,103.03568611955617,246.24070532784285,173.77307878544474,181.42748227513152,204.69213417454165,181.6104883965518,222.60359894040084,187.2429129741235
146.8448782496559,207.66759335081167,306.41936091805286,142.1065867508124,149.7443331068961,228.29222680133927,123.0544345871481,297.1414608349843,253.51254672335332,258.5192383352528,141.00549841275898,126.0073251002243,126.9108650870419,297.3980940658265,164.08025739139157,203.30885761492345,187.4098595806098,135.11545780662763,192.5759785761716,249.35050529484388,184.0546825362033,183.15386472711737,145.63783150646537,158.12693470639266,101.38417335617515,241.60475467541724,176.34786497163458,163.13570840365836,247.46993890691252,194.77363729153427,189.32694187020746,358.31457482101666
136.64885346536033,214.38987038908226,305.9054590243207,128.2274456845865,142.15409008218344,229.8954021155197,163.0311456984827,301.5338282244127,244.23459242192445,254.34796132474042,144.42077988010496,120.298213833881,139.34033197708246,300.6125517254607,182.35423514248149,225.55812796052493,182.04470317825985,288.8378075229209,187.6501017077203,253.37529489808637,166.64360689137575,198.46042486575203,147.59253075312125,160.29109451013557,93.26335828357207,270.4920714002319,173.84106118669567,163.5655849349873,192.8669104415452,176.8632072846724,199.53453277495765,206.233801825652
153.95193980115334,237.0626959216476,320.9577387089039,138.77918087548423,152.21920204456083,217.652960321131,122.67313299688578,283.01251294934156,260.2564020508366,250.14225718235633,281.681774972627,128.05023069029582,133.1079970864392,270.5918571282626,181.58231277252074,203.14346209336014,210.55765838448005,111.81106033489316,174.53926315433577,258.01058585830367,174.95760327653008,167.67864989801677,143.24699276619413,156.03724541124356,96.5501077301883,255.19883439928577,165.2546189840242,174.80403656810412,250.44610222338116,202.0586114871212,195.56895533220143,191.32261632729242
140.93860967591127,220.52609538260833,296.8322805710047,142.19184841223972,179.31019321687165,223.40264115451473,132.19153981741113,277.4269106263629,236.8775800054625,240.80385364739243,168.74386091970158,152.86961345916768,124.7626003794962,263.4407036275342,178.7897069107727,205.7547069917197,216.11485416063653,114.53686270639727,191.92644298980906,267.9445172850941,195.08836371927603,165.58162342095574,151.08039518022326,158.09780998754124,96.62313252287414,246.34829088403646,179.8005447470924,163.45922750456643,195.83457006443018,187.60938872673307,206.51486400077093,201.8145476899318
138.9811023027316,218.2568158362319,316.40346392083256,162.91629952112987,149.48296183578043,235.0988611842023,123.92011336645737,287.6373154847277,236.1365568513595,278.4381458472884,168.92167208203455,116.64012073593781,132.5532064439347,281.89146689394653,175.43878385629552,228.23357096590993,174.6446740417877,164.3285325829657,172.53021096497463,264.24070228169614,197.27488689966776,171.97198456834883,170.1178791481627,156.60565971268773,95.09081614246887,274.6481376720231,172.44683986565866,159.82578217216715,195.3171597897638,182.9649301769821,188.0892999759136,194.97272364243253
153.95024903695585,233.15615225726847,300.746370940485,148.70636438724043,140.6667253703653,211.25249683368722,124.4730533215973,282.61141793984916,266.87149313661735,256.63498989771347,139.96962631922761,121.1608381709816,123.93961016333935,278.11735141292746,166.52015200964283,203.83868964625069,363.05463418640375,116.56861086575492,170.60983660730832,259.2902929051867,161.1480371503851,169.5889317061752,146.10292935630844,160.2818920897731,119.4510154922226,257.78145430179416,175.552914846679,156.73540511124682,187.37720122979542,187.7444688566166,192.117386505113,188.2790601156635
144.54995861391546,254.35456731744918,326.57003528840363,135.99590224784825,154.82047482147405,211.4482748551021,129.15219858446798,291.3071172098358,237.5928008312237,253.7135120842289,128.21853063206936,130.54244755699932,126.79801865100211,269.4875597133264,203.0341273201369,218.39319795988413,204.35467055683273,149.83566360100662,216.9666531546593,260.18637244555964,165.7986888929625,196.97909433841357,188.5112155543608,166.82189352598692,101.75276666315906,310.70566339001516,165.11161691408245,176.7217996281329,209.5915603684013,227.46537901833298,184.82106020035556,187.58230028362004
142.28575465355604,222.97072911450692,300.1194177348026,129.45704221894738,142.72899968122894,212.45061104130306,124.7578426763854,279.9020131010415,253.75265164441157,248.04114109738757,158.40042383991627,133.35887132830226,183.698144974299,275.02247066183907,178.54357728083517,205.47479228357872,183.35269811397256,128.30774174478614,186.68718995161578,293.34332878421014,165.5698244563309,177.33312648023127,141.06418668105368,167.0596271694292,115.20931929584067,259.9928177166924,161.14713985258828,171.92833208586885,200.24452404603,176.05705168578623,201.73912026216058,187.13299717324193
150.27764465539937,209.39788513315514,314.5858033516849,130.48744762291562,155.24089354528473,210.83979470928364,124.6792141030217,283.6499364898635,236.81899237153007,256.90716024496817,158.5300406293831,122.86441167477554,131.6793030483525,289.5002187876379,200.89423837051393,202.52733701574945,184.79799997871004,146.5107813896009,182.08451326461804,277.56195371385496,157.61084649148077,183.0246583350242,160.9328423443504,165.0462448689442,99.1327760416445,245.86234351351413,175.1973527485203,165.08524057219023,201.46018692617818,199.83730481897206,216.68782467802157,236.13162128431242
145.71763905386237,204.78172922781116,320.4936138890179,139.10054957810723,146.397948403466,219.53475883671598,121.70387962461758,284.4940924485569,245.0886456759112,273.85604449098776,143.38607853788233,119.78352758446337,127.84341399452371,272.98088987946585,176.4355721764444,218.22840089972885,188.43641327016022,139.6698605759915,178.48692943610942,254.95514952030538,174.99865909131216,168.40114349733759,154.6373528457815,185.04690676234605,108.79988087524927,265.85073412875965,163.29272075419422,169.98572595382208,193.36281847647393,174.7930265187833,200.05938643374725,220.18371977625918
134.08058044430493,215.65371781214154,316.7481233122814,288.3474206301704,164.34222190149728,269.4145749067639,123.35212497366855,285.6747120650056,242.4604915256746,259.15436127767794,123.95765791710386,143.33118628928017,122.41157716277907,272.7789826376889,175.2500823511908,219.64269536576472,180.633636951629,119.32604526665239,173.19617227361852,303.0974830156916,169.53807204263006,205.94590926268646,172.6911135765124,158.55665678665324,150.2624518412648,407.72894417729395,184.1011038131897,169.98719563009595,195.90922981047044,172.12057873787575,187.301147260612,194.52572884815405
134.31997171936436,218.8443081066922,314.2660170145954,135.24545212486032,161.82137407997217,219.93418324319248,135.60437834467137,289.03029118950485,235.69151723001758,255.00330720073597,141.947550115759,114.30797602804664,119.15409509074621,268.906316723356,187.71834033961642,217.36429531035083,186.68925809735654,114.90114186782233,189.66676332055852,254.6582446759548,157.19426306596557,173.37324065230015,135.66299611647617,181.4545955813576,100.12188021159263,254.1574137871283,176.35999918421913,185.1956882703002,190.92190990591723,181.11356774357148,190.9729496169103,196.98678696878017
139.2987501717661,217.93987014405968,296.75594403746265,122.35316608670162,145.3173842430306,222.59414024934046,143.2196822522257,269.7889076296576,260.07532335017294,260.4232140607397,120.5502346714105,124.06887651175165,136.7253174797955,258.16212964869214,203.91387836332058,202.40304391962354,190.21861221826137,142.10975337751285,182.22117151246803,255.9672808963204,192.98948745634624,177.37393553199578,152.9399347068051,170.64241816389074,98.55024709568917,294.49519707899447,206.7283509326656,181.89630376136324,197.27589376548192,188.48833841318393,201.85235053769523,201.4750679404957
162.52091939281098,227.7820745679144,304.6644387558182,174.12613589166233,142.86915774290793,204.66892310418513,133.90024681207777,283.17771920751545,254.02801655702274,255.5419982076911,141.58913614233583,140.11614395647632,147.12695955586585,263.92331380375947,179.29939844940836,211.92582768098694,196.26544795047826,112.17166707749955,190.7286863592726,255.88163904890416,162.02714226733696,178.5606320168496,142.12655054998862,176.1933098191928,122.35466652750705,263.76111441565274,171.94581148866894,161.56434956615993,345.43251375088767,174.3843106555141,234.27025265058137,191.02654922502634
156.0932757089159,216.6444213073173,311.1726292250155,124.57509648522083,142.5562707651552,219.2255972273029,141.93562715570792,284.3032297240773,258.9504104841762,293.17523004077265,124.85793807226602,132.06147497327348,144.8199177887058,285.3708269720059,167.72796456247247,207.06616444152294,185.65356208722065,133.56152443080788,188.29247230702046,251.08245521596157,166.93004035829955,165.87833702703279,139.2318679207518,158.6794633248748,115.42840400983582,263.6681018774292,164.600665917084,166.9877746921821,194.10565995897687,172.9101966776687,201.705087556028,190.55909663095238
147.00248049109211,213.57859052311534,326.64389123411775,161.76567158507441,141.5873535815234,219.25332194436191,133.492069471875,316.1121923753641,263.3778233530879,257.83646247482875,144.37247411479976,128.0563410511915,129.29575362602435,267.1699809934495,177.09485097100014,207.22235480014496,235.6259821713961,111.08228571098422,196.57336767103413,277.3681313950565,164.13631709942914,175.630352932504,162.64839154008556,171.76828382508063,134.1922558463057,243.68768319137692,178.10731351586702,170.2941754440353,197.214359830873,208.47603186010508,198.82667928147157,232.85493314697436
163.9407875718081,215.4824344846478,309.2600583022812,133.50329954265817,158.17046636447324,249.05911720079658,116.89751358453941,309.9152029934778,255.34357198884868,249.77899907098308,141.0817046043669,121.98806825225297,130.80792505380546,262.06438292164324,176.72330251200606,227.62030631675142,186.53324662698031,128.2556852271883,182.0706798250473,264.59252062530226,174.2904462797056,172.26949969291053,140.79436154906537,164.64842963216378,115.4193426550522,259.38330931570107,221.3795967741252,176.92375655773765,195.46414218347076,180.72353402681782,198.9096281627655,206.52728199214334
147.9385592151203,208.95003698832988,305.4542546720658,128.65525590161468,168.45653222269698,211.67408372810291,119.68408898494377,280.66072270633384,241.0202864616484,285.50030239044304,131.1095050742777,176.46510555432604,139.85947994087013,281.7961119481296,177.19938029617055,229.7577870336896,176.83491971067036,118.90927389209637,179.93146422910795,260.89069186823826,196.21946130207044,177.76705082259812,137.5640664009147,163.7255830388828,117.29677686019492,409.5563276335557,185.4285929228708,174.37966684251043,201.08546619944565,201.7987791793778,217.06845008210493,209.80412765976268
166.02412903249225,240.1090742946337,417.5201863579849,123.6774802819708,170.40544878776652,264.81941076269004,125.52591480424891,286.2866327895306,244.29478439661025,294.34953455650924,161.82684282470137,140.25252760521838,136.76386856586745,293.1511082086469,164.2528727283771,394.58568914694195,188.81052512460516,133.80574476826752,201.77635719629322,263.4852534911594,155.7285025282426,183.1887607179081,152.93629667280874,171.64956547240905,129.5358601232961,253.4986417272347,189.48722373351362,172.29340390278756,207.74803878506722,184.84735728044137,189.12978976144075,186.52748974680742
136.68469086820141,229.71997058444543,302.62768125509047,170.45699045833732,139.26070505594112,226.5919003739502,124.13730164178216,274.39914672900665,251.89040088855643,285.82215306322684,128.91290121268077,135.06471551893213,131.4425870561708,256.31998111715154,174.7570351262869,208.4389803177851,198.93649552909076,118.51248048281377,169.09872680546226,257.1462370525312,156.5610799812309,213.39925263252184,152.60738045738935,171.40529216267802,141.68414741763834,245.319535433161,180.45007827423663,168.59129910503844,203.19466582005847,181.1987195861465,189.91662023824918,184.34059381391364
141.93618680407437,208.84343932784503,315.8793315497115,151.92137377581503,164.48409834411117,223.68156054685764,126.18956358167134,277.42003937430815,241.61257719205503,241.80150907563123,134.9716756652132,131.9150823091938,120.37565771296514,282.890361250338,173.16258860822705,271.9551959201151,185.77390924470183,140.76616080492124,169.87857695044445,253.28339131867358,174.32620101157704,191.1415162404405,151.7935392447987,156.46553433345468,104.72396426074206,254.5358389272984,173.4467957026253,166.97241647896686,189.45143555193718,201.2164373873288,193.28859304650558,224.57359222981233
139.67544356064315,217.29052458869035,312.0681434033408,126.60346642823538,145.44808392882376,205.81862309359508,130.04128065462342,326.92825727166786,250.127098869731,249.59929621365873,128.6106780893835,131.5657339272423,130.77109498082856,274.23322111932515,166.72034022435676,236.17594160637728,200.36865842000176,108.21038209359622,169.68363168279572,261.5278670196717,160.63536788810305,172.90179010033836,164.0163686470141,172.3313416631609,109.17443199339087,269.16455601008323,196.74774745755434,160.1135756403875,204.11031928063954,192.91776576122928,213.52237202240073,193.62798841642442
220.01615107880238,212.2438737837237,319.71113279146675,141.37811652540998,149.1982173767662,216.54505495964494,123.899929564345,316.4706472747332,239.6366791107384,258.53306643949236,127.54677883875031,141.7796169675829,119.73697266498304,275.7044184481715,211.52416347725148,212.98822518586607,180.3709244286008,111.98922919488678,187.07572814862806,275.593080307343,159.41942658384966,195.62799541759702,169.6138852857659,164.1424608411066,96.87102677472231,264.55370838169745,166.54623014852163,178.19193076523015,212.0347850921421,175.4363761650353,210.6953019772496,186.991558125779
143.713145778465,227.4085855851215,320.950789885346,143.32502923315707,150.53746465242318,223.436874034384,119.92076176655114,297.423027564178,268.4745096067575,251.19148167185222,131.93064460126055,114.83031541627406,128.3724394682226,288.58250223535157,184.2251009790651,215.53616643295805,188.7487179946715,113.46679736609447,205.41324976494823,250.4318310593721,159.17480723416995,179.41889771792216,147.64313469408035,177.47192799506897,108.27789288891603,252.50362312900512,182.42055071554032,189.19639797682063,211.84963806633039,175.19695094339778,208.0047292264476,219.6268140464495
163.27111863663976,262.58009617446095,315.85590641381526,172.82822929457413,146.72341053818184,206.87118452809463,145.36190704084865,286.76526676391336,258.18623442128535,255.01336235170734,129.4959516130861,113.3691021380519,133.82805298975578,258.90158716146436,168.8278445865027,220.93489593544922,181.99435735380007,151.250891501941,192.61969191699762,288.07689999810543,190.9663946102773,172.71815369483286,150.23205309308923,165.3481316561787,112.34716149377462,252.83356775522364,169.5069399159347,201.43330958916044,195.73408867890433,175.33707611629026,193.10518972580974,201.32248273470015
133.55182904071972,218.97419718993035,297.0254428895262,124.36393593551654,154.3246168523654,232.64226930098752,175.69540475694828,285.45244479731394,258.53753747163466,239.95138823345437,154.4316396730399,135.5148000613633,149.79837250944394,257.97146715245606,175.0596941786395,217.75834175642737,213.5329044741673,130.26209380359884,193.0393934507357,283.8626863514273,151.9002107067317,191.6724487904887,172.40450048635324,177.76867787047263,114.87258580079875,247.39420685888848,198.28948916819306,180.00165176629696,217.05652963219455,173.9465851929872,192.16456031741112,197.61837997023
148.71117701921298,215.00800374165172,315.051783135693,158.12503145071497,141.72411297471737,210.6721685380035,124.94303977715775,279.59987225119113,258.58641399045837,245.79887952477284,128.47532589781852,177.73520481322421,121.23260721921208,274.19111978333666,170.5718691967878,222.94896663951826,185.9005829225464,138.020815959238,175.98529052886897,279.9641959862769,155.0433847454567,169.5109747711944,157.84004431207413,158.0427938425688,128.19276190755528,292.95997920393626,176.19729155591497,174.56642649837949,192.6114575019456,197.20514411549883,227.62548558994786,208.93678191177062
163.51155982644553,218.45557141694638,300.3687975875599,136.03183420714308,147.45583934757866,203.86773032145638,144.06260546049626,277.573725935026,276.85277523263113,248.930798947006,136.5376078106196,112.82143245865791,120.13467711541304,263.94095647622754,190.09651873724707,206.43775293389348,183.38798248238865,118.04120066364356,196.73055609700162,263.024011172098,166.64183724725586,169.9901397215226,163.25613970423984,210.16000216199268,122.420529948783,406.30478207678203,183.4747842751901,197.58573653945598,203.90904540809993,199.83567865328388,214.7765906786276,215.84035226121833
163.5275828835051,219.58134681486735,299.4118179953364,140.207152421103,161.2122344802297,373.215550367092,130.7263820511406,322.5938982758752,253.86334104765763,254.85695899212672,153.56245641403916,161.05016367752063,126.10605193782814,260.5311738201624,182.0297009978099,202.10121587453432,174.0044702246276,126.57531033443536,183.90861344612244,258.3139066432745,152.40025224852903,174.71846000966536,150.86165197158246,180.59597558180843,134.84827388375155,262.98633852233905,175.72102230665539,169.9471501062215,204.2304282677841,186.89579340313577,184.7863420518196,191.77997043681444
158.18624988037956,213.2573273347504,307.7465201126488,129.23858929579006,157.65406695969398,211.18617299296645,119.34246483297561,289.2724869803622,252.34429928551543,252.2785083374248,136.82738916328586,148.03002331695563,165.02617203822956,273.5503176417873,164.65115674913415,210.7611203438239,176.82183299452424,132.75254989506436,199.00139544087529,258.13620513818864,156.12251936758764,165.57741363648287,147.2002357283528,169.12112865368172,100.86751678278814,261.54431489400304,164.3243675910801,181.31408993715428,199.94510502329152,177.99600777635575,213.51468240270563,191.00438065365447
165.32864622118404,213.34317526239238,447.30074957424273,164.2153246827132,165.2409653216538,215.22703808990678,132.32068170874248,273.6262502258365,242.6087002348318,275.07483087757635,126.39325460158673,125.09434587523289,123.01484606498757,262.6723632267579,179.29323247753752,237.674939311202,181.23943569753615,111.20462336841021,208.6811286054714,296.6837804037053,173.25398414842772,176.8459791245207,144.34447732029113,180.13276247238318,103.21182335802298,252.5663366640944,176.85724867531061,160.85536612985865,200.0919565915571,199.8176829499439,195.11154374033364,186.14725164338878
159.23011298717623,214.79872757804858,293.5076685384669,135.44407880168168,165.9384332176371,219.1389862534692,118.06024025056622,279.6503439000603,279.7640207702952,249.29209073366218,137.4778293799356,143.00026330368001,139.34319783878664,283.9652844684601,167.7657952408428,230.27056896618151,182.2214840570772,110.22458544615503,184.81621761779994,290.97796760048107,168.35881649163377,168.56304194267057,161.02144453931624,166.9060900714604,93.74001796208947,242.4694911424662,169.02522750820728,181.9906436102488,203.59107273972558,195.99060479122303,198.29072972290362,209.812925097615
143.75806585583666,214.45016427043277,296.57750672202104,146.7811199508767,146.7692279893295,211.99733275787628,144.0325799222618,289.40717971156926,397.9091842935249,250.16149418797,131.53548930618132,131.2999077589217,126.69882905135049,279.4017037672176,173.16882907467237,222.2751113784512,172.3863318398109,124.66637007422614,183.78259244602344,301.0854989060275,201.08346897173305,183.30429111305315,151.52431930307392,167.13326471392085,124.76263786902388,288.2963765891658,172.91428754136916,184.13913879219487,197.18701602175685,187.9298741601768,191.4989638109301,190.9640720459365
158.26965561900118,223.7465202698954,293.72347840843145,139.6079818088529,142.39803633437637,235.4946754929741,129.95354638830352,303.0984427044658,265.86745993831653,245.15183905741756,132.83769722820864,267.8249179696956,118.66878382493465,274.3669581591496,206.82475588130274,212.27972240829973,177.31779194948157,141.7803708681298,220.3113268411376,253.032419005806,159.1780086134486,180.06523303308367,158.04241934766085,176.34413983777858,105.15326615811698,256.416386720611,167.46397058307826,162.91499478033313,209.7922569678165,185.1981952812165,206.76911139698473,193.02715785230103
189.01762624713805,234.40014565435848,296.70334034520107,145.38521736139734,153.33644579995817,204.00592542383094,136.1698005600126,293.2985000847717,248.90874184419587,261.073504795012,121.57838198735165,125.9642258925515,118.28944157172012,291.3810190655214,171.8640236208184,212.52744293369045,183.08963239528103,133.09209636076162,172.2728166213023,257.76219373544484,166.59021938918042,336.8312967064687,158.07574055367985,157.666811436121,116.29478491494955,256.32250455887305,174.11262519957094,156.82638047400894,234.38035289116877,208.91698840915663,204.47556300132663,201.3543122175882
137.51487314061313,230.60042516679457,297.9491406948178,127.83420230358813,148.79942407801727,213.3327961656189,123.56534310091182,292.75836132741284,267.77766591889207,259.88397341863737,144.19164493662154,131.41629299312388,185.52301024680764,275.5354089515338,167.34000311568408,209.53723644838587,191.74863817118103,111.80749735793842,181.71739232282133,252.39951048004238,172.40950845488877,192.17360042384863,144.018899499986,160.25014502150026,95.38466657072121,243.080600911695,181.5461580880582,202.01147664135186,191.08086870458226,175.53369645140108,211.2260223254376,191.96629412772114
191.99713238411928,230.99324461269313,308.1894457236458,138.72033013149206,304.66144911665504,207.40066029745304,135.97383596011844,275.02177032608205,266.718243495485,274.7174443092961,139.82605459570755,121.18212966536137,126.3572875671815,270.1063751672856,191.81712739404952,208.57367399078385,178.97660318918798,149.14703811038223,192.68056461076665,286.24650342879306,160.8442321999997,170.5091828420437,159.6442038864092,188.1631969420541,100.08400182720956,243.41386161125388,171.30608874027348,178.29086100704032,199.57700160328693,191.37924537084913,194.16787489723197,202.6470751799768
149.9208620698807,241.992320003002,333.775926489977,139.1704295662893,139.11578897831282,206.5408294342557,140.8932574588373,309.9814743570383,236.97796623620263,239.03909151843115,139.45903606477603,126.57309443352068,141.70250970691495,292.6045558085216,159.67308723728536,219.12021354676585,250.6208895329519,117.23227407819948,174.3922243952973,253.91044763577833,167.11782804505745,177.37767851512288,160.93635712351912,167.30574170253914,99.75385843383988,254.82571986748607,192.93492526907397,170.01754824691588,191.95180152197563,184.81727156142176,198.30555463765924,194.27831519760167
156.07925766903918,235.31470831107964,298.0476828345693,289.8233735107018,151.1699905316936,223.3126242033031,157.30955522756702,274.9027087726929,238.23951633161315,252.5278852372088,124.01021909174176,119.42716718750707,163.42436018936246,324.6887098070527,182.0295812566086,217.40886968149812,231.95432523673907,117.2414852643216,178.00719594721545,254.70139723518867,184.16232168928587,191.19961732687256,157.2949891348261,164.38021293017727,108.66194569570409,248.59599230269473,166.84654802666827,162.42862318149287,194.32436930049218,186.73028457479094,185.43584469940478,196.82555283848205
135.46512782917836,232.4422528594908,313.18011562606466,143.06850968942126,156.5556507836086,261.11349340935726,131.38654630423724,283.961325747711,267.23816537632547,252.06223152442666,127.59093788367325,115.34626723859661,124.49933625804579,271.746340277331,180.04311303193663,208.64722354206464,219.7251572211372,115.59812873010553,194.2177562316807,275.6127346123069,153.98795873252334,183.6036043031476,163.41572224333748,158.68691874309607,96.349075903475,240.65402847794755,170.7321140287338,174.44031001541725,202.96309221424607,187.5572097497897,227.89406993916435,189.98010167194474
138.61753117044145,224.84711472113665,304.0111012653617,150.67830836527915,146.00940712035077,226.24755727711369,130.97953035791176,283.46632759958567,272.6845452523441,277.0937847253265,136.13945838055048,126.85603304174572,153.41694225109276,264.4294196720712,173.29247694654572,209.0625915182271,174.61665752030905,119.95442458825104,178.14274404356206,273.6777350062382,154.7787751442391,166.87551758844583,139.73745219597478,194.7880618556708,109.02603778083974,274.44379175547465,169.21188140580273,164.13150177082628,200.50273293966075,191.3982383901175,220.03195022757296,221.03585013656348
149.96652229007435,205.7913396745384,328.4580471922378,302.77801697622215,138.59559651011497,279.19834059140504,123.72592099994333,284.970194127584,271.01149360470265,255.73446425868664,123.13332638890752,115.10750013668735,137.32212805004926,262.1362232579636,195.44846148410957,230.39847841753482,183.90854952675934,132.34060651469002,183.40758860688229,255.02752857971512,186.23761911052125,175.5043104851954,183.98333956805908,162.3135115698542,102.62207187978886,255.09915828300103,191.88140136409268,192.18126476544273,204.6447611636877,175.07978008009093,199.59345956564022,212.17804204793785
149.50292469035668,205.06845360655737,305.5113249849403,142.09328740576564,149.75044407950537,214.60245430779344,136.26462495405252,306.60921097388064,244.95829688940293,267.9811241562544,124.36637764351444,125.9546702455823,139.38745333170044,278.1726989566897,171.0559548856402,235.58532990645776,184.44813495894834,138.89284115475195,326.01610138459966,261.1169090776573,153.63834856146164,169.2054962990116,158.35115518012003,156.79032057789348,97.1674049105774,253.35638448418376,175.02445174211223,173.87958881904842,202.93668659176205,190.40786052686758,183.9290676631979,192.13872165903715
155.14777334411855,227.76493276532767,299.6470449736344,122.30743508181999,162.8209172567119,234.32042511661157,158.22425089983815,278.5638386215985,247.163895871001,268.7769488695288,128.33093484228482,113.9668843993374,138.16500104371025,259.92119006969637,158.95974059883795,213.23666841988074,203.63206894844856,157.28397048092998,205.31366982489072,268.8955391833776,158.9537915570786,176.6928673258702,144.91357430548155,218.03284185978077,95.88786504699232,266.5379429460204,180.43502575928062,178.60677361007382,186.72468423171395,179.17876613493803,206.19773542727916,189.92076545434355
160.03915036483437,266.5186926866787,338.9926138592623,122.70880068026285,146.3459977372622,222.76662383993354,118.33514539658896,271.244487786784,236.3325171087047,246.95735716976571,155.9309012216883,121.2008667228087,136.89326687107956,275.5731334263576,167.2022321601462,205.29722087558108,175.61959828830254,137.13817041167792,241.35424007705825,268.3695199607836,174.80634679675035,169.44685736376852,145.51761423528686,157.7411475774303,111.76101652389785,248.42731111889566,167.99162653029347,170.89535018758772,200.3842265875831,171.01447418753543,196.7450365056977,189.19393040366685
137.850038764019,214.63656100986134,297.37149917725475,132.9859829233927,139.37310001279525,203.95095823841186,123.56173095519124,303.5759480950402,237.68596300005254,277.24363222785,126.85608312651392,114.62904680546379,168.51545365067014,276.72310044622503,210.49958576195337,210.41180975831656,171.59127140311776,130.47649519062747,214.02372687578708,276.71693101103875,162.01772404067555,181.52630007765302,155.49903711429042,159.8677908520026,98.20269127880086,256.9015202025107,181.92071894236534,195.0432029098685,204.42094859338115,217.4788618405262,197.80647790611403,195.55502593765289
146.50646609548647,221.50819493602532,306.6672338587588,127.6981282333637,154.18866140451507,209.04017705896507,126.84349122064296,279.84854062360415,237.8039002490494,324.7251449222596,133.75750732570162,117.2415788487491,119.81886354981121,307.63356925983334,169.8758814230501,232.49274693308269,179.77497524447207,135.41367852070388,242.10114347126273,270.0884776836285,202.46370340355634,199.94298533448404,152.04218615868274,159.41685363020392,113.6474435610125,253.28603450690753,173.97560586079425,163.19997075125255,209.14907884027122,199.36697078396503,214.39281421843182,200.14856502803187
139.8956472455726,219.35618837190552,314.2538919234695,124.05793571014192,140.02413686543815,201.2645880467143,130.4995228447245,274.27441740731007,258.6118343021971,392.40481542527004,173.44273954884068,116.42942631863397,144.74538976622776,262.5519867455295,160.902254565234,199.42971051175834,194.32448673917233,123.57689925964502,184.33358393802735,269.7837620511124,170.69082987894188,184.23325935695306,204.90997684187346,166.83668264899865,113.72546135412674,241.81448687861368,177.18540585969436,160.05746204613004,212.27256280674536,180.09724299206817,199.4258092146611,186.07205864916287
146.65437390061558,204.57051230645448,322.8513456352861,121.94746325186809,151.07769157366477,217.3039960128693,126.68517119255894,296.9711301138676,243.62790167334407,251.8101231549449,132.83980320069776,135.05545319171898,135.09226095726976,264.0463722736847,199.43472719733515,214.61659086173393,172.63015459544806,127.00692878714078,169.16648053984278,246.71815282339938,182.30938015178197,202.41137555069247,157.77143335447087,181.2613262208336,105.65382369738958,251.82572541007445,164.65753431731136,157.61275390606937,200.85047749297158,193.30290512164675,187.0020228425057,205.0487844800626
149.93460874388745,207.17212435234984,296.97817777241556,129.10120485003011,175.97786714082883,208.88730122473652,152.21414245946636,276.6665663051537,277.67722044746733,243.62673489695842,128.0211377108106,115.73582204504166,161.78052384262426,279.76575182103863,188.90587997097234,215.83808053791472,172.9237855538794,115.1772871408679,185.48754926820476,253.73086951660582,181.0203630091866,177.80051965233628,144.98445522139875,159.35745493984192,112.82823668315243,249.86671509454328,187.0075952570165,172.2721260041592,206.7100051478077,181.0387992292999,204.0586024909779,186.5053191577466
150.6249455969349,206.5199509733425,324.0468630164394,127.43771142105581,140.39583822840217,209.99984480416086,123.26942233236257,290.0642753287007,271.32539893510136,241.77559217688705,163.86890241632003,113.57759633902985,122.95099700429569,289.2455255828077,184.06926746199696,214.5673817006873,216.02094967471618,120.97879418765055,221.1993210654514,272.30887939697203,168.05006574498734,167.20760223067003,137.2456441321525,170.55115745003386,114.0070695916605,408.35009085284094,168.34776104403693,165.82264269599614,190.66801262853073,187.44343189046015,190.75619729632172,199.52513754722753
146.84408861125794,234.53400297770023,304.7757622918299,155.29094909328265,161.58971061159247,206.93476918625518,126.87171473838033,287.63943806946423,399.62699650969535,266.5957356751253,152.86192842976968,135.67522215039347,154.54441195840414,257.8391200700906,186.8563940845151,222.71242944865008,204.14721349269007,114.65475482511195,175.76970734338707,254.29479874094136,167.67090886247942,174.44520846576336,152.67405727628977,168.12900585450413,103.92501258810088,245.2905210979481,179.64683042972194,164.04069410400575,340.28206224571744,192.33502173773422,191.43636800031038,216.68285479444182
159.73083248788348,219.1060453658492,296.539409751617,133.96790088262972,138.85909395779706,236.29368977398366,161.79527849781692,275.821731061705,253.1159763223836,257.7227375914812,131.57969276306537,111.93750698564705,131.6788389704379,268.76851347449144,160.24194128831905,220.5990227569731,208.5732588250733,118.58563758968249,186.24228731819872,252.7636532723365,186.43827438262258,181.0163649010447,135.5460238588772,184.5166793300422,116.28249005467607,273.29120699245874,176.09846970315348,175.52553637430975,196.2719394845481,188.85742441247004,238.50792542604404,202.14642253964223
136.6848545853254,251.35730752549304,304.3189179114975,139.85307595171264,180.38367050121136,233.39729997860832,135.99548864695427,285.2402980298536,396.1816552712839,266.6713711755662,146.00123701230112,113.02526509704943,144.79311621113476,267.6317534027691,158.38787586048713,207.74234130948003,177.83598403077406,149.2892649234687,199.86271734368853,255.3079792118782,182.4165216570574,201.3168694071281,168.89928011503608,167.2154341778531,139.82768768790874,255.37140900112985,180.0617081415744,186.6027214799244,196.80505984132867,195.67567965627762,190.2938276618972,190.67800721957101
172.5057684734256,221.8179642510288,309.7857162976572,124.59476886702402,138.75321127972782,250.87708027584583,125.27613996805098,285.0702197106112,258.2538433209404,255.62218846426308,122.18611445888085,118.78631837852751,136.33312406720603,273.84844471686233,176.26491040597386,222.24706588968195,209.86705587147065,132.51146969006209,200.24009373592665,283.4706421757928,162.44444195897913,168.761822608651,192.9572131382012,191.02318447385815,91.93700028015773,270.42265352861153,177.36389759216166,167.59508140865208,200.00301882159084,179.40711137131413,193.54338603245543,191.74795408858054
164.32921453526242,212.25038290404183,321.6051708109189,147.30114147366746,167.0360864110975,203.10658095575036,125.86137895028726,304.6804253900099,252.62139244612916,254.4386476949336,125.389513095504,120.20636079135555,181.08198126438396,260.1228608609108,166.085530435853,222.59548180926456,181.04658914607631,127.82449705311213,177.004786397581,260.24730922787575,175.60828210028365,317.31103730576393,143.53292474072722,182.97896875457675,105.75819364082693,250.38594345697837,164.2795441852137,177.01924162312295,197.43897513080395,184.0662782208739,190.51139433728096,194.99528600569724
146.20547223764058,224.62680020418344,294.35354826463583,129.55245763091648,146.94751210602425,215.69253316957497,124.14213455340555,293.2921462160733,251.36922488543775,267.0053047470935,133.94728944113885,116.99274753841829,146.0665324125456,260.6112562140842,205.99179089771502,208.39671952374567,174.82661858865242,139.2642630287848,182.9102781394162,252.02357342364417,164.1984950118503,195.10232391528183,146.41860254880027,312.60354682385196,111.73165633294585,254.8975297482679,175.4322603564379,167.3308283426442,195.84459755106423,178.08852336131244,205.68739529396436,226.63524180275274
155.83824037759047,207.29583685860456,307.9063162917857,163.12565726449733,164.68670942360893,209.02779048238614,136.8791594872814,272.0727686706261,252.7280236616608,254.18867420713957,130.2251920100241,119.10912103257388,129.9349345338217,268.0118513563798,165.86785068804897,209.6838161095363,179.57595396624598,159.50069395607068,203.04158339669166,248.60691723422914,163.21405105671872,169.37421182374555,145.38911352691395,166.00970036400832,101.43241121763845,281.9506066470941,194.8459430964241,194.27118980189127,196.52868255175417,191.694346867466,208.82834973763065,190.29248662184693
140.13324280027655,243.07197674306636,306.8335140928684,150.8783333958524,166.52262722384782,226.72599430765734,129.30609371581738,285.1633885660237,266.36081479795,252.4747712493917,135.53039535787582,135.99348496742846,117.77042253705372,272.0383370600643,178.4184791582306,259.37299484684985,186.77248522605925,123.46687295192821,190.75033479596635,253.7352168664414,155.52035244827326,171.56722143740274,148.83112555615267,154.4852228800437,101.57177461414287,258.0056036919209,194.41944686911248,191.94400795643426,201.906175168931,184.14283649351253,210.96535872911716,193.95965911304341
140.02568940746272,213.9023621335456,301.61783936533294,137.61387489872214,152.18386802416265,208.05890326773897,127.08182265483181,292.0449880595764,254.1346946828464,242.4932800593143,139.3237505571836,158.6486851799063,135.33483995216426,257.15896272517136,217.6110289008991,259.70111640801673,180.76636316130106,119.40482236683509,191.15808826547692,266.74873566484143,210.91029765119842,172.02271033048672,145.51416049561882,194.5024088693877,112.1813353652734,249.1461530978922,182.25598081413156,188.26211157765954,196.700008494427,173.6397962215016,200.10233930356722,201.74094996493744
149.434415011719,236.06804351560913,335.4364394324691,152.9852699340339,152.2636924525231,214.88524814779362,127.0036843738921,304.8621577091767,252.29841040626036,242.43700931714804,151.7667086825059,115.0857571915887,121.10605875728983,270.62857591943373,181.03368729410894,230.5353347496655,177.77224543906388,120.37914079332064,171.8779995870271,258.1308212393313,235.8258903577493,190.0762343746613,146.90026817476223,164.99234544690088,101.90176458514651,289.691434301717,214.80986245050778,175.52096928838378,193.69630625276912,173.61667250654472,225.64701203987696,202.28407219930833
144.2433190104447,224.6119948996419,353.63508287171135,146.98717973905735,152.35523756059024,239.5583327165845,119.19877290860737,292.3073885504891,238.50899266183842,290.071720083789,154.8844771626847,138.22634690906432,136.91189922342193,262.1131166440325,193.83225156200683,203.37770092846668,182.48503840994627,131.45839878052595,172.39588493663342,251.98218748027352,186.02946209501602,169.5886216087071,150.06884929328186,204.58869294967457,97.41627518684543,264.7334556543615,196.4896212892346,164.3508263076928,207.5914651006971,172.42264882650005,195.20409153851907,194.34677833554372
152.14883122576217,217.62138011126416,301.54146077538934,145.43069922344068,156.49579415563358,207.90715283206794,131.65852936796483,303.76804210299275,273.7585127754572,246.32586137158393,142.69905553668977,143.7723798358254,150.35069715697497,289.2182407734281,186.19345655156295,218.80886286894432,178.50813606672776,117.65816874778864,192.32000676865965,250.72643976343,164.9486420979353,167.67408381052977,170.53152724408199,160.6391884828396,104.90248753040562,257.34608701615224,180.55575509087467,163.68024924639116,198.67554702293478,189.904730772803,186.0427498809351,189.48801501220564
145.3587542825743,221.76399669968674,313.4742785154841,150.03488686437433,138.49120741091207,213.87827688212573,120.9339467367158,284.1118220819613,240.26082417171938,267.028702021733,127.30663091782814,148.77501596745356,138.31072953034027,275.54268191211276,182.9118184505116,203.2120981245369,173.7503004831119,150.24404957803873,193.62134728895737,252.40938870681836,210.36342027922575,167.71934573350512,151.58052777949445,174.2049038917301,105.69511540320126,251.42315030896083,219.11082988978808,183.04688435011153,202.32873018868403,201.20011201979648,190.95443902897108,194.93297125142462
149.54752751372942,206.07124228656855,297.3139019807888,124.77585028504335,140.35372804211192,223.20879507187638,125.44386340652704,296.7211442305569,258.20393706885034,272.1557986982557,134.08001317564577,125.23749916865344,147.56051646867905,259.50103420745387,174.85594643097107,214.2161577496495,182.07240154235265,117.00405407238803,177.14217663636572,254.11353396255276,159.81419870430295,187.55087830680756,150.23528162249588,160.98434647676643,105.18825047217567,246.98965833358653,170.74533948054727,160.90793452696252,195.0320091089021,187.173194362816,206.1379881307141,191.74286640964988
147.53778111762472,220.87985273908035,299.8267748251727,181.2346344679557,203.5307041382191,237.35311599804362,164.68857043593357,286.3233013039826,283.69508884479063,240.26152174542113,135.73695704304055,136.95846509284843,132.2068511020599,260.14023126679695,162.09097931267894,226.32922174252178,183.15159767081545,111.31537665069878,196.43950973782984,261.4182130159884,156.0035939808147,177.2531402689826,153.02677345467256,205.50909943981821,131.66748693869215,258.08901629741024,182.58455800443375,158.6762036947925,195.1846724650932,179.6974830987306,193.43091792400998,215.5455667343992
154.02686336204576,226.9897694801859,325.4404046414596,149.79358113567588,151.57291036750405,211.50490723363376,121.71589970843368,286.22766653769764,251.98295872291183,266.46700087894544,158.40534572941652,128.06342161260676,128.14228340037218,284.2108314401232,178.22068361632014,217.4067134941393,216.71044080960627,156.793169631512,180.17344075746695,252.1810565009268,156.19367484925846,190.31584928565525,153.257724632227,331.4356718697865,139.6786888620206,279.74389166207357,188.16623060629465,202.62285947795706,207.80713316953748,251.13271582816083,197.46450115625788,201.8117858982803
154.06056976951947,234.01837829252904,309.8308051180391,128.7085628529972,166.27195929171214,209.17132034609514,123.23969158802034,297.1597357125787,246.65442006943312,252.5427113602348,138.05175855490955,111.89163730805403,145.76565120818566,277.3197774129697,205.36019099703606,213.45676905869016,173.35074046452502,114.23891748101983,201.200873651062,270.26171941335537,173.73244761192845,264.2012258318589,179.8178444110101,165.02109037716352,108.27814047614463,249.32194285321154,183.15156319079028,165.10616497752238,187.9795644317061,186.3618934012996,194.9930385870206,185.38989189259064
160.83144796492783,217.5797157750484,298.0772441314056,155.1774062901929,137.41670611449666,220.04854003094755,129.05099788657105,274.4569489024307,248.6708633763112,254.47190627213547,126.17769514848334,116.0429843690861,145.08629773170722,263.6639470277267,172.64833473126336,224.0514501577023,171.6829588981433,119.83961838587845,207.49786251376713,259.48994970313026,157.40888835417852,205.26073582914935,151.66219056136222,186.59332092428673,104.7288740940841,253.4406169583769,175.34942325746292,170.97965337126521,193.6783657769149,187.57130018933194,216.32523300663198,187.35814774265776
154.8262348620922,237.41637059457278,318.25705893878705,138.54642635963896,158.56299967189335,224.29818998247646,118.48343174883159,294.3997702446337,267.67997228092304,243.89677805040975,122.81528591416469,119.72107436962848,126.69207646728137,269.63931216961095,173.7804847736823,203.23586590034733,187.76470219733937,118.17307752043398,173.00029469478494,290.28906201567025,156.7758762868048,179.61727539945534,144.6477107881017,160.65780825829006,133.08902419061224,257.0066982479742,189.6187560587189,175.8891187093875,189.479200647088,179.6088284252797,194.16641318680317,188.97136068758346
144.01861456765957,232.62258934780843,316.7490387369296,146.1633330416735,143.77909535695926,218.3415989741379,118.50867073250788,281.42160235360336,267.97454777617355,269.4723784572467,128.28805143992676,114.30914623320679,119.04887257945886,326.3284826370891,163.62204772769527,221.79998459175917,176.36002831235533,108.94045051939993,190.13584413033436,269.2211903409889,160.57353396256394,173.32238858804544,161.99450518629283,178.37142445745383,116.39412192445579,260.3526834461204,172.21533137997093,182.4890960296969,193.39341336117656,192.0780776625688,207.5428594888012,189.42090976346728
136.67434239948977,216.23814756986118,295.3221934654482,135.04455034687743,134.2467647074464,233.39832235103964,133.42389333288568,294.04274851104384,264.31977954853335,261.5371017817212,144.06329020609093,136.86818697211217,131.31205989822007,276.83946239208444,176.15204936312017,372.7806041060794,193.79279893844605,125.07050126413718,185.662605232735,253.0292529274709,161.82803106038241,191.7178729486955,136.57085273619262,172.02983323072544,95.06875641063405,242.5872918828908,194.77659145296712,166.56618104153728,195.55547953752105,172.93518547860887,210.47261523946372,198.38242613252618
146.53676807055803,222.54584210241742,311.26973847822853,158.88062379003298,149.16649163648,211.53355874825633,131.03048347163448,307.97841019778946,295.3839897130364,272.86918053896187,139.69703526294438,113.52965438755604,133.49201688529345,266.7320082402119,178.8028519565338,207.0173405009631,172.39170108973968,122.78956625139163,188.76328105031953,259.6065555146238,174.5403737372111,230.30885730578774,167.6176315867505,168.21613530341142,102.07981246445112,239.69549750215424,171.41183011424917,159.08173334120633,222.86463171018315,174.69737056593144,191.0992466525925,196.41510311664985
156.49073604789163,219.28044583665627,295.4867604069242,153.8438252164089,135.07948352088732,206.73210601836865,121.00334941146023,315.3082649818882,248.8192572820855,280.8739016927639,134.59755754816456,118.96109584249679,134.53857151229852,256.88841090964956,176.2645397007392,209.4039957670118,182.14274013882581,112.83997745961801,175.71585919008498,247.5981445186113,193.54116708792546,180.67181317691978,141.9790629071542,203.72825725413023,96.92772456471113,254.70897257662213,165.34316863363028,160.34031170946892,194.53473186744998,219.3547678243215,197.88972872306397,208.95592587135397
150.12223894747572,221.69228154246875,320.48454132661544,155.19856410700368,138.46382271554253,212.6211039146865,128.06112538241842,300.26848232667743,268.7454287966105,291.4963260422069,133.36472649610442,124.9809457234692,137.59548094684618,272.00176009189727,184.77139603804616,225.9768539548602,178.08041477958164,117.10947448858828,187.05054024791394,252.29576604258457,171.2692720973459,176.16819301695998,148.10151834105798,162.5026504506564,105.32252229899095,283.46888756522253,318.9635785055343,185.1288332379867,220.70604820135225,184.13359897620174,188.60062037075673,210.44331932308637
162.00976651389078,216.97861318155688,321.6433492643796,137.78470733592187,142.43758261748124,222.48044323277506,132.02967552332623,287.7334028750012,239.18675097040932,256.26781879125883,130.9701746999329,146.49115113130563,124.4724440212365,283.77784750184424,179.10999767100708,209.52710265749903,183.29798561033692,107.220644489703,194.61272096376962,252.4633573551842,175.3204308096834,165.57096287556809,190.62248280971704,162.94400920357134,101.33056873069991,259.7638505286285,324.1999617667347,196.30106035279732,220.159027158841,184.96881476205948,202.93267917043383,339.70172995796406
154.46684356604558,209.0889057656408,318.23541285740384,133.03041909746014,166.0601411961226,218.82182264427368,144.6856981659629,314.9558903146735,238.66043637922365,290.26070210561375,158.62431153578981,114.71815999755327,164.57151754508078,302.04091439925014,175.5397669919343,205.10762166836037,173.21121034027547,119.20420770494685,204.75963834978455,250.18334040265296,154.94902633444227,178.62342338489674,160.47892227135148,176.03482152789243,112.13829119192376,254.2591942179933,164.77890707533007,162.13990611609293,188.80632607526567,193.4492513124091,190.2446115331552,198.8101778456005
193.39095072446955,223.31387544873184,311.0759233233828,128.66342487750285,142.1349655535877,205.08416232056283,116.84350537274955,297.0926356239817,248.04959828062684,257.8177928417698,167.41840945923252,130.0820805497934,118.17490919156018,265.47657520765887,174.81422867789547,218.31006715634268,182.81172323304352,134.1135961804821,180.80653301586042,264.47950904252133,171.24637610760735,164.35745164220836,147.66453387075214,160.6391339819948,111.0009879753101,287.0484471983808,178.8198889174954,163.71120490166254,193.5650951194795,221.37025693974283,193.91000780875962,244.99146762447378
138.85218123858195,215.34520422494953,312.41059515144315,136.53657281445234,137.1194416641072,202.97987313296326,135.82931364784733,286.30566407041874,245.24419888974867,256.2938387387653,141.18245817625535,113.66787402430587,149.24192904874639,274.6187893426135,172.97795084685256,213.4821091339699,177.2183671678653,138.70188970736123,211.74503517070607,253.49657606242863,159.97829449562363,169.63165131452337,140.82737347213742,181.72720381068294,107.24394589723501,279.3737822998275,175.6832262978669,172.50669451606745,212.1056137724191,205.63156528878721,189.77320425950396,218.04819703666405
154.99592015329407,207.78039864088942,302.2464172654606,137.3836336419776,168.4775244777067,223.86587030654866,121.43051842671008,279.8685566835079,271.14351021850115,252.68258502564223,125.78430476869308,129.28510288153544,141.36523110628156,301.8264435386858,163.71044654333204,213.86146842900052,198.80854731396605,191.43222407278182,199.0592894670126,247.5287521004839,163.44798237575347,207.685911099861,164.10665402074704,161.66136643963674,111.0864002267175,262.0610074960864,172.4899928372294,166.1446461892504,202.07670339271536,179.60281394903996,192.97670642867408,208.95680267897626
286.8073833538315,230.33301778990884,364.01164508789725,129.89539286406082,143.06422393303453,209.75587559291898,131.9298079438164,302.12603212584054,269.5634334885712,245.22840691802617,142.35244579772544,137.22858506279724,130.3305637814968,265.05092903502026,158.33646381389636,207.3077294549024,187.01368543012782,113.65494325908777,242.39496344709102,260.3652499003919,154.825548491519,174.38537483306618,139.09546477714116,162.9670514968558,98.2663526487982,287.22187362929685,164.14582842214799,169.6503135367023,203.46194873052104,201.88067974410194,204.48686401099394,198.17200127152935
147.52231155619626,209.46413006994285,321.3423970336092,145.8162184813513,192.82455101498337,231.06737486611135,129.5571710996783,271.9262137553228,280.11756294394786,247.63564950811485,135.20898690950662,160.3033047558265,133.99264237899595,295.5759179468697,163.46489457776062,225.63561014992501,172.65988474906382,119.76865100096285,177.40515855529296,258.58379441978036,156.0775203927747,186.86017380429718,146.17163346182872,155.88128423794205,112.83765367630097,255.66445524848018,172.2194345556803,185.52389939960023,212.15124179663601,203.22125560230603,188.72630746019578,190.5516115282336
143.68423225209767,212.8965049238677,334.51916281554963,136.61609237013553,166.9957563411014,216.92978661952566,123.7652088436479,298.0749599717494,268.52833673899494,257.22957884714344,147.96076465454362,113.7266659344848,138.87486868750906,285.31962029781744,166.60763953915438,246.0640138990619,195.0517864162167,117.86995299373925,220.68174837937445,253.01295524440775,156.23441232457745,179.33152455177384,158.04505365297533,192.1634229248521,101.55065685383958,240.3482921330183,192.40038875289437,165.2723930045892,195.48501303228082,192.64069404203676,247.09575857607547,228.2629100065556
144.50598288939554,215.3465975146543,330.4458143562309,152.6765536043015,149.43637899061363,213.30098850713557,130.18594422947297,312.5707487026885,239.1365625400912,273.997943000909,126.26651994902008,121.94806972863785,147.50783270083284,259.5050517390561,182.81755321610106,211.74608399140922,187.98895056991608,126.86962317287161,176.72393385187038,262.54896282453893,160.87406361349758,165.95909312554036,195.5011052876415,187.7055755550963,112.31869026489878,276.7312597264382,189.81502570688187,161.97897179504884,228.21446201759915,220.95762299160165,193.89938391404664,366.6824348318338
142.03462715370512,213.47948494679594,309.1289257372626,140.1620502387473,169.35816933301336,219.70158617422712,121.80869280928171,272.45443470428626,285.36265774495394,257.5565369192727,130.1592294895569,137.19026129370496,135.69377162848855,302.55877643311555,181.33293837109267,227.3465924121474,206.48506535063353,138.99101883746175,182.95274006790993,255.42390782272744,170.1279728048151,168.10254812030524,165.24101183550812,181.8234523397149,114.81445701792576,244.66679673899174,190.99549666963648,169.06040682229502,203.19286489050893,179.2159370426086,198.76534979551528,191.88808819087956
150.85790337330866,211.93745238837846,297.7343156796992,138.878269697793,138.17738797982972,203.85362507549874,128.0217237572981,284.5959505889201,275.9117624391869,247.2996589765448,130.13795858957522,141.0123811140416,140.79212448864092,288.7534685397978,158.33416095381037,223.7195450531114,218.802438132423,134.68870579967933,181.2376938895332,274.45512444937657,165.73309340257208,173.01866451142672,176.08049889897418,162.95310453356217,157.34803296359468,258.5356386891092,180.22836198565898,176.126009129609,214.6039426814981,196.55669035510175,202.0615301704321,229.20684993312088
137.04499225877163,250.56481640820908,301.9866833650781,155.591753783262,155.41653144555198,266.21002649783264,128.42254325464575,291.42337038251316,236.44678796565483,250.71656061486908,149.32039689028775,132.612169377558,126.22406680309885,274.78981594686894,172.76197739472215,202.4637027060602,185.9241756129649,124.30703720794591,183.0951595956934,258.350107291104,174.29928652854412,180.14705749180436,139.89946981574502,184.96127814502336,109.31047808788165,254.78390154847054,186.89540327964414,179.14927980820474,243.19666763682346,203.16490642902448,238.6241849391599,205.91098955803568
140.41539141649037,209.3858321266013,302.15451025088083,130.04679316182416,141.01968377365986,206.65579318113132,125.68512942710605,284.7048472712839,236.40648648088154,260.3613340514593,152.56984987146382,136.63713695410152,133.5937204365651,261.8621635017261,172.6202830673618,224.8088750327815,176.44057507861731,127.82422413565801,179.15655272372175,254.6325713764119,154.6434539660348,192.96545096154313,163.0572236693851,193.7093390962699,108.66445451415245,270.94980909770607,182.56393136319133,168.43575617643776,214.80872975282244,180.4529319039827,231.87130771848652,204.15405863888978
148.1688933870951,209.4554590600479,325.1708316121496,144.19985451779732,148.02288380793502,212.14156208695434,137.41579251012394,290.57807588152116,264.2114476506244,245.2433504720861,144.28551170378785,144.28071196719702,147.6410200313055,269.5581020038225,168.48178205539605,218.3512610110108,191.4693599090286,116.82043469572059,180.29976223420027,256.92786519419127,158.81119609942044,212.98825649097256,204.83288716821662,164.68438136163394,108.12624524451566,294.9455071448534,186.45079793007955,168.2488500504974,192.69957251635728,190.1738084026061,207.663217648558,190.21803678841417
168.231340408204,221.87252656721378,321.35146523021183,149.31035974970843,146.88209650810737,230.82017058911327,120.94143865669702,284.87556776995876,282.1532971561769,260.95922674073694,122.6934536111239,136.06171497528675,137.10350946400953,299.1948006318569,172.56747021819208,203.59613194166627,193.8715156310026,114.35023152340453,182.0576976614921,270.79765745892144,232.0103797080783,184.34150494859406,148.76094585442044,155.8053616157733,119.7987651652118,257.56901395781836,184.92133644470152,170.21870150310627,217.74542868679112,202.59543845692474,190.91749476609075,189.05596940921174
164.20468639354178,249.5757140245588,317.6364041204443,132.62948745209775,152.9959770860175,226.58610072901325,128.0403857540886,280.25787827263815,242.34051358770307,242.85535724616,128.3672914096756,129.87740073754026,162.15367545342528,296.0580061284818,170.0212137652957,209.4645620789337,223.48542541459793,115.24440805281588,190.9099893414438,257.912520551917,170.58716076909,325.6489958798634,166.90368547269583,188.63791309598736,143.2811964953016,253.34252067880303,169.16558651384386,173.03168679795624,202.55738280899425,191.75571046349236,214.77588632792583,220.41489639796225
140.49333744185952,221.29242005908742,319.0644331369399,123.03304248032443,135.4875423296105,222.3679029334128,154.41035130943357,299.0532167365433,256.66187824529186,243.2078362546013,176.7736769445545,132.27728195281728,130.8247032980714,262.47141795071695,182.60616456586737,233.61899001077967,192.83825219715868,124.64386362518161,189.1943449672516,279.5077272559371,178.23441416434025,200.52741253088226,160.85376246968937,166.1766696233302,99.16939985415856,270.4839824871326,193.56158254116275,167.91328582533814,190.01592715821795,175.23894594090854,192.42569894171257,218.86216133983055
143.9553188058453,244.83346113444134,323.18418819673127,164.60267847570705,161.15049954815262,211.47236157754634,125.76442132035464,272.27631611985225,258.7386484138948,257.8908536366744,144.17088341118819,138.27913126065548,268.2332292814559,279.63677564498266,181.01799951725758,216.99080548995872,187.15081955906487,130.9687388991972,210.4212509148991,246.8055677606262,186.18347721619273,165.8562628538666,172.20255347351056,192.494102110335,100.78391396100164,246.2751280407667,186.91733288563972,167.73313268616238,190.35799716354077,176.35115293014985,207.08242061797884,187.1105237771394
148.19325691139068,213.6092103022818,309.16410285885615,159.6940333915116,158.91153554532377,211.5080606636922,141.3701916780824,276.61448269694375,251.90718299383585,248.15139869091456,120.69325807651558,131.15738670540236,131.45110557635903,263.28492700275615,169.24192743247391,218.28689285262143,183.21277495153325,131.42111128854185,205.86263022687865,282.15003576047803,191.64666197300016,177.7693375029216,137.9953122833857,176.3928007273182,125.698449615969,257.1918793426066,182.62128343873238,156.0685736311158,193.06125193777208,213.38550081642114,220.33692902997424,203.43472828073607
155.45363063508253,248.92496693893307,313.15570456387593,144.610261713377,163.13570805290186,207.765027901583,130.8399397776916,289.92548424642865,240.57700385398098,273.6868935566554,126.06549332392493,114.97979460874222,142.88989442333093,265.1758373372498,177.84766161450875,213.19019256710502,170.96560812161292,128.59746307976718,185.17166443280306,294.84536784861507,172.67483954434604,187.06477556483765,157.0439849890267,169.46005211205159,103.21502865663335,259.21226487258417,185.39754400947902,167.02971382159797,196.50270581112198,184.18436532601746,204.75608727643942,225.0731856443319
148.3656666351621,375.55180953751926,308.74527393182996,155.71156606176538,151.070882504953,224.17927575605222,148.83470944654601,317.3494165417078,234.807248752386,277.30748044717524,129.26177702531118,131.21898057089646,127.80462529719931,270.91077495893467,209.07142620003646,209.70771018816262,179.55244362933584,113.65649215546011,190.87730474417475,425.7240507164215,160.8469059159667,177.518960388031,169.51194982299532,173.9475803477166,100.65373510710701,277.20734684928635,174.24430783159667,167.73554314755287,193.2271548501013,182.46280179723382,225.15027858604617,188.71824641581057
146.19046908225081,225.00430472465325,450.0567158399636,126.91007661813916,149.95727027972845,208.93175032555743,128.3679411734339,278.6955547990912,244.25342286337553,244.4857435607102,136.40005658005424,134.9557278286824,130.71071241952902,261.39469840888137,232.32041408889933,246.0595696381645,186.53399625864913,116.5522479707377,221.99054644790664,252.01025873370975,176.35661271799225,166.7222205418456,150.73060637804835,158.05498540811797,101.90457703149693,259.0599897860203,178.61019322175352,163.78692026411574,199.4934303893972,192.85441793236794,204.8177265269629,192.632239492201
142.87515965831545,220.8632563007605,311.39104856799844,170.4006828842025,163.41316200744097,249.89804844280215,148.0108653570775,283.5192173439707,237.71286657519036,269.96165188315297,148.16032976069025,124.20408186339778,121.26636302170466,290.889518584421,187.73099911950345,233.58840036642596,188.48979873795432,111.41407000426848,186.51060733009325,265.1626791059555,163.66089532664043,173.40305915349103,148.26189625287873,169.40247965522195,108.66171002656331,271.8858136372438,168.67224337008656,192.4613832211224,211.28512943520096,182.11987328877706,201.0271267233515,193.1158056880591
144.42081348188302,212.17400801226253,300.84196816648495,142.95489207458922,195.51734067075247,207.8022684698921,122.51631923550141,273.85057102822515,255.15464215853046,246.22338463335652,145.5381387319374,124.34754880497506,140.5313918635629,290.34945218617565,203.02765784885588,245.24917762335815,200.16592165976613,112.52985188333153,180.32938012960537,258.3360498724506,175.65500192749502,196.10777143202878,143.39992196807825,211.17761412495926,122.93570456807004,263.34765194448937,178.841490762939,177.90073126773973,198.51572860386472,172.72347281255003,187.34988552129195,228.18739427076227
149.72263951492624,218.55414706332311,473.55396313020634,135.11779562165697,153.23755988932697,205.3715796313359,175.28744524757792,275.44697556684844,271.86262785856036,260.6466640614669,142.22434747547905,285.3818778581531,136.8449583580647,262.040252999574,183.87044999781725,203.44552330855885,200.3334610977358,146.4214815577136,176.88044947885,257.401923798769,162.35378814117257,180.13080203308562,154.8832275758406,159.231254912559,111.97948368944397,261.36676482864806,183.20997197372486,181.2836046302301,219.9825742106455,210.34984238145466,189.95069543894164,190.6527005682444
158.86497618523094,236.49495581210394,316.0237762500618,181.11886652503702,137.86488869285557,238.16811849776977,156.06751317343233,309.04099339183654,237.09242784297948,244.40074309030928,138.26376067647558,137.7112419231784,130.22374957846463,295.4968759047093,199.74916321544612,230.63316309026825,190.00195619139043,136.65803169822203,180.82995688171312,263.5750539297242,154.28642676844888,178.8050836496938,138.0111641694668,176.6599604369377,159.45011411542743,249.04558042762875,173.86496500998797,195.26538437876948,190.96780428452087,185.9223449633685,207.79892127306908,210.61615617891297
143.91940625004827,241.56064942686177,300.0380177177895,149.1729906460984,165.90880715300509,238.56059006713514,127.85625503342854,271.2944595534887,238.44180561684252,282.98032947495517,122.38630992978709,131.73512363361317,148.150415330498,298.39841404608836,183.91387828409444,205.88561549141374,189.56661349491554,109.04334211588787,201.86585157405,282.2131192423205,162.20854944460453,172.61438015944563,148.00480430094967,184.26300168928327,102.2486062937986,269.47065895503135,198.17253926111013,159.32937688596587,224.3427220539657,198.0665415076198,208.5616682843092,206.96817629252038
151.17846148190873,204.2119395456069,458.09447216914896,150.17310389168392,305.9497443243523,209.8485761133415,143.5795069502173,279.22280816626295,257.7148419780132,262.68872475236424,133.29304206189104,115.13002147978888,144.78624297990228,303.5922021652231,185.2936259305959,201.57258417788861,181.2672585929444,113.13835126522825,198.9354738838108,264.69236430910337,168.39345254756518,177.1583387251035,194.6727874909492,163.73232475091993,99.53798726231594,257.95133066590574,172.16026268506,183.06425436331025,205.14520224862116,191.11764464603544,199.21792182170336,185.28220940883276
163.89217457041755,214.27135064480905,301.42242470752507,138.5109412614577,158.56993895598745,227.0630738580443,121.7717619918487,299.2987190962509,253.7298678789266,246.0594035469344,129.2875471390428,131.0151226336112,181.66164259607964,257.22187814259246,175.5398255486594,233.6675750140771,192.46947915738227,135.76800553665126,188.9771918230341,300.8130210915369,158.9929199959625,172.9400575975493,166.68585203571212,308.35927022351166,127.49700219243854,255.15302373199864,168.71568143462176,174.260643189763,339.59697694617114,179.22481673528063,205.3081686503377,207.30992809878708
138.38022851564972,227.81218229083197,295.9933529631273,136.06669670411674,154.94316930000485,204.6311363263656,136.2646824490658,276.5012909324639,249.70644851951988,261.18913624841184,127.69053879767783,115.07233463388835,164.6502516775879,331.1782462600519,191.3059840179548,205.32400416892168,184.63189243529018,123.7105574023779,174.38857770084505,258.8987067990502,175.80023061573823,192.47939909858292,158.0172640500675,177.469235361592,112.20960687005446,257.639838897466,173.7681981823299,178.13685057442814,202.82553287261467,193.5965163910148,199.30123604574598,197.0316394873879
158.36187471379623,226.6884032667498,304.0959223349122,143.67861639034237,136.7660064609061,226.60870367013118,140.17114818240282,276.9960862800868,241.37295253539403,272.8253236044609,140.7790419489539,124.10608266146515,138.04657560503696,264.5897478033666,163.47340938880816,206.65738786479704,172.3802212267866,113.46028553435293,182.51878604147944,273.32604277960087,166.56319059072592,168.38604945525114,139.9171674881557,179.33614278434078,95.78486080322287,292.19899936749647,178.23910280370393,167.0930039370744,221.84727698550313,209.7579668112905,211.72620810761046,206.36123864229677
140.78974595594747,211.9361169085424,293.4766380471395,131.98419860850075,156.36888205111052,234.56246823331912,120.34383785808404,296.38547683048796,246.5047980324597,250.1421903529095,119.82664810059677,123.57686763263564,133.69649563607834,310.87796026657253,171.65433609127092,238.16259273146153,206.0106675114835,115.88369739181434,178.86586499003653,275.946179162591,169.07126373923373,173.55647396173183,143.62647826182973,176.70088728238923,113.87535934411713,247.97997194357757,194.2344315854156,167.238707437716,207.79707466128608,175.33572637433198,191.8509797980526,193.95744849809168
139.80422682095804,221.14736685669476,300.7977782192486,122.84863267759162,191.0704105136474,243.73270583834454,128.58788692879762,278.5146963246384,240.65275416408457,240.65494149268937,122.51506462059525,138.09189374845283,145.012639414976,267.673258043289,173.5127803253053,229.5148096401799,178.86362456855062,135.53230878114977,185.11639760977147,255.88266478384656,163.89359442205367,177.24501721586452,212.79561997528114,184.57058431456767,109.32745241636766,271.1170241488559,163.78872247586807,171.59273331932204,211.56508067275283,182.74920714568063,198.7938562392986,228.0249384478488
138.3117730168435,207.88914150467096,298.8890200526863,128.87221137220723,160.26823305449153,208.33831184431665,131.19621967948012,274.7716808112029,246.4487679374821,243.950853367214,146.4939212303767,133.59335775343095,137.45542043780532,279.61349926693316,173.39348931143934,223.97602525435107,179.3691954829695,111.23323206774127,188.74938432504567,263.59384681094264,167.38620016315315,196.1780877694674,165.66643218536603,201.4132331828976,107.38848041341635,240.5976333984998,181.22541553908485,180.429573858981,208.30804089331076,216.05107908058312,201.26910730920102,190.94925463600327
156.81882355883297,207.8146529099192,298.38213875488583,160.83283011761785,157.82443447178045,222.98466433049578,136.95578554558278,277.2569098319893,284.15276923818743,255.2619867488983,127.14225824635238,123.30757383489488,133.5178127085178,271.4592118476028,166.13499993446678,212.819455213681,186.77751199741576,125.11030537396317,362.2560071082583,264.0327649181053,184.86434689167174,184.9608935057099,193.6609267000607,165.60103823228707,111.0370766922147,252.1281325337861,166.05702615390226,163.60939828202757,187.96864238798935,178.8392756795022,189.16253629748888,192.0515312563759
148.15055765671093,216.96413540302993,317.5516756352916,142.08189517529658,153.74300645333403,203.8828908436877,131.10174601381482,303.5910500608892,267.57391173605635,248.89730324262663,150.65444208214302,119.69760551858649,141.06574758871815,259.750926548622,177.98868348051923,203.66016766178248,187.07329105997707,108.30091005086594,221.151917903124,297.68470037229156,166.2560480030195,170.79870905470418,153.9952726362573,161.01089245168862,95.91656265371516,245.96208963868946,189.5787072616754,166.24175884600382,203.05568579742408,187.077996676713,195.38901365046797,189.05713136908471
144.80259458099727,210.73697095602643,315.40620363082684,144.9451398620421,143.16526608783505,239.60514610724948,120.88287301119254,272.72508873065533,254.34386925875106,268.4666340391254,140.68807747235329,148.19899634045666,125.96156841879959,289.8572495181821,160.494032844148,205.00663557457432,189.75088092295863,137.67957321262747,191.44137768899517,262.90184342410316,155.66432702112255,185.90699430595313,153.92335980127524,160.528161067893,115.84291221655675,249.23901172074144,183.95546523876004,169.60041077186494,261.1564410482119,178.93052731355002,194.02525477243265,188.8509266495668
133.82285692466718,217.4403367221017,298.7141288738259,126.87280023206156,136.95830023342478,215.44749047430363,131.96519183437778,285.1822479011684,238.62907984426533,250.18349390370426,145.3534448261538,140.56774401022867,134.647520866091,301.88408791521834,168.43818897330954,232.66180634699623,193.11562131199054,116.13789891664717,229.92709481429125,278.03650681189333,158.82002346115252,172.41587846652158,160.47473668019367,176.84449071231973,111.40287438356913,255.57665935371168,205.11104338749809,160.57894816705542,350.2490683792088,219.8932121995033,217.9655588634302,245.1626662447195
150.60023906850907,239.04436625148776,310.73062609650583,157.6864108662444,173.7672892397059,205.5623831628173,121.7762093438386,281.9327304246962,256.98820070984857,251.95358753857798,146.6691376496275,138.84592989632768,148.37791862076043,285.29064384440187,173.3546670386567,230.23839877781992,177.3040895867233,124.42244727694845,180.90517263167845,281.01385782652613,181.22338573615147,163.95146394008884,182.00803597569993,170.38673312747312,114.72994332452704,264.5736982915203,203.21399775503028,209.50820677744628,230.54416331040275,222.72492416684474,185.99572962083275,189.3999213415612
142.10522080595777,223.2754031773604,321.6531942950682,149.5311250534039,185.7500981913172,207.4934934086298,157.70966410578473,300.10696411441586,252.54896065127903,252.4188772997365,127.38695702693806,113.95026447036507,124.56863072780027,288.604771843832,168.83478350698977,239.41670013889924,187.5471401289303,155.60988760840604,178.89539225068995,259.63931649953844,152.77778081871125,205.01266342333602,143.90334512209103,170.29309297414457,106.78468236884765,257.4077150916091,175.98112486965144,167.0345096731653,197.94038828937795,177.35974234089105,196.00523893527335,210.69784672394178
136.70760740834444,213.4888254815523,309.75665102809626,149.11784413149223,159.80379551772666,202.60972672523235,155.2758978228289,285.85382225821957,261.7384884631069,251.07973961035933,150.512484982219,118.32057242950982,131.26479657877698,267.1165119125961,167.2660304585902,218.36587528199783,190.5125025545696,124.66327690079498,179.0898409621682,264.9712085501055,177.59126780702064,171.40506922932187,186.22104718056397,196.08271907088613,98.74372547494693,289.93039562557334,166.1389314369472,167.22345125554244,201.68313820586897,192.13177514627225,206.07581308376163,199.2886016677028
146.39163831271142,221.29035516059608,305.3385067664979,138.45477010400714,179.9316486326309,219.7413625865367,130.99892646670256,284.4870919579463,247.2757415432018,271.83982934271205,135.2138946608501,174.14710026788157,158.56029409063666,261.2644715911016,190.3138946827392,238.3661468212738,177.25474206277892,131.79711756500498,213.45785370709518,263.5104228250999,182.73945403975975,170.41367685108926,146.99402408398788,177.50344013649536,128.4794844155246,268.25220789853324,179.7364162680518,166.6093442638493,198.97480414660487,177.4482141572665,239.71342176204098,208.29784857442274
142.89066929171406,215.66148553564278,349.84056841592184,166.16491524449611,188.50396230670745,234.62230262322956,131.14933572163005,289.4907564780163,248.04551724306873,243.23570172700607,140.86543191506433,114.21854206152919,124.37530561836374,274.58530206118155,163.17622298111294,221.11816588368134,191.37986640556437,119.90550347087058,189.49839783653204,255.80749129560087,157.89171869758172,171.93459539994416,143.41015349090858,159.95449355813992,108.91840405447702,271.2480058203535,175.82114560831448,165.10816161084963,236.4998280967804,217.32382409103838,195.275954246213,203.22695096324546
144.24429487490247,213.7005085504585,293.4867314607526,125.06796728676618,154.411132228807,215.8468267942872,139.95109157971066,278.35896729953697,293.33122543190916,270.6793301724209,127.00682559826403,161.3333659797137,135.56697199765293,269.80666685932204,191.0901235197374,207.8782633041171,173.73133697956092,110.57195991695585,198.8786529956186,279.59722783623636,230.92494502181887,181.72848025317268,165.314065588023,163.81800226937193,107.1294506830509,260.21859703037313,184.74311317700779,155.63912481102798,210.37987544778224,202.20421331812128,198.47715539256535,183.75145080714617
166.98736111889318,207.18389530931125,311.70079382467543,157.69188959942426,159.1185222043453,214.24841694756333,119.66945975125184,278.3024222074453,259.64963449663736,290.0007587334151,124.98485722383457,122.61767205038718,125.32769915587329,259.24843807528924,168.40582267811604,246.10733510175635,173.91986401991858,132.08392473077285,172.38276537943506,281.4291582670285,177.93017792930044,188.9953758814865,175.05331855970257,176.21004994880903,95.4844573785944,250.46661280174317,166.8459567937125,173.9672339561729,207.8521805733197,189.5098893320201,188.047691605583,204.6199653183723
168.18554481897627,210.0346359852339,334.396302009285,156.17593514201334,162.86744888625293,220.63676984488927,161.22722978274848,285.90907898674544,244.4398739718277,250.2798062229046,130.27318393757326,138.68270141751518,123.90720229135071,260.3742946017969,180.23566759552492,205.45625262677294,187.42573064881066,116.61545789525452,181.22201387758273,252.2020521753473,178.5587132183676,182.4490608663596,157.39624172556643,159.98808638379836,93.46386409248773,273.5787054422632,177.86766118919903,172.86308350656768,187.85357748759714,179.81832294102395,209.90807973955398,197.75079836213484
153.1872915605174,250.49259761185255,318.0415402371719,147.04334908776642,150.95553355641619,209.37991055277658,129.2818814783189,300.0615635545244,259.14556201162657,253.37556475700748,151.44532045823112,118.49485148723926,135.31281381112908,303.0528023226109,172.57730531892798,203.38689063961644,209.70202812627684,110.8461454134333,172.23311659283692,248.52191555063288,160.80407943056335,174.41259983170949,165.92639357677177,168.90964975046458,111.50337031865607,267.46516513218506,173.111383689276,175.02531033991033,208.29277574967034,181.9421312626862,190.7003487077659,193.30996604036272
146.67680425787526,216.72830809738034,301.3812148841225,138.23987451130523,171.78549551870879,234.61777144231763,121.02192100114978,303.9105818267415,243.57539418797938,264.67401932244945,128.64287199906656,118.74260290369924,136.45578175935407,275.30941900333585,161.7457199353284,221.3843590550321,182.0123823751777,120.19776232792108,186.7743577135617,264.92119219916196,165.52424846834828,188.83033955026056,144.99376278190329,170.82846662674484,125.19224072430913,261.1552754987122,190.00642802389893,165.49249144526996,219.31129505217493,187.89703267383865,203.32869397147553,188.9978725092997
154.54532307573896,240.27442887986643,314.73921424652343,154.54069084641927,152.03288043874406,227.47439375232352,126.02684927472137,283.6896789849678,240.71059653185364,253.5012830502556,153.28401330184852,144.18884485570086,144.79087423794465,260.76611083966367,190.73420708869352,222.76353211910543,251.17176198049052,121.52275351645952,167.62742759833665,254.35039414659627,161.2229853705586,183.41569295357166,162.94434311754716,160.20244085339434,114.59461356294194,261.0172907103879,175.59783086181102,175.22501420903066,203.39215374104145,194.9435786565745,184.16865360294005,191.5562826966804
162.52251757353002,221.67986559805973,342.8786971021293,152.1366547675449,146.0075972420385,214.7140419153606,120.83789373127493,289.3712672771737,393.396860479603,279.42882293466516,129.27940752066976,127.15148169104177,143.99632029418953,267.68002000141496,169.85755238761172,217.37784335810738,177.62682734844452,130.85389849360052,187.7437704711717,269.95053495021546,164.9895997339639,175.96719002141106,148.4933376535743,182.96333237912125,96.66832196257072,243.24850334297648,213.75632556406126,168.58405904763424,189.01738743188386,193.394366612418,191.398978547587,203.8761989256435
141.0723910218688,223.17133411292096,316.23618952936994,131.17454163307391,138.6268128147789,237.9697758841079,127.03702266841557,316.7765038327424,254.54277054310452,247.7123569496415,144.7123292920472,116.66695486295758,145.74098531123448,299.7183343338214,172.71240099781062,227.72335069847801,190.84396216159635,112.90019545725015,172.71297557956575,263.6407665691314,165.40065762667598,185.5526995598251,143.66113093973408,163.08037069609634,91.28203068495411,257.87050709953644,186.82861469609767,170.9872296563087,188.01823578576023,176.80635283042153,183.54912974921302,190.95106346183138
141.85391102097034,219.52219788588167,298.42208782522664,137.2122219193669,136.84560041701957,216.3940274770423,148.27860198095556,284.4837073479453,276.7877454663151,240.59796725400656,145.59379554632017,133.2648341303981,119.43603505851723,262.71598735436555,176.77243864385707,207.57215931070073,180.16275794923317,114.32590670256512,174.7748497679654,260.1295627048759,177.14786534038484,168.17182525913148,156.44452682571864,188.0187265101239,110.56439980522819,253.29574058807708,182.79599291040924,167.9056415031475,208.92059473030645,327.9255440278114,189.11459832550048,186.15279789514017
187.75407009387948,229.24890958178733,302.39512820316617,155.8783292256137,141.73969281882276,217.47050829647094,128.06628835720505,283.29640742568785,243.20178128931997,253.84958453714188,137.15342601746156,155.22678697536014,125.29723494011174,266.08830854540093,177.7773465166918,214.67791423820552,188.44636829179814,116.04535235602806,174.45247335967176,270.6697750711596,185.53214813505343,198.72521393954378,151.96934859055517,163.99759081593658,96.33546899506193,272.0518973378506,177.71362477710701,161.0918941123822,207.43903450124037,183.08575959018168,234.57248052321313,198.08413090000053
170.81817567600856,241.06540259376263,305.9122702690578,158.68837466754138,156.6974757186142,216.93883645215303,130.16622694927338,301.2166618081772,410.40861547118834,264.2259841690053,134.83164063617147,133.28749670848498,146.68942822001037,257.8874227003808,167.9256315082072,220.6213717467033,174.1473102046523,124.44519656087441,182.60324829694827,257.4209334817176,175.9342064101453,175.77316131604624,136.74220004023056,193.75509038061142,108.32083800921748,244.98021543261933,177.65390189544024,179.6857439963341,346.66059693424086,190.54770494841614,208.36209235781013,200.81139105652153
147.20549878957235,232.31783323764836,294.77850844663516,130.2600509594622,145.93042865188838,234.41197936149848,124.99697449990333,278.4063600701808,238.94176597535935,241.1289344870539,140.7889028189096,115.50773323422703,133.76532521250942,261.8312574080762,168.3271074002153,226.92846842858,190.27105332658104,131.91004873922117,178.8299185133184,251.21733038193403,158.96899151708777,179.00397636590893,156.5561840179883,181.6131610014067,93.26485123772142,276.00584681319816,169.7036605214436,171.16823322185442,248.375344771106,200.11768523169516,196.38711757036805,201.55618562421157
167.42880146708245,208.35817602507473,302.8914759986229,129.46283571170702,195.96331088810507,218.40562892240797,147.9910072782468,300.0287950019584,251.6461631079684,306.6744279206306,171.33612875555536,172.99958954148153,131.93487350062122,276.3371422866134,166.60984173452124,243.49765726731312,192.01249088488504,109.05132164034579,246.09069622902726,252.1524287412423,167.26513896708047,182.1595342962719,155.0154230326088,183.83729888180943,98.00721626238192,241.3398717086892,211.69772349145865,206.18587595382215,209.15723196138396,177.9760237226207,205.53985043699728,191.64338920917973
146.88248650508885,224.7681638243414,313.962119812493,129.5759866945895,159.60212518945565,261.43600989912744,129.29338894856176,294.10173935445374,255.09159619720543,255.17317609986625,149.7953997641824,133.90113099041923,161.47854286814785,258.49013543605946,164.7784109522109,243.81062451174427,249.10734868674834,125.84226793127692,173.67483992667673,250.41006235567724,158.63176121197225,192.68902591816936,183.83832507384136,178.96568366551452,104.22338027929348,268.6761208659693,170.48042021210028,167.830008206228,208.73638932405737,182.26836347422704,199.48013222855184,184.4248326625052
151.39147647562038,209.1358898721326,306.01569466144804,132.99791064605256,151.73015302609215,221.98390483530693,147.15796694316438,306.2981094736705,250.54273518597523,251.99366838987828,133.27618410289338,136.5443491157349,178.04302240120796,261.5305864311918,158.26961587528362,201.2807169074427,199.43209066308305,116.48959269765338,194.44979746012356,250.86901731431539,158.7314463506447,167.81183114542986,142.02529015660966,172.94377928678017,105.82223155701743,240.04522578583317,171.691693234655,160.98704225237617,187.65255224911908,185.82382821767163,189.54626742721848,203.63517570660838
147.40177355698737,217.18764739989317,318.6851730719849,294.2763846243057,151.30637389865373,249.96282221519095,146.24957034961375,291.571106947305,241.61672014826428,243.6886611365811,150.08515746212822,121.85544455840908,147.56670980641405,262.83300119027535,166.67083263515602,238.56839267406576,178.56292727851732,150.90553971693458,174.0521698071351,252.09033702585944,160.68913222951147,216.28093950147496,146.48887987157428,197.731078760603,108.23135527626711,260.30148753106664,165.43980140403406,156.99939094687207,223.57136398671332,204.9370089908349,190.5928725597206,202.9655258652819
156.46251935749655,233.0387428386516,323.4620733164396,140.65872347383393,138.7861710290903,230.1901676701284,130.03671960013824,341.62398844523534,241.50862336832353,318.38140662034243,131.59105310693192,118.02764308000904,131.35142777677098,289.19421952301155,165.299166159406,229.68360983708502,175.65025724879092,131.36301360433583,177.52872022309518,254.42534331299322,165.31228714475446,173.20867579978338,143.72525274520396,161.08454920584128,104.36249327203709,261.0847598629788,174.69677798520937,189.80937476230042,195.05365078413897,182.79625383680747,203.995954084322,216.3359626591319
325.82382504350807,213.85652784038365,310.9047076207655,142.0517387834705,176.67169921293006,222.08447172464173,122.07130475252816,277.7476153845906,248.33339826395485,271.7614416575621,127.61123503738727,128.17338419244493,130.7227059929772,306.0466994757735,196.65829481929137,204.7949522863957,177.16505136706655,131.69072434934967,181.0929345518546,257.7180640481555,167.5418996914617,167.7419028068774,164.5309865185839,169.73207870392292,141.76678461782745,244.38100625906773,195.25304780686065,205.96657417151303,190.68348401159315,174.9763897231845,184.945198138505,200.90565172147853
137.34306136059223,231.9583771653876,314.6392984528279,150.0983377994668,144.53083832486737,218.91975914637234,142.95406711505422,310.5382723198399,323.255975619956,261.31649434600536,128.55904839787377,121.32897229659054,173.60133676548412,298.12773852262256,185.9077431456202,257.4408188953539,230.21057206729904,131.67013183229827,193.84536772048563,259.92722825595865,183.4278456006907,185.24504675492997,147.0418495564257,168.31291416271208,94.93054412560781,270.1546995620025,171.06160268407592,160.45571914110803,192.42842173531577,191.83975181004763,197.8579808953742,227.00620795948956
169.26675131120808,211.07743382102106,332.27063508613674,138.59914983924293,138.60547120675776,212.5724796268167,122.78602661774087,272.6107981316275,246.32832910121545,242.91933663955444,149.79118049295994,144.1258212475036,149.85764836680548,280.87020585654244,202.04487833481215,234.82119440993722,170.0534674328941,122.53120852264827,179.25262903158247,268.60790495775353,164.37257275434519,171.36615606973237,171.7900524861103,179.04796020531256,108.50877087553633,278.8065617514588,167.28857110869532,171.15660058637044,199.12984286530934,183.76464825914616,194.85774906967043,193.9390272280666
135.403766633529,221.38281987539665,293.5889017106227,126.11990173908364,190.38965971984214,211.59088019261674,125.80644453891492,307.4056636004211,247.4132271531493,294.37045737182206,127.1409408402001,126.45298819225656,141.60813932493602,265.0818662349044,178.4593707013781,221.77061131795855,187.59337550135973,139.8850283950025,204.39106529185923,247.5607167188923,190.32929734697228,165.94541255137761,153.6684717162686,158.59767285322013,95.04727496798411,250.99838952221518,190.38540688726314,156.25783342016013,202.0386561561085,174.79401856768084,208.5583619643024,210.83342582328552
147.64456651574,217.15887054064825,304.48333554917457,136.84580827188393,210.3584206822468,237.11616068161126,121.0739578427045,275.658826494068,255.40658009081727,246.99728720324117,143.2641526911696,132.81112827512445,128.7571347267172,285.9332207599238,171.27211570955484,223.83263534105825,182.8472318948049,110.26631442878286,190.68199645418164,309.2663277501763,165.77641834075237,169.11131436399782,154.2267894119103,166.8475721926581,112.93460012540032,268.6138478494874,161.72881279456885,168.69848179771674,199.06532774921902,173.2779593316349,199.29009100346516,202.15260369892462
143.55472411574573,234.78136536709204,296.78441190433676,164.98053292106326,156.05346334338495,255.04879042126967,116.53430477413718,275.7217383458724,249.36644072622286,262.0247148829126,122.34803678906077,116.96883290226828,126.73539300417397,269.11973162232823,172.4425688564472,215.31921444015998,173.8584475029409,126.74659816445363,168.51368950776865,261.49268026286205,185.7950715456143,160.5961139581618,286.5582763649661,184.67739410383206,259.66605771780047,244.08585531417285,178.7923914110902,176.73237053041626,203.080546929735,209.902117898731,193.71513715134196,202.86694857570637
145.0705611906626,219.8515731451252,336.0540292786824,179.00779599453872,148.45654258259273,202.35076003061326,150.82863796522523,274.92730938793665,245.68176035508097,248.9925731230995,129.74473700158924,129.89579577564294,137.31051438400698,274.5627889028113,166.79736436579023,207.62714522213435,177.50222893408235,144.53633955236188,171.5090546065329,250.8931471571281,180.20727058262295,165.13001835959764,194.5611845796348,170.84722559048038,113.60955538314369,251.07838204015448,191.7678851063018,188.80266409511177,197.26790469073828,189.67455208473652,196.47482181385973,194.29770060537686
166.35983733876006,224.89669333060118,299.20217987335667,162.22670310856907,167.6411071689853,211.4335570813731,127.96683393869434,296.9848385736223,266.6509197538811,251.1751267310894,138.44752033077606,127.4187582843322,131.8791282104158,289.45583411053093,178.41694227439987,203.33903484286168,175.538235736837,127.83773236707933,184.07550345386315,285.7941394632961,159.75845888981502,172.77559269758027,140.06983505917327,165.95167039653666,101.56108085462343,273.117841017326,185.5954859082837,180.13539198420483,187.61348824054568,197.26353459833757,210.0839247455835,210.2898820579189
134.78665226314874,213.81601750227432,301.52180425933597,131.75786266692492,163.0178220030454,206.68663156164274,132.98654327606073,278.6769762711966,250.77256930831186,280.02129952451514,138.43316733390645,141.16112632230812,122.54223991750045,276.4914406982918,172.78427884298134,218.27179692363356,180.69286151186137,124.1587992903755,192.74631219529806,261.2458072236114,170.70394206426135,166.10360348125414,146.04525591122564,162.32287302513848,102.45936980784636,248.75492559668922,171.38746987313806,173.93037977960716,192.39394135342064,199.3406089415181,219.46684442912272,228.83024261458166
146.13923260942977,229.61138077420216,315.23809356382833,135.20621914200072,139.16655285329165,228.5363706012463,153.33761775697755,293.7180827379535,259.60446979954475,247.38307446276565,143.11574851809291,130.991738569826,136.79162807954742,272.29107445364986,201.20357535379262,213.41442538164145,182.14072028573875,128.54571733413076,178.8297601052655,248.52010802336022,156.79989212195596,189.3497043343095,170.46402358896754,178.3849773002551,118.92920438072655,245.86409320352507,170.21962464194317,160.76335476641674,185.57658838410612,192.79060881977864,202.62047412908882,220.378962196443
157.7493220623993,217.90768207310046,302.3124860897699,175.5497751450179,201.52281360866877,220.62321105806308,117.60489658093236,277.7650238978413,240.65909376916272,253.4389779817031,140.49217010667874,111.94044969843003,129.80704586386224,292.2338475912697,183.47778767004849,210.30851613517206,203.44711680026055,129.33066746081656,181.40910074856495,282.461686728523,162.03957486670666,170.20474259166656,159.9278430113709,189.9023623238828,96.20690736973714,267.3012881612436,175.31411345021868,170.15960043354644,208.46059988644046,177.63718013526156,186.5927925002545,193.78952160452053
137.36319245686536,215.94142018456222,306.7496160473938,156.1705577059132,155.51286592467534,250.85300985586971,145.86553265900068,276.3814652304402,258.784676820024,249.15086349899596,135.20151362156568,147.8542778547043,128.84162926957092,280.1057855301131,163.98456983691412,205.0373811062623,185.53187545672904,112.64186910800949,189.900161847563,262.50681916708453,161.09719793953994,164.44716509473955,171.35348669059871,171.22218948575323,106.50386823841461,269.447431172546,183.63310815073575,170.01273060549246,214.68930899479466,216.25658400531802,193.79722881235648,206.46311062365712
148.7273383195578,244.46686380326884,292.5880438404812,123.17547688659982,175.07095143371131,222.21735893657504,122.83601679270242,277.1870883314394,274.3616830076872,268.76362824541314,124.4036182871967,118.50646445040898,122.07604987679417,291.57745983312384,162.80595467259832,233.12425189774498,178.38485486483046,117.56519264224812,193.32676630125988,250.37296358872408,161.93805122860425,172.0073156480975,150.47445516954275,160.74532654357265,106.60966168947371,274.988080588082,178.7026256395362,161.46926970868844,189.26515514676416,180.68519967049502,356.5033758475066,197.19013969015685
135.18691046232703,232.5806844589347,298.21232442118037,135.7048539866356,156.06947430261962,220.6195442255817,129.940851962373,285.8771081499244,244.67899112725615,259.12464064185684,139.09352160933463,114.31127852971065,134.76114208214213,289.72762276966546,180.8127646820617,214.02377809591164,190.09994951409936,129.78645183963977,188.90400890508022,255.6797583353598,168.53118041390726,202.75859907256142,143.88369776016756,168.75112099359148,105.93206092844225,272.92169980889264,176.98835770776674,158.85029325319408,190.57718474648615,184.3017046115775,204.76495901191836,198.561215132849
145.61114178075235,230.30286354115373,300.52296212110554,129.23978330671304,153.98558318496234,222.81058456669197,118.14501424229783,309.2868628698216,238.55238613398512,248.7866017274332,154.59613674671144,115.1278027875176,127.73221495148167,261.2686538689986,178.43656046361647,207.7532242788668,196.29530737368393,117.94734361526912,181.64950012652292,249.6770763845407,165.15354056213434,164.23155873903983,137.94364029304222,185.7609459126042,126.02755441595671,246.0274391927903,173.2621339153285,166.29429621601972,202.1432386566158,202.17001986947975,207.8613321512468,206.46314913826706
166.98445932849592,217.93892813922332,301.06026365527896,135.16558842396302,150.00086676161095,219.46528313460433,144.84603035980476,298.0417165344061,244.21776520772534,263.01053403893684,131.59450624253932,128.80244428373703,139.24960029244016,287.72447334294463,188.79614574396425,214.53320033230727,179.67353686140564,136.15551031547767,172.16300996881145,249.15768088365786,165.07503587814475,176.36643342062825,142.50013395358448,189.54919948599877,112.48389194935424,246.53228429143033,177.48315526351067,165.24409588068434,191.92935804104604,182.04390657248268,199.97068847845208,248.05772856990404
148.01060101747333,225.67854517397942,308.20694740190345,167.52833403845426,160.79504007766732,205.38028106298358,127.18592208992631,275.22209131818454,237.21143894371392,282.5512789649342,143.4159533854981,120.35258468392357,133.54151568121836,256.87505742166644,169.62764884473896,219.8918140780411,173.7460802575489,118.88748425655135,170.6539792712919,258.36897492335265,176.0423778497687,170.83681809009232,180.8688349702034,161.40643762536837,102.13004682990936,241.1469713377193,175.34124170466674,319.7668276820415,226.03226558735878,199.0697808284755,186.82781876487005,187.1477785917785
134.68127970852305,213.37530703893856,297.98287485589174,128.2030559024795,182.76463704335492,222.22611653404536,151.31519178599447,294.77340264568306,278.88073051727804,256.24441968745157,131.92914724516845,112.60338690214188,156.25324449105725,268.04258998316783,201.59157216617393,211.7078397038545,190.06046385593794,114.24851805855862,179.2187512713923,269.0329636805394,156.09893466356127,170.8379193898378,160.5351714424474,181.59213625862776,103.92715741510534,272.311751942753,187.40709466629235,176.82575935563497,208.1357739734776,193.70145727547373,185.4527146312263,193.77121427455566
156.214606932557,207.96733104125747,293.4833925070648,169.6032864010355,169.44647612756762,250.6846404887851,132.47289454707385,287.01018230316015,238.1726288157354,261.37349526877284,125.77782419304117,151.32387571414452,126.17965933098691,303.4427198324025,191.4214380654698,223.07441837219562,173.64438034432703,184.4114334192542,180.29489976858568,251.51896439656522,152.20635998687132,179.65253136698416,142.82143156456434,175.05803927863934,106.51465286230089,264.37793318374537,183.03647784365995,181.91136145913967,187.80801056329202,191.22218160113465,191.97843707204453,187.46646751366052
149.4389389633505,215.07362626141386,308.9201182695263,132.80770789424724,142.77655429548244,253.01080875873947,174.437131891219,282.89425190050525,252.79952332085378,282.64362757699456,131.98733748314234,137.4499558564139,126.41313968789538,282.023245670141,170.69782303105882,209.89849136290016,175.1333085634131,135.5958386124705,202.95949130075667,250.92238115312443,190.5585355105129,212.63386811060104,142.2546404946915,168.2949395436981,99.27500906167757,307.77590676469424,194.38231405461246,205.81891139703478,199.50064070165317,187.8610587872106,189.57497801097804,193.2878450716059
159.5804450544842,221.90675352827822,339.2285087535738,138.9289616919001,139.90502673486066,258.87059450074463,118.38632217105982,291.7157893451288,254.30045743202254,250.7588846651964,119.48950069881309,170.12561750365757,153.66748425075076,277.38650508966913,170.65180110384725,203.25529551181285,199.8126058512586,115.28102515749603,225.88437404273247,281.9387921244494,211.46632436351794,196.2069447109816,168.66985424648948,154.86757378124054,116.11298596322145,249.75575859398072,174.55330427082794,186.25695253201928,219.91353519621458,177.53306285461193,208.42535454946162,197.79396015061283
156.73336919679952,210.97797317690055,314.47968306468175,126.65444258202396,153.84318072627713,216.2183562216577,135.97778815803792,272.29394287641566,249.18937993035271,259.15706359091166,148.64308190109128,128.00275258659394,120.49192461189443,267.60848600006386,168.02775500765551,201.27090338288386,175.3307463486031,162.25522680162123,172.30881422964364,262.7269662328231,174.0486492722498,195.2318440924324,140.78906606180882,163.71928238975985,106.67192602316115,261.66493402554676,195.65319847630278,203.9128396086781,210.04892103743484,227.0333344436466,192.36184593608428,187.5848025922847
163.24658634714447,240.2561170197559,305.33291026293836,125.75977065973309,146.2733217363027,248.4425561877183,131.5812730849253,273.8043052918993,237.94634936830738,244.68931119922217,138.4644390130926,112.25764892783768,144.98602198999055,411.7155547792509,179.35790016723385,239.9204931947752,177.00630833755082,112.56235165046336,192.73962516284627,303.4762126485258,155.40491952538852,168.74507095660428,163.41356235715926,156.63882174469848,132.20717080946076,258.26081776542446,182.1241728756024,165.95494247225258,194.40560507229125,184.2003120170493,200.41362362971665,193.18745499609705
156.16819125943886,222.03581736579508,303.13423758482975,137.91695708427272,145.1291325225605,239.45576459347424,132.45344202818887,281.4574955845026,249.77201393100128,241.831561349563,146.5248968086765,112.71557058807558,138.51252091253846,261.93376007324434,164.35013648274537,202.92137254463415,183.23883270336728,127.16372548525959,195.84794482794933,264.1981418172837,156.77174040753363,173.65427931903992,138.90596019305457,163.8077909311827,114.42050527019853,252.60611385771927,181.65847101495442,194.8143301557586,218.00582095123357,178.2329172392611,193.19785470682865,186.23277231269665
139.34803472049572,208.23657191535193,301.04032187906085,127.75723716543358,144.45795383861375,203.75545833233767,139.04291500250017,279.32107574108164,238.33998707240124,259.01198770646204,138.77843967001573,125.7100700104779,132.54470160960545,262.4222678919905,161.7003469038097,357.9432230438462,184.2871748493818,119.61636604508246,198.94088324044844,260.52670313194653,169.32955459879784,197.40393000652523,151.6963823785487,170.95514423351884,126.13880068494652,274.6852904246059,176.23710511557425,164.154390536635,189.97486785448237,190.42685234956167,193.64626460743432,193.44550660298222
146.25540727160643,215.62875381333217,314.43761666291147,136.7747317071435,148.56451892247435,214.00468049321225,126.35892710218218,291.1811717899095,253.6525975359982,259.09414674291634,139.0747528445564,122.6111254022566,123.45964337332838,269.90746863563055,164.35999158355352,206.72704440121953,190.7480009819439,127.19660497203327,179.8044365133136,267.2450106733688,190.83193049808438,215.30282871184974,172.6895065219882,166.586405158174,111.76072888172997,248.18323533798966,178.68506030148728,179.65509121540265,192.7166409479403,197.25259624656803,199.12678367916052,202.26829525102454
135.47252880822117,216.45082112828726,308.57231940882724,135.81126278258694,140.2017960840327,214.02815034621543,124.95382881284654,299.96618641656204,257.31566575104887,263.28693702422004,134.03184614139423,115.08263242595461,121.70010257940663,274.702225655034,169.1239305345024,216.4935950888875,180.66978295787567,143.0679531534471,184.394178301039,270.6431792511496,166.86748215177002,177.70506315640233,194.36252344773658,175.77772349047947,108.21626739089905,247.40965126393837,174.59536814747509,158.29429020395827,226.2427102916665,181.71604318574813,184.1971217419492,189.33120351323382
142.86829255735398,233.66362052707575,298.13435102824536,133.25498540158785,171.8193371305469,207.02200550434378,164.76113054624292,330.70189118677854,244.43791615140924,257.6762376352924,174.41059043222054,119.89346708311484,137.68122483940155,267.22420783868245,188.8460032586098,227.32126119016536,190.22346796951965,121.73068751120431,206.84742338501204,278.60232038991967,172.5567554250398,162.913041744737,145.44767551562813,188.3359935132911,113.18026915300865,247.2710984425904,174.05611000771415,169.1444996125242,207.36245044983835,228.18966128023152,205.9323688575205,223.74839246498038
143.19157500794861,223.45856844794562,345.4944777494104,160.28101332156578,149.1411597429263,207.1463681640544,117.47479804828004,282.479617293982,240.2914103666823,269.156302100398,152.5554806737428,124.93234971598326,141.3137268012497,264.506374604063,176.71461263723415,214.4669837229083,179.47290160874778,136.72550589620033,184.1875140563251,255.82796736263887,158.21381519524135,313.9512836732931,137.1664210389463,184.96713472757847,96.66526135547504,282.5676828223684,167.7670461803137,171.26845370644105,209.13266049664838,188.10514281947923,208.93122540674744,221.92372207329444
149.28923543343868,228.94533480188863,306.9378768591064,141.20056842845068,137.5714402558322,211.89508566935996,117.58162748381103,287.32943561092355,246.02089784588534,263.56062520738624,138.18862786336678,119.36102973800517,129.26661654020668,324.10320694966504,199.38586880745746,201.98652915478155,182.36049991628607,129.6659090354906,172.97211598091042,252.24084652107845,183.50871570871706,188.62416338453903,153.7991992208927,179.16158005073234,98.19748120701101,265.1334631842641,166.83175796057748,158.4253316207939,211.61160752905025,214.92804526382417,203.90513022409266,185.08177176334073
139.27903490790587,217.96630286518706,317.31734122782314,134.40969945761356,137.8777150624212,245.0591387667522,158.5245288775136,277.1825538577465,250.11574095307472,260.3296037382372,140.9627821222449,129.86871114647187,135.39282615322747,266.4310744370014,319.0423890743507,215.15005033600988,181.81128279676375,124.2332163899038,179.22131031291372,250.74819109932673,165.532540455474,178.2739000600912,150.4127230246462,169.3560461383701,104.5903664625655,240.93292759194796,190.41141910235945,191.18623742291078,200.78423163922454,208.490889907978,214.23342280850946,198.17553181814876
163.68842418782629,228.05260511414636,301.93873498934863,169.55786023101442,138.0072895548521,211.44965315189407,151.8276259343439,274.3705448174146,246.19431402101316,243.7012291068309,134.3276892284777,138.74730703694485,122.84117966662,293.3186340407846,169.5300543059178,224.56291709099563,202.13728689784386,133.84050900994367,169.61714222235975,250.10196652204758,185.2968518788922,176.71713910648705,149.39245678343136,163.08116752573963,99.19814829151971,245.60882778608308,186.75498282519115,168.45973757760717,193.22250403463187,184.9016475982484,214.2780684348342,188.5835783595514
141.43582188996848,223.53207870293934,308.07855499528176,148.8975944109571,168.31776876664563,244.98286189601828,123.58919423057169,299.88010426597947,255.00425859263112,241.2616567690767,124.05061601940596,117.10121589001061,135.47102148533253,274.55020326163776,198.00640295373668,208.67558235956736,177.15580397147636,109.14419897037118,178.5251543054105,254.91524519508886,156.7833666655487,188.30769834314862,296.76241453524,178.38758105959172,119.33350376132793,251.05114986623457,188.68949928285167,162.45164209625196,195.44774335196755,181.78297566211359,205.84385976537646,193.95059142482336
155.6742348379369,239.08875429122625,303.2932769156248,136.41748252985002,154.3069400309447,224.67576965480632,126.01720301063628,303.9509824327555,235.97738128823158,269.5235454797066,138.3020417432174,132.75213422014014,143.3484134137368,272.5303731499923,166.36613367828338,222.26579326066317,213.0159102990536,115.56546188818716,199.24859631179072,259.6479178439635,163.30263070087344,183.00178871812494,154.62205197888662,163.88218068335755,103.6149540528518,248.62169217933348,163.41171182710997,161.5971707087607,194.62756754180464,178.97722760720367,187.5032829615407,192.16637279144982
141.32951695022328,230.69864862640378,323.03354872024016,171.04991636201225,139.07450787840625,203.44538826034082,130.58057866272802,270.76944100899726,235.9515628485346,250.01446232580196,134.60486344641865,137.75341963696877,165.36381484586576,264.22228938977986,164.56499320112744,217.92225983763097,178.065831161911,124.46908972108241,173.74725494227522,268.274585924241,173.7149754271705,182.03856787855634,148.96417511799697,184.428361065375,94.82343201550555,246.30708482429063,166.8403597612559,163.7818247797181,209.93593746166897,231.5137541991728,211.69320146193456,194.97512294506478
146.68318133148748,207.6737324120247,304.4238782798587,186.40729302039034,174.04958572377197,215.6063840778355,118.75436802459708,294.0620566713456,264.31037355030065,267.8776562502903,129.60611310039036,129.963741715992,142.99009699435953,261.4568309200044,197.81884540412514,213.60582483845607,194.24169692264502,108.00313762596181,236.351615918405,267.21095724383827,176.04276685894015,181.7219806254077,144.04486230987393,203.2493876598671,130.40940877129066,262.8756097700715,205.113697469854,183.5711080703066,224.58616998317387,174.9378258718435,188.9650644455852,201.45349964171712
171.30566282799236,242.2373390074177,315.07381118551325,122.86219606783732,170.88844136280247,253.28267131631605,143.97742075962248,293.5702554737414,239.33856833354636,243.02995953023822,155.5793200076245,141.18644571291148,136.675815040979,260.00100881061286,164.55680405357998,214.08161341110244,193.59369292028163,134.32997378952024,178.902562457493,256.07764536766507,175.2634886063938,161.3493775652902,163.69491723976233,166.3297561403498,114.29887618539985,305.9094495079274,174.01363566423737,200.42425788265007,191.0760010250948,182.09728677587395,185.61267634897325,207.37844348235515
150.75352377599052,205.67510961812457,302.5355578274614,164.86974690884654,140.15769942541849,256.2686180131716,152.9977767710279,277.6125132861874,262.29289989785,276.7927547341359,155.2669664987392,117.5788921009958,144.13553894896546,264.7376790896284,178.42296794784212,219.90592754486232,225.23310149838312,118.07403010889678,222.29279713499784,254.24963672952552,169.09765403204065,177.11677628954936,141.7627025836705,161.4373707848854,100.64903630869492,260.2721561987753,172.56087307934186,206.60021900282692,196.28911520147045,179.62859583989106,199.48944117851858,203.50571327224682
180.7219100770605,208.56630594560502,302.0490573494189,131.91259953539216,173.87632174434015,204.53458095659926,130.20570033515,280.4552588861455,241.75283412275942,298.63777751026333,130.13808203392472,130.94088439194078,157.747933941513,265.6921594087634,168.9226126701072,204.11524831081283,204.00176098760528,134.3455740917783,174.61415984044055,294.73688408409737,170.88578761641307,187.29839008294582,155.51024100451093,195.97286644404826,107.24416150207125,253.1944193598481,189.74596105059476,167.2407362539267,203.30747432761572,180.28614762335835,195.7403764983076,192.89513904835167
146.44718598967722,221.71657459590313,342.5385748002415,129.42793431578028,159.42973951528583,209.27874628791264,136.80291106503273,286.3848949665495,254.0185420597687,273.68551652624296,137.73204947903764,123.2099844874597,122.5634649774372,279.92975141420084,170.9779990390648,228.69613155646823,198.05663917081097,120.22555506620931,171.28098334192217,256.24883498432723,154.01927269557305,185.9730704846857,149.11266933596406,157.67881090573746,92.74773760680837,256.4539365572328,162.85726344078887,160.09478141722727,228.04674197634995,190.9988425699082,208.11145937522744,207.7970390284415
184.69395159402487,246.02998084691285,307.6752955128399,175.43877377054304,157.11563857276968,226.03141607275919,133.00095759127518,290.70107329563257,233.7940069790026,263.95190199596044,123.86962224040377,130.29998300280505,128.71843811838792,259.2676804051765,175.8217315032029,203.6624525656497,190.22389974512166,135.13879376877406,173.5023180935255,257.27059508438236,162.79091377784283,173.02597556450377,176.49236619758057,167.26745052976625,113.20281586691327,254.58821904093907,203.60401525294623,162.84910668298158,201.2236622398204,175.44135477258823,207.62614116137263,195.99750906934165
154.93835944234198,210.1233956303651,308.8634734432221,145.7525604281157,163.6230605546607,209.9976883306719,127.6756022713585,290.20448798006163,243.9671243642951,263.10431851796477,145.15963555982043,118.35599844437542,160.39490918576792,288.14229069897465,162.50347600123942,221.19783705033683,193.90176886733113,151.1937612489126,173.6026170752574,265.66922346622954,174.92693732370464,180.42636639238728,165.45149282023513,185.83286994827571,92.56284090642318,268.13734683302056,179.29777429412698,178.22152547576326,193.66372408817026,185.62719878861023,220.19512684547445,191.86572576872476
161.3126178734481,215.8636431939301,354.8678137828887,145.439329101082,184.5818865425917,202.4969574813746,139.75944492714603,280.0406161287068,251.0767421460079,248.3170889612766,121.4428440247389,128.14907271046883,272.9642486335601,281.4335889165399,166.55108969255292,218.24652149989163,193.27682477291637,116.96117725458237,170.19442813526842,285.17303465770743,171.51682021653508,204.45401528179036,155.99377868768562,164.72051848003255,116.95298505066373,265.2868561133109,173.20162927580034,206.45896305832582,198.83832500439317,187.76379447568763,195.52638009818213,190.9885736081062
149.8650718094749,231.63322912349744,301.64951824721203,162.13376617639346,141.72570090709064,209.93370659776133,145.6782278057761,278.9556723793524,239.89492626159674,243.8668029321312,134.76896057230653,117.20955551070357,143.54433105928027,299.1561337816435,179.81837555304924,216.01484299788137,192.19385915465898,108.12775573940486,229.48151237989725,271.9138990602351,161.1294859432258,165.91709914257527,142.21830173128953,163.5945833640221,92.23977846053613,254.42046019572302,176.68119931981664,168.2385398686103,201.5187855748605,200.22807189420007,224.35488065720813,186.2277457330413
170.00777560313404,241.5774433204319,310.00399183464657,147.8437615422381,172.43973300482884,208.39282491790095,129.7580994717533,277.70864700624986,267.13459475696027,259.8767735403015,120.09663035449898,115.05128404975073,153.40943706367926,292.0053383109918,173.05634983412997,213.36706073001272,181.69243245725986,159.5727384000818,170.26680780042187,259.76320897028467,162.87584897384625,162.90693086742087,163.7840951244349,164.52166240977778,98.44605499888135,270.4188238967255,176.0504899367834,162.30783957833998,201.08882407938026,176.02657259518247,214.36853071459245,198.52833047764537
135.79889289155167,221.22479085994547,342.9423114765937,141.68409985418685,154.02517275702616,237.79297910645602,118.21414359802196,278.1676374566201,241.05557342452425,247.52718923758107,134.39534945224284,129.25834778512652,180.97833097653492,289.5204021319465,166.38973115931694,244.34259158886897,170.4688473528882,145.61746643850316,334.21621112442955,255.20480508587596,166.28595155046213,229.0356000495329,139.75297709300665,164.39742578010987,104.49521475994318,250.33740781225762,171.11963148447472,219.4207794010067,200.41458658216402,199.71303606743805,186.78467366150426,188.92996015098566
144.41357172190828,214.13759714893985,341.19412741459615,140.14257163472766,165.79402877145074,231.14392171324576,149.45534688690915,304.7890500772222,243.7370176466654,258.06077310661533,182.22101129795783,134.7095048929565,134.80435509147947,287.06404791813304,175.9619194775219,211.66308861296233,179.71876487828865,133.46202491149398,205.22908771762013,303.94605532853205,152.23831995672103,171.7262486704087,150.85550723654188,192.0479842269613,99.73314766251708,251.01736160344836,208.0490818238627,170.84782295300693,190.65443339987533,183.94897431894142,203.16264797560345,190.6005124758187
136.20342980896544,219.11730635456695,344.5093901751445,132.94743736308578,194.22054226405785,215.79915888951328,122.79186124654764,275.33088444479444,250.58300464798054,301.9191125333943,122.1202007241529,128.99876469807293,150.1415160642473,287.4859322783249,174.34270868150745,263.4864411126007,176.37784197085026,129.93786806477772,170.59905021399322,254.38398070793346,162.9867679694728,182.68073489910736,154.84875245349446,158.3590915850386,121.56973279630772,266.51592416099794,213.10854171338866,177.24114949397713,188.54838143323838,179.9669808968032,188.7484052875249,191.37822711807252
145.82656791807779,211.15688580455338,312.11329073452015,146.29973003863108,154.96291404620055,231.11916594566668,146.47265475726567,276.00668688097045,234.15183562578417,240.37841540897023,124.0246524445697,144.44947884271525,127.75102571762447,262.32281137494226,168.074997148505,268.3461847987755,174.77137691992905,112.52221107163385,181.26159289979432,259.2169307591084,206.23008817225767,211.75218867280876,135.21725342848765,158.15584396040106,99.75557072514398,246.65888876588792,212.29752344234288,171.33432806088732,211.28296386746317,171.1605031639648,189.87832154059774,212.92650370330188
154.20023709650164,214.95342864938755,310.62066577227597,140.41025470273658,166.2885647258869,248.7384572595593,137.73134735884682,289.9897053087515,274.1928287949455,243.51935755557273,121.8423116742996,113.18614692561829,142.91336712131715,308.5420326428503,186.9407876596119,230.08739962459396,192.33210605867677,111.29612410158592,184.94444744621123,247.9710250538395,161.8475029601962,172.82785159132493,144.62878179301794,179.73403136842106,101.63848259841912,273.67549156696566,182.80757832625397,200.57608644145034,197.07188573388873,186.3039577641508,192.28453997996402,191.29854999939403
151.94027292462016,191.4733522799521,259.6217509125185,130.66385963724986,205.41969941673645,260.714382496604,149.54521057066324,238.31103051963711,203.4522009060578,240.9739054610267,155.89806939612146,174.17791737188628,158.34137396219197,247.57222288763896,114.8222680552051,194.84846764651715,202.872860638908,165.2912947395001,384.72018716390846,263.3211245965936,118.67562332808625,123.37257794104971,158.80755187771658,213.01736103681316,152.04780029511224,260.4875284358878,145.3558149066667,116.0571308110349,174.27414989565153,232.78441984467634,232.57909758682135,205.36129571512478
139.9656187312244,163.22332594481475,276.2150702879553,128.9682784440413,178.98321544011694,254.88871596750036,163.0319637733887,246.89300582897187,184.79875485592845,240.9165440005262,154.53756278001507,206.24634325803152,153.46405706030149,268.00908216065073,130.61801617953293,197.01583678593408,188.07426715120206,183.92306918836516,214.5838030461278,243.8929456992733,123.92698446116111,132.1502871837084,155.36819466266215,206.0978851398569,170.3888883742278,262.1724783515866,137.29679614405202,128.70392977402412,213.58229278924637,244.8733554114487,247.41275742499118,214.06574089019648
155.2300362276397,213.32590581365127,254.2100707071305,128.2477152052604,178.5573272803183,278.5268114273387,133.96826218169522,245.92886799099273,184.6461920488229,238.4081174994313,167.55683141956655,165.35150912636448,186.58198079343373,285.75346972077153,126.0186515015253,174.88572888160726,210.15450862463484,163.40765231867795,225.93584910167758,274.8642051504288,110.05316305399205,138.5692871440466,149.01386395289674,207.06207271623077,153.1825633098593,264.4889702460148,130.38041532020108,130.20428924946432,187.45799948735524,207.32204450900826,243.29739446614732,223.50341077044047
162.80274247207473,179.52071453575488,269.52666533001496,123.90531774753929,343.03123070554034,285.07380347327086,137.07405187318778,257.5690962405931,184.9301797133288,230.50102115248572,172.80960594178742,178.85541311085072,175.82102943740767,255.29016846800366,115.62144025789485,179.14727429085,212.52405149426139,191.76564539871805,213.02653371217096,249.1147301214037,145.3470434775693,142.00384200066577,147.88215289389893,216.42976810452905,143.22440203257395,284.9408838641486,135.20382063401567,109.85841230597822,187.78697686721603,247.06305330263888,242.78511615108079,220.7736094401634
143.38227261814006,176.095077135091,287.0483705676233,127.72445491667708,173.44577950942931,293.85798648235857,148.9828334856086,247.63557407624702,193.60300865158996,225.73752753456742,170.41307494308603,184.61907831980236,179.329015572154,248.8362484708953,118.77318358445193,186.96007941701626,197.90765360358833,166.61770668456435,211.12227880933855,287.49898613296057,124.0343715228154,121.76342080601353,154.8984793711291,203.36004816904557,145.8170576205055,261.5241653402437,147.6709779501123,125.50630446521663,190.74225982818226,213.52837490453035,249.9540662967208,236.16058115335113
146.17243566949003,202.17822006947767,265.58999722359624,147.23574485354968,197.44865259665988,263.0903963131747,160.15750432683035,245.01313791245582,190.34657294536908,229.17910725351663,153.71255246882208,189.1936995407817,159.81728205439566,252.93821532450335,126.43984559434976,185.00280902614983,200.58075334457791,184.94345409027773,206.72886494861777,259.7098956808976,132.1778562179959,132.7760418908364,151.00435878513753,214.91062952785313,155.28337429636377,283.0917143684711,141.72396524888046,126.71667106823205,190.86430013429538,224.05199703383659,267.55367378411995,214.8623775326679
160.14500309566142,186.35199530898655,266.18797102995165,127.14311158216066,199.4041057102526,256.22996677486367,138.2608098283276,244.74965257769395,196.31672317955108,233.69841827175694,165.93668751127294,184.44529970314807,168.52388643311417,239.60977837598435,130.87571603692766,184.99801566954665,227.33127089715313,158.0315362296221,219.4143558219877,250.95328618388024,112.4229766220824,165.53551282535386,135.83067990474777,221.15250121735363,141.63071739083597,269.4937781729195,139.33670851398395,110.90282696946969,225.27659841524599,220.45173067588905,248.82389634786557,230.81285649210673
147.52453618738562,184.10567855841543,253.89533719047589,123.59247469784826,187.54814400459964,263.26392253485113,152.192758754703,264.73780678163786,213.07347507048948,245.39433006997626,158.59712562224752,218.7486218547612,153.1731972892506,243.5682264848761,165.02221987274237,173.234428868037,194.10750157389793,165.05082425737837,223.86968971735672,263.9221608286714,109.66258460748139,141.1018812950731,145.8566801470912,221.01974105126624,157.69072367587998,299.9147268947626,142.65521308779702,112.5408871966714,180.718755896301,208.05444540747283,389.9255628650907,212.33769605087167
138.3959621319427,174.3900944038538,300.5387830209635,146.7219080978343,201.70651770317141,259.7990140421134,145.20583304132845,242.9220018800187,202.4161536223661,239.70679253709514,155.84113967836882,179.8590415664994,169.46629375269683,255.7828178903875,126.76290924687353,204.59879273372508,198.3896621231495,169.7649519682832,216.27145492694376,253.53777707180637,126.03210160059842,134.49651428102104,182.85402392520825,216.99967247582154,142.48830249577293,251.25216719871702,140.83251282795504,159.12584166349694,198.6726528023915,238.8427888588013,252.17918030513803,223.6411642884333
150.09032866719485,174.7511623046909,259.6252399957956,118.2934334143855,183.29066406284804,266.97882475489166,136.8954578728572,256.92968734208904,203.47284582595512,231.31148254839155,166.63176040675864,170.23793161747037,158.94197496310045,249.7046051300038,135.52589499292296,206.9047522757436,190.41247263618808,159.66063191599147,216.2872566086812,252.54566128848262,115.92802508028821,121.76708137356982,137.70126277740775,206.04532951688643,148.8631826363094,399.55599934194515,150.70883945584092,109.06766810880748,191.86028237152627,210.90264169379654,238.07669694959566,221.69572450630633
141.4010909066356,172.43433296069475,253.09309350575379,144.95165071817982,192.70227500846482,269.09951280761635,153.4961147766838,272.8349927658444,226.02368264976263,239.2702261734483,159.31438108920915,168.79146925256413,147.63327093653334,240.2043251689738,122.73482277625527,184.3182292155853,216.77793178471813,167.18506688986045,239.4667925550957,249.70034330204413,139.51271751511862,136.5352317716724,141.60000548666684,209.3856200853924,143.5003871675632,429.02933338267246,150.0290979730036,139.52431863237047,207.38770612478473,223.33869843712503,274.5892865012633,229.393126606434
187.6592576863502,186.19602039869275,284.1636731823314,143.51362687324067,174.5287107151688,278.8817327572147,159.4742599628783,252.75790096031997,206.97949439076464,225.20291358189513,161.78185161480098,173.20608917559693,169.86306894684827,258.71548018406344,120.75018490417038,171.65512073574388,215.6987272962614,168.97107514515363,213.9472151660416,268.05082570309503,116.2160729916659,135.99488577827168,151.17231348224834,215.63009841708418,140.321345984704,261.1552486039025,165.69750190614283,113.65742611506626,189.80440067749578,212.76296975633466,254.34478215560648,226.77501537755035
156.23979279845756,171.25574664986087,262.12002810197396,142.88654638320364,178.547346359105,257.54039707185524,151.51144038006328,242.33843799860662,209.96373515385812,219.23420722458815,184.90475944421317,181.5838178537636,152.0204495616583,249.27269977083586,139.55445442664572,169.02299994693118,218.37706720393751,181.23468916278975,224.13268220428233,246.79646632564953,110.23825867789118,137.1041190171682,144.84367709961217,210.73646690408705,186.4609195878535,256.1470863143681,143.9175723708222,114.95327867873931,177.12358621431383,217.49816351539616,238.51145055834488,259.0383218610441
153.68943635907797,175.61527152805294,257.1060295832968,122.479660238811,187.46199710543198,272.3283930829345,172.3073958814773,261.91666207023235,398.4752996241086,220.9096823902578,180.36411592336884,232.8810372736162,162.10036457013976,296.4476330998494,126.84270357279853,177.15650192491808,222.18265230282645,181.7594613430819,241.37698600937247,270.2954309314718,131.21178919641073,127.54528236793395,147.55328519195365,200.56476513479967,136.752606401492,265.1446090934904,153.76963941279428,118.04677893078194,189.02623465233822,209.47672036383753,239.18464866072316,205.09012433020976
157.3614841698473,186.44182038492036,282.7489717563197,130.00814091991336,201.18593222587327,262.01097618383056,143.71231585780956,255.65974079101898,211.65449939755,224.68357531006254,163.60305860316555,171.09077103839982,178.13183219869978,251.94167926678523,135.49092196801317,179.56667198571674,188.58449560521285,159.18128058788065,226.88381907472623,241.99812003958596,124.80076216476215,162.35892046632347,156.10293644381343,217.24142265926073,151.6738924197977,267.8388981024724,127.95966473590292,125.85299745421418,194.84772637785508,230.2356136828354,266.19763717227323,224.85876433188747
157.6438858666221,164.6898783456864,255.13024901307708,118.83693021293732,199.71893289115064,270.8214230723676,156.65051240110807,246.11398082090284,200.5136652418702,245.02530983920082,163.0606086929465,200.53066279775103,199.30236564792705,249.94249959852323,122.768677701642,177.82086763417348,191.73528182309178,185.71603185962212,205.4310233031288,251.53815172737603,125.73447613818834,131.29115265047392,157.11818507999425,212.34838830691373,151.57804245263026,269.66491201132897,126.21315948752871,114.97595423743267,200.21255179400086,209.47888840595525,242.78756324339528,205.65453950314526
154.43657886167574,180.75980973222352,259.54335961636224,138.83126470331501,179.22370366826573,253.27231834301966,150.7324570656944,254.81198039023843,218.46130469400697,229.18212259304707,206.73419289367632,167.23142319707648,148.25064472247198,248.93891811053794,135.17815400110447,222.0978295402561,233.7943509916373,160.97131450321172,209.87856096021187,256.208300233018,125.44152424948437,123.4930277676038,172.56976178602372,218.40018233938204,141.8699110729505,249.12082899488513,132.77297999021616,118.13906886467049,182.6961619890008,238.03224612569647,240.28080791419876,243.81377637804636
176.4155762078207,174.4819388702685,261.82962363643406,140.14416728924525,204.63990455439165,278.88337378881306,135.2564763683815,257.16353404689903,201.0037853065333,234.46651754509423,155.68089539068177,195.66640431880683,150.62475306753316,242.81611591315047,148.712553439232,191.111660330975,213.4495058773075,160.4654452891097,213.27650013820352,272.81386899016985,109.26964207882976,153.76363214125396,137.36033514807846,227.34429671217177,154.10064983096288,270.7487418523544,148.53922910159434,117.40867983489564,202.86890295342516,226.17996048880656,242.67057262688277,234.95143066649013
153.44908118069688,170.2157957273496,264.4752539910618,124.11890527634543,186.707326776222,258.14047919236083,163.769208934269,254.62215867071447,192.0394453218137,273.7233649901117,168.53213149468567,194.58659127503358,158.3849811779865,268.87144985550987,131.73180924507898,210.98434931674274,201.5571779881359,173.49884529667264,219.49786313050757,264.10770346795806,129.2345261758603,145.91182744698497,158.87789587013694,214.35327561586212,174.67994260117246,255.4174453309686,140.79416639344623,138.1408280163199,188.13934440699444,209.03465345388344,240.25487251841054,219.5840324515844
161.36501649238866,167.96784006432202,273.8040291535214,147.63593532717005,174.37842888000282,258.38310118068597,141.7620800974502,250.36048208338627,198.82005285717065,239.0150518179268,165.6671537507116,194.8581607562356,161.3987172049653,256.17158723844483,110.24560621661685,190.59081033093204,195.5111610149692,167.0599081245672,221.4837828867334,254.65744598067494,276.950497271926,146.7735892186161,137.40191237947394,204.5041172253789,147.34155391367398,251.41004376299446,191.65729990311226,122.54183326003954,185.82557325773814,204.6412998410326,251.03282108529328,217.6463733726602
138.50369473970304,208.83512285110953,260.38770120957946,131.69121209946633,194.77087145580919,266.2479958492455,137.00174943404522,258.7782302375935,207.51894481338837,230.0388548449763,149.16004686527117,178.0616630551459,187.6438802651882,234.91242603468362,120.94218318574016,183.88609561189787,197.87468592291813,193.7698861034611,210.66055512780952,247.63813151049922,123.78723079288616,122.53139095651603,143.88294312606905,229.00600128828577,190.25406185069104,251.30679541762203,124.9579954419616,262.4157379797569,208.67739604179246,213.267153516638,282.6696718321803,205.63070352816337
141.99700115383067,173.94317523086093,250.49695775072715,129.39963330601466,182.1500008518845,288.12396333768567,167.29842453177199,240.38970502743302,207.5602904079226,230.65957319347936,148.58442523528342,178.1825437472683,181.91550715232339,247.89104887439586,140.86641923281593,204.33771625239308,212.31960332743563,163.83165093929796,222.6037701694455,252.56186377737353,153.60679634312538,144.77166422222487,140.90320655720544,222.0312669438491,155.63387063372926,412.90237579148317,131.58774323818,108.00675225527455,177.37830615125503,228.70667688883728,244.7572027030931,209.22413427344574
135.63820460738035,184.51463028725502,284.6807723706011,129.87022972713618,175.6333069387012,285.4815833098255,131.8896451014125,256.76997815101237,205.5016786236655,239.9392167092754,156.5829906933541,201.5669869490567,168.50111900742533,273.7230434243684,110.6984234850044,169.49738840557725,211.23526501653086,162.84205903729804,220.91506427275107,251.8866755210481,119.59742944595018,136.90123515785825,145.9443233716116,211.10679968909199,147.0405809054506,263.11020695397076,148.1554703141837,108.85465355422772,188.23799834706085,218.21651896418103,238.5349818821747,214.74763888340516
143.73716379470946,181.71444244306474,265.8743257913029,136.21476455098522,201.15076595317956,264.5268432473811,159.15991218990195,255.5706758196149,193.78175682054277,225.1454564351766,192.3473890906676,180.24770689176785,187.1427682081059,256.6164016537664,112.43586072566502,174.43277167516382,227.0639913008321,157.67504820373043,249.94848036583056,262.57139276121353,123.2379319410122,144.14048134063023,148.32166991203337,208.60246446088567,141.98351434167634,293.7440572714737,134.789439324268,172.88832011447832,173.19673974133715,219.42950103601413,242.39505505753317,241.14856491675735
177.74980944587793,206.0844520470257,278.2019118501946,126.27723155992018,172.51922678248397,281.86572624840085,133.94495929933166,247.0548185732798,188.63058735644984,245.07816475818623,174.08416273468325,179.1524920896449,160.4302467363531,238.77718242261042,124.0238991050726,187.60011664671092,202.19521268395368,171.13127258405802,247.93946128463517,270.6843562351087,138.14423438115801,131.95480834511724,149.60276574173102,224.27044260787238,156.4333408915157,248.32457727109795,140.3508206424936,144.89137615511012,196.21826357778465,218.37473861346362,247.90611706942127,231.75658415249396
199.9240298911459,166.8604078205665,250.77797312944904,124.85832967271779,186.1918179805176,257.0706132384522,146.7144938265072,256.56780269419386,190.5230597960503,222.80515476031547,154.22998036399048,174.16234371654392,159.05752358618273,254.65611961590042,126.67105461454804,202.98730003693993,216.98381623652747,172.9910572977332,208.30388000090278,265.4907647245139,113.53075041209863,129.19906560698058,158.82499770393304,206.04110807255512,153.0839500108266,283.9349942886145,135.87950901272646,120.08855716258833,188.07804582163766,266.51199742950644,247.9855423036971,212.14995153371163
181.18006203472785,176.40527023012075,287.01896591170794,132.88030447506102,187.66519648985727,285.03115996728144,141.66949783401017,246.9975540064844,188.58533051908356,239.41744698725756,156.64134391330094,175.95641937313138,154.98448454301553,238.50289325824943,173.78033072549633,177.45354644644001,200.39991023757912,173.72000689039695,222.0595405311275,243.95512758849213,126.50553178561245,134.12353435827535,170.03253161594537,211.0675260190042,146.1354115248085,300.7496010655153,144.45846777140588,133.81765289733954,174.20916181050168,237.87150410346675,243.370657804516,229.0052649631441
186.80028148903298,178.09312915771952,259.4550278868894,115.5623253470986,176.8913532638385,274.46878862543986,131.38358912283866,261.210394172733,198.77854987611275,230.72682522532514,300.9591002100116,180.2409194788145,161.995682319487,245.764152395598,122.0722631782687,186.0945700424278,211.70156784430543,212.78812909997876,204.8421878487055,285.16312483730553,116.22277551513015,138.06014099439813,137.82404272896596,220.89048733220673,148.30675619364132,258.68156245917055,143.8809125490402,116.13864241866858,186.57296218757574,235.69269236166988,394.9832075425603,256.51219689862637
152.60197476300468,164.1280942106531,259.77392142119766,158.3126834453006,182.38192581240062,267.11597605955643,134.9539220254319,258.17245925942035,192.37653530717853,241.07849454208966,187.4564644368875,171.77526152733,146.0690492466858,255.83841801314884,122.16159985402447,182.65576996297088,194.555091354711,181.4242606838044,231.20892431077283,249.4550955146583,111.2526233967194,127.05072894502044,154.65560736525515,206.6615508752487,194.63501373010263,253.5746953407094,151.4468953501549,126.52197166528454,180.00710205777077,210.19475782590314,241.77196751914383,216.49358620348326
150.68201048710836,176.3046417576518,251.67579935469516,131.37032295670875,179.14381283553953,251.18540687862927,144.71934015742158,258.89033953610635,230.7890039138784,264.45572245686446,177.15987309341395,191.52066233065062,149.8157989116753,244.47540381568447,142.69336918323177,168.1152912943533,188.66604999273702,172.4017861164304,219.14569689686692,248.77521995014507,117.28197065750345,133.89856856761182,180.7874330535157,203.9922224425022,148.184225095055,246.71220515561222,124.7645304661391,115.07881541667837,177.8862384291704,214.4273677174841,243.85578259216504,205.5330476037394
161.28539700395805,200.24185925391947,263.9972158224263,122.24112005376632,194.4946456040121,266.55704040768757,140.0087838921794,258.5609787976707,198.58799057775605,231.14866558041476,153.737724941259,189.2525056177466,167.70037327863525,257.5473874548505,173.00650371522758,207.67741703412568,200.5770261573253,164.21676779797332,212.80935559685474,253.01407968755856,128.6587194784639,141.50384561802917,169.9352043156534,231.35945220060358,151.10617840715838,276.404792506014,129.76423395128506,114.27135493859181,187.8489551624397,231.67457816860247,250.56488746886862,206.1136034403405
193.63317179128583,208.7835009999479,263.12635313245494,165.16776918186304,192.05239766397335,272.6240024519129,141.86713625724911,244.81034536776585,199.7062850197227,241.34677835708527,154.7206172893665,179.61840011781808,148.1064026143441,248.96056962727369,118.03590407532427,173.22606033223403,197.97800161507453,155.4163995741349,212.41035716240546,270.70025220081493,122.26324073211221,128.93574647520327,156.83631958207033,217.37368456060355,157.70095424695003,272.54499256573166,131.96541525201596,134.47751036048976,183.1185179505422,203.73702454599672,260.4466614348008,211.86425126540848
168.70944959534648,169.143316453936,262.7035890854676,119.6708433138759,190.30536215378277,254.07594248340462,208.07260851139898,279.030700084672,215.8039346397917,226.03640091753414,185.5868589589817,165.33197234983896,177.98850329950164,250.6483401108651,116.4743032473297,215.7057041426897,213.24061710204714,174.41364858135816,249.89969766799294,246.27039451920135,143.40935610704395,130.36252700883517,161.90462292557888,243.07172903431075,138.86681355213693,254.21190730811412,161.28428731303586,121.47669223166866,182.15621803048347,215.79898628557515,253.77422352435252,214.94425577500314
191.85863417448044,182.2563671439395,267.30229794852403,138.8366790969365,189.04116660834137,260.31841310253276,134.0562187850637,255.86022758296554,200.0280164062047,243.42847034022577,180.90117511431887,172.06538188904958,171.00207365666475,275.36994737855895,139.81620182541812,181.69726335458992,206.19922642731908,160.9624083067213,248.22197181292702,256.19099727487685,121.13741045218184,124.46039153705762,152.30588708071352,202.52846633517058,179.7580353032572,248.6468787015079,127.32833087724087,137.13305697569587,180.1889466384012,242.0922951656176,241.52649173588242,207.9796068240119
162.38163852908025,178.82173734643465,292.6518508312942,150.96813628645015,198.16127419935273,263.7679510917353,133.7715112739405,243.76331047220012,204.2794550550185,221.98527262541856,216.04424791752257,172.9679775521413,150.9252890707518,244.2881540649584,115.97154379558269,178.71138403767876,195.6618757246266,172.17688257364955,213.6784213849981,264.0084274021124,128.62162813937584,125.22357427814815,155.3953614159562,208.89440948264254,172.26647009652874,254.6147652669483,178.80468622443186,124.1050746594473,194.09603902212353,211.88042544111195,239.80312043817153,221.91147408518916
145.6786334501313,214.0355582668305,250.87598575899025,124.36316433882004,175.22057819206464,249.45449045773623,135.23623291154863,246.02332178401377,200.14331228712885,236.4804972170734,167.259048284799,182.24664750384986,167.3659493624677,241.43550905054403,122.48035312354541,197.7105245010339,198.76477513895304,190.62349970103702,213.0696365230865,261.39724762631477,110.29579688160904,146.68851526487333,156.73512205905263,203.13670560795487,170.16804568751513,256.506239126154,144.75485594151635,118.60466119694505,191.4774442780519,213.3931448526267,241.52060256060662,225.51219778968834
154.0411375322647,165.96205808614843,255.41336292462066,130.27435462120357,179.7769453798613,304.41175265833914,148.94938424664068,272.95442707646583,198.03961271839282,260.61437513233363,171.28551676668397,181.63008387161506,165.6230198484948,242.22478048374205,126.41278608668682,173.27840640673267,217.51401565155103,166.1557936757083,205.12251696078408,241.16837911952945,177.5291355985084,127.89562509906399,139.02789519696276,203.4481307816372,172.89406381585755,257.6947463243992,145.9931709355982,121.82999131707028,194.55052915021048,206.12714799727416,241.80673257199427,233.14725164643744
152.77948080160496,169.65467547843562,283.0708111334094,129.47309323231076,191.6895403126938,258.8300402103474,141.70009286430115,253.9417295459848,208.3721203995168,260.17179076254723,161.05541969987155,161.16166696452078,171.09235157988914,269.7610783673741,179.43878770493575,172.77908383467732,197.14017173038377,162.22556445007135,241.4045928057082,244.5432053822929,117.93401393610092,158.3776309426681,152.2442514359828,260.68566020602464,146.29979852590003,266.1708780207577,132.81747017041909,116.24050148958186,192.8673499749512,222.53690779863055,258.9676801573886,206.76596152447075
171.5990894748353,167.62100021095736,252.72675336411132,151.2915185107442,193.81955454141462,252.7883873761914,140.60737713034092,249.68905218034385,208.5497711164641,229.76104136575518,183.04743654130286,169.5314767228585,155.93111844247736,237.84541254896328,111.68538170358622,177.13597134529795,204.22916873455142,174.83195717592986,243.08654043642287,248.8981564061518,149.88704249928475,160.2458996748575,147.09295084621422,212.90648229109019,152.14896859100548,269.9909384281552,137.63893427133897,142.1810143938544,174.71960430938017,216.39171574227095,251.27231708559162,235.37315795592403
140.9543009719008,175.43766255430495,257.23365413453786,135.3858008209165,178.76894320157618,265.0174582705074,149.88734757698757,251.7802962383362,221.3318784466532,232.7943185187043,151.90030482272542,169.3346959453586,162.06104094319886,238.06201242889873,117.71484111564935,198.15899426359476,232.11876290856813,164.82153743758627,228.60174963740326,250.6097411600811,128.80614350149668,159.31467525987082,140.98376039253006,218.29506009254635,160.01924505384247,258.4578608472621,145.70958794879024,109.66734829781414,184.37645791039955,212.01955512070168,241.70971488180737,253.4215478316049
137.82797605588954,180.59141974582553,267.7584230023009,122.22024927320805,177.75423570536927,268.745132739587,153.170141593734,247.12055313204692,213.7682472088488,233.4438385237847,168.65673783442102,175.53180986175286,156.19522866939934,248.2302803702653,113.17305176042467,184.05513513718827,187.7103836190774,161.08525793150878,230.41536464414872,265.8783686946545,118.03572798979613,130.9735729870291,150.49390567989755,218.22275466549786,159.18042573401817,275.07513198233494,164.48849452651268,124.01284137075433,178.75833500432338,221.55955202745236,252.88403520856446,224.2935921160164
136.47615257720565,165.48911971565414,249.93826962179688,137.49973515747197,191.60843673534356,271.6845167683405,150.8872769494281,285.5142994762275,214.63759389592423,256.80722180978864,175.16034336252113,162.7165327828894,180.06638253161455,238.86640061330465,119.36747545475505,200.10343358880465,212.72792984596953,176.98199189055958,235.63524225994917,266.6335466475019,132.2849786370423,140.91920944820646,135.26823663626735,207.97322159441592,173.85790867736227,258.20068832451494,131.08926739244478,126.60860620049596,194.54451411903656,215.78975848315605,247.46217079310003,236.8075731538172
153.32242128534295,182.4287321312154,255.21625157361763,119.02192130178202,187.62791772222434,252.64096507506721,140.61673269739785,252.6281488909725,208.32429945395137,236.9567314541312,167.92547424938897,177.4155482908257,157.7003063862928,242.71443516814307,128.0146004800161,196.56126539446052,206.98793425969612,164.79805229289138,210.93636781660774,266.4458315909271,118.0921949320517,125.07169834869053,147.46939358161475,217.05551730215515,143.8412373412227,262.21120833684046,150.70665700427816,119.50349614323007,192.94551664508688,358.9618637947701,238.1920972719324,215.71529184650862
161.5406890678403,182.64067904666854,266.7159132523273,309.09751456924613,196.94984222702445,269.6802237388496,133.56361293366274,274.4324693890371,191.09481621815272,237.4902191213892,168.72807704518152,180.6564374145693,148.531161099527,261.89426638477556,110.87594694350024,169.38345893510092,211.05978678713942,189.11118519393784,225.4325196780459,255.5493311709801,127.87124735145795,137.48752894339557,141.72027089041103,238.19666932546556,146.7993373653258,264.26184537896916,165.2356718695314,139.84057003286733,173.7650943542963,282.5227227400758,254.86016083771955,216.84040785926837
142.45812470387227,175.01327492649673,285.1452712650517,128.92878781796742,182.3360925001559,282.4908729272587,139.4369296888762,243.71981544982967,213.8010765080204,227.3149675112227,170.15917818555573,168.37788498211302,182.03034310900193,259.8646679460909,129.00177060054378,181.1926166970938,210.05917399542886,161.03844686172962,236.51500825726384,261.28701590518085,114.99403087243083,295.6133210411459,138.1544490871026,226.4919910796584,139.7198637863218,248.66391509522626,129.7400648170113,117.1205413578643,198.62021649319422,210.35272751619183,247.29739797045178,218.35611547894814
162.8046272759645,165.26540178801432,273.07492308755513,135.98003752702516,183.7960835827213,272.7104484941278,136.11960815737464,267.65730565065877,187.59171161701676,244.16939344542038,148.23598746990626,210.72688181972765,149.25179898311504,247.82363879528464,115.39460135968763,358.93209763130267,215.97420333634267,163.94602023417104,218.09283107093933,247.79735384028677,108.87461678444285,131.44987625109155,163.74173576475334,205.23434752412362,162.1597804053646,259.2091086862862,133.68988397532112,126.59112918995757,177.88801650524155,219.68212326649967,245.9593860161558,225.3921524228665
168.7486870728866,207.87995133500362,250.3932156074778,139.38374707702545,199.3586402418446,265.55403027990496,169.74147241124368,238.45872187898837,199.8425465306284,227.27226908114795,164.06150743651023,162.90662151126313,152.78261141059394,269.5698806865494,121.77607377978525,170.35475857385265,201.62440907221168,174.49915901235215,245.4768864534122,261.17225480989214,114.67917881668473,146.0775069351433,141.09486213662586,414.4569250991958,151.2826284503304,281.44337195524,159.4400553323082,133.88753411653963,196.17179044994052,214.20653125672916,248.13152260984484,212.38203668764913
141.3703702903358,206.4865234426845,256.42724478223624,148.78210246522266,188.4051128813641,252.38689357041054,153.2849591519353,261.6749061953072,188.6396507288089,248.660946196916,154.1992690652699,166.03805461064704,159.28950747619976,250.20073834948155,113.0916352273524,193.4290215999001,206.98460453349264,163.81064437452434,220.30283066306265,250.98441012159392,115.49816786532665,134.36283278641704,150.81024069583086,220.5395407293247,180.90130921987597,260.09466404529667,140.9177714158342,138.5739648702407,180.51423847312068,204.9884267723628,247.75010473858245,209.49004788839653
149.82705641740583,182.682102149145,265.96384197290314,137.35290157376735,194.3311962949104,267.1772816474104,152.1824747345286,272.1120730588852,198.13162431489957,237.80409633904137,161.61757033118045,169.0709469118187,171.67420365670924,270.45594298474583,117.65399139393537,199.1094312885064,204.69260734286036,178.54423873389334,234.68748963746788,303.32659029153825,113.17715921062066,129.35044960775818,164.64626349713302,207.91502681560783,142.6198935205054,248.65968761530186,134.33586031557272,152.7504665302613,191.0496852668425,204.2485289084403,241.74506487200694,217.99638947798798
161.44259513303598,178.82246440877034,254.37719573088674,133.57335281824896,174.2077694403372,272.7594911500177,144.51840781856427,271.9634436293588,220.07593851025356,223.07295361523248,158.5552839176069,174.27545854010768,160.38744931701774,242.77090283625478,122.66226675860818,177.2664086290622,212.6411130674622,170.3846705177055,250.55978537279,275.15079715362765,123.68949510463949,176.25107608933308,149.48432982200475,215.24491213664996,144.16301279884522,246.04316489046974,131.99251575137075,118.6609971983338,182.80613955214866,223.7628081985565,255.96773397646737,248.23529043651877
138.7552827438352,170.23720862264472,280.05645055844366,124.31315681833851,201.31908463714805,263.58227869183844,138.87703621397253,277.87274802502276,193.5177132671501,227.46731832092811,164.65270140599924,169.8582688474433,156.97087229808267,243.67705166478493,128.50928865125886,175.41693604319897,201.451778900092,161.71542254413913,271.9853271950632,263.45043913048056,133.87132116905804,163.11565072637984,147.17391483178346,222.6308620113665,190.514896951658,250.82666485011225,133.1301676241671,117.6217250820696,208.8977385507167,223.71913857608564,238.67391385542803,265.886129880278
138.29199165830968,178.93444695111066,268.62092382244117,119.66978875990156,180.32269321521179,277.03083702466483,137.50988104627956,244.08217482957411,201.58848715464342,226.913324885528,159.1507366479612,181.7643961952192,168.43757259245928,251.69752096767058,164.60214093308164,190.33752088107136,208.46851931446417,162.5343332904229,217.66286649268557,276.8925992827939,120.42286182723976,142.30308903562965,148.66859232957216,269.00818075145196,150.99621792637888,270.4666423508899,131.37786542452835,120.74269160147887,182.85030646824114,219.77945352714136,246.97119245761286,210.59352239672222
141.00955316217517,184.20306262639699,265.72565924536104,133.68631749675606,177.36688182993834,267.0326847682498,138.47879596271295,260.5419637153789,190.49670219045692,227.99520972580353,155.6421885734856,174.13647988469316,154.90705293179,287.17268129880256,125.97108358617923,188.23672627628684,219.3570324536918,162.37735865289477,212.582118022728,253.62292845542518,131.293742677218,131.5893535106054,169.25722529312512,205.73558057774991,154.10358388276643,265.7269741566783,150.782789412648,112.9573177441009,180.30549686989482,209.15219082666235,241.57978867969052,219.69775542386816
208.24980849756702,173.42197090892114,255.79652302302057,131.94620956818227,186.96991802360955,268.6291027756449,147.63376457181673,248.32120291843816,205.27730988476378,258.4255467842182,163.90151706360948,170.51036209694468,184.3447646560613,237.49714125341495,130.16544337317114,185.16436372636844,204.48455611530898,191.98401642620968,273.04128611788724,250.43422188420124,152.92246623422568,122.70252307247057,170.46115644827387,202.43954497500835,146.89373003125672,246.32231389473367,125.12823073104607,113.45733925751526,188.4531498986452,205.1718690732284,268.8983876236657,209.98724914006874
151.79736960986068,182.948470916908,271.60924447556107,137.1788095176494,178.9752638940064,281.20905431268545,134.77058177465264,251.37483017290415,201.99290953889263,239.23927610377999,180.17848560517183,182.6322630907832,156.58738070273188,256.8319458386452,126.70107991609557,223.6985322106565,203.3260796675337,173.11163163173194,219.41317279986487,266.38322763028447,140.64941401065676,147.14685936551362,173.6291893090642,207.14327089824042,160.930029529761,263.21599983434214,142.2729682008683,135.579223745436,177.50878380024443,206.95737245418468,258.7871165153493,217.78580903186455
141.10674310163753,170.5640058896577,271.3124876952417,120.65688138965099,185.8807441875422,267.0927011166158,135.34820402860714,253.73771885219418,211.03061379129602,251.25020794106072,159.11032083455146,195.77732514443917,180.20303481435027,245.93266212455978,112.76575962146791,197.14244862567824,201.5843858143475,164.5579249076291,222.02369599050522,256.53190183690594,142.88981498232064,141.9662294208248,157.9926988347924,206.38080906386324,176.7359523419766,263.5649084641364,131.4933357654682,119.83494236060432,189.72619750772907,208.9955207585644,252.43471420316428,267.5643414229369
153.03073336051781,164.59236502285694,266.6309588166507,128.12119338027676,181.17730310562897,280.8879389810222,155.48356352798177,239.86316369116264,201.20478475793024,223.73137338287438,150.63951839533175,171.0570413656613,160.8938819488364,272.5260862074069,122.50558153442435,178.00023219207807,262.89395261897755,167.9056419032622,223.7343225647718,271.5204565437265,138.88793048747152,133.18726497431342,143.74204066571866,209.13919755986197,138.9935333697345,268.8545305337776,130.5215514507968,138.2604424871166,191.76460482448377,224.92536374867075,244.44851528770056,235.9437375792823
145.97970229742683,184.04427025342747,274.32346432845276,146.09178912815855,182.0237025606446,279.6701985559317,166.63035606751004,241.49475464479994,219.89567741688722,225.41704432306986,176.85505169317182,162.84514194334025,171.35566333389045,250.56937008582528,115.89239518170544,188.04410466952015,197.90327466061296,174.67941546382292,219.92690809182642,247.96201125725668,114.81791719964424,172.2601106211617,170.34166701676335,252.4032784210533,160.98359128189907,251.2250845673496,127.34058273030433,157.78215811079173,176.6920648377678,223.5703792122452,242.1755650957393,224.6932905141681
149.82390200524716,201.30319458306906,268.3978594239292,143.57890381423763,178.74257545545905,298.9168540536596,138.33746452630064,253.20926961594137,187.99314814224377,238.3340454341427,166.3167944758583,171.62684752052382,164.71682415477542,244.15716523069577,114.9851660509908,185.84578029987614,198.1267852415882,183.67611413082327,223.05590421797683,277.195067302025,129.11382041167332,130.91432098890013,142.52906855068343,211.4172419301562,142.14069007032438,249.5587059569136,141.02581518735778,120.00215020449784,174.88610657646979,236.21508231142096,256.0330315291227,210.50639646143168
143.4760326372678,167.24252469399048,263.3728054013373,121.90566246496836,187.49404268907645,257.49394741534155,155.81690455586772,250.01911830395494,201.13019352189167,262.34846198876403,148.1633454147032,166.35016316294588,147.35693542196194,246.11026960871953,124.53689659179325,202.916990217099,191.43252515547798,164.56929147784064,225.32952899232745,269.11195344156306,114.17772299989531,134.19590870624398,144.05977912759224,199.2156838580198,142.55791990250344,265.91586089761216,126.37749606756304,137.73687962670792,189.6001212866954,271.9851021905539,260.27304561651476,261.7373043308926
150.25261220448726,162.46336293336168,272.48165792557415,115.09698483250523,235.19438654703595,257.1585540728213,138.323427899504,258.37985235160494,213.14749601639244,280.59095941497645,180.41323734863516,185.9411909894365,175.00668525292735,248.9236225171407,147.19687690725206,199.66665219048082,197.14005847771548,157.03308027410722,224.31091456189574,243.85340757445906,121.14613978191554,127.62275916575355,145.91428778551546,215.3852820175866,165.46715147777002,267.16289949035706,165.1019154371165,131.01072640004068,188.59051046946342,205.0844596732831,241.95995644541023,213.7085670609999
139.0035171948015,190.44917352700898,259.5589422776596,134.13049742433185,190.84968237183278,261.86309202611307,146.7540959387078,256.8422248719561,205.2944292341763,241.5628940846598,152.6284579530214,194.61195626319926,169.61812970024542,256.3218585293966,116.83919019720864,169.02764561177776,223.47946228662573,175.09728898870705,226.30625069735905,250.67777550987168,127.07250210473988,131.5584124074928,136.72618935815075,198.17639281100048,157.56269066892338,254.52380850059032,128.3561737642696,121.65773933934874,192.4511385575705,209.61323195357835,250.07650378585032,229.61991869378892
181.78807674718536,188.31671616461722,255.07877840795072,131.96945484985253,177.56485412192765,256.79565241372285,146.31765106476337,262.19535910710636,196.17735661169465,231.9767335441121,161.53625162568983,190.27493971352666,188.88271166952467,285.9197226474561,115.45311791780564,178.849114638939,205.0402138902499,156.07240402629876,215.08580679852406,260.73950906458725,119.39063197129359,127.77168164271157,167.06045132031872,244.7201738269469,160.04885700723162,254.9903775330983,162.18422308534662,123.68545060047816,187.89366411024957,230.45924740183239,271.18617639976003,253.7881492276672
144.27749796622322,175.57830567739316,262.89076687177266,136.5356235646269,204.0556767923771,277.0371166346067,148.7341874584296,269.14363950021345,203.02615480046123,249.67102229846233,165.0872942101617,172.53928544622468,165.03768354729382,244.47531281591444,114.82968703026341,201.98125987682658,232.52026039145306,176.0501983811098,233.512832619724,265.77986032569714,116.76949813259816,132.62397348699798,156.21187678242498,228.4786945767163,146.90014039625285,267.174991828276,156.6715673843053,127.92094604991865,190.80739114226458,204.99309812009682,294.1448610447449,205.91889244391265
145.64116473465,185.1965534913113,325.630858110865,130.45093830769972,213.32501574527473,251.5142100710465,148.68225742349662,263.1224904169362,220.33693361022878,236.11125089514152,158.9199514083075,172.89193337859794,164.93660872892005,237.2112287523925,144.93788596582647,208.22099367832485,201.7317038176038,193.5637500080952,215.55482694748727,251.59838192425974,141.9936719892189,134.09504363700404,143.0535397378911,222.5212313569077,166.2280334811853,250.7494409683818,133.0364699282945,111.86711577755155,183.601720951415,218.9512624531933,248.6953684856201,204.2609204223083
134.0941349652527,181.44736367607243,262.2501812311625,164.67476172191857,194.41982768805738,269.6344988896045,145.51230960318364,277.95154260670193,209.64850200534107,229.4550817149896,198.6052024856273,175.8135533511205,191.91195633219542,398.1047600415824,122.1735930312681,184.26323742566993,196.20273259379843,162.77697684980447,217.1515884848259,266.65230401337806,135.2494249693335,134.43100684724985,143.71229348654472,213.18678624946196,200.8905247515982,283.6613602594755,130.57991231906698,113.97205611219805,188.24323334532275,255.51597782395933,245.95869403113494,222.03644205778073
150.2554807075849,188.63909115469153,254.69249570466334,130.07849848222577,180.63005659734796,263.0959305811266,138.81430744188376,245.29111995985204,198.66904552309944,235.5538025404433,164.02199021354022,199.12723479956105,170.55868619650064,244.01276843288844,124.97152458734595,169.60736974063897,207.52461482221526,168.31637019219056,205.8729272846643,280.72808789775473,131.03031214214604,138.828084133974,145.7838662873502,238.85100206809773,184.95400929348867,289.4760293740093,129.74327865274643,135.87078542885303,186.28289694221021,221.72180998658345,243.310557149906,216.7914170304179
139.27736171955308,181.80994669838262,269.0077067943679,120.11981601271822,189.91351449607052,267.29790926966245,189.85244138717334,257.742607545882,212.7726130087799,235.86515371823583,171.42340855169692,180.57556979834817,172.3438236149951,238.49870128264195,125.41322774033563,197.59279039365686,221.95546565168087,181.84068831766362,230.408082119046,260.06202582795237,139.07167849156707,131.12636139936225,150.66859242868415,209.1549113465127,154.6531347664788,260.1525685397007,135.66995976847298,109.85091239249132,177.0196570875985,209.8403497682539,240.05127212469503,225.2884769704501
154.12138945618858,178.58745890918757,271.7490164461236,122.78598165452323,203.46824706693644,251.00053042469582,153.89785599138645,258.8969824390737,205.533755381952,231.98168768930708,164.8694848302634,169.96860864192453,162.40071999546444,252.4458609742199,129.3567680093003,180.6190229538477,207.84562936606724,195.05528259840742,234.35411195550608,272.6051694805666,118.10156818761456,157.2794793800856,172.03762585356475,233.04655033692862,190.45820842189067,255.03447437475515,135.76277067146327,113.6805864492453,187.1208097068449,222.87983969092102,244.3122175701037,218.15166366639914
164.55668385316295,178.9340771640922,252.996288857036,125.11620752997732,227.67100750805082,258.48315865820655,162.16891341778097,242.0362994478312,192.46758063300686,248.90821497323142,174.6564053264907,163.801015526343,179.2824169751702,274.0636650611241,130.0020430911818,184.7674764392285,230.8248674663241,157.6688550770732,217.6869012660935,271.81296731953665,119.91778792469304,150.38513864140216,158.41758934093392,214.48998938347282,147.41180295098874,280.56854138209235,136.31062513562384,110.83129408058053,183.20662934449606,216.50084176183432,264.83095654074805,215.19898750737596
147.60935464423525,182.40316363296571,267.13463592762486,193.6387207751219,183.54369225606956,269.32129468773377,133.90696845186653,278.50099300542513,204.95935531132943,218.92959441055874,156.11810355482538,184.65901469166656,155.68070068830392,243.94147841502146,118.09673870928276,197.9638666702342,195.76904689527674,161.39691899658987,210.1343299702887,271.7735966989674,141.68861578719336,131.1279089850591,164.54886557860854,215.63938941502167,156.67879925420664,265.1840624322889,132.71968078175436,129.3438637521102,182.67777419191754,232.42742484740697,238.57981022946424,217.88387733755476
160.54825993928046,165.90007505202547,247.97577119907834,142.7330661853612,181.38782477003787,259.7201686169146,130.98712097211245,274.98625856186516,218.23334587272308,235.25620047318696,164.4720405133923,176.72547603729518,150.93408530720674,248.11709213496385,118.89580194452475,182.12428993060365,187.76120551410315,181.2823630712977,254.52795477615558,275.2848257840732,125.80399373044415,124.2130503068491,166.56789263227944,229.0314757004132,159.65644125667427,278.09586392158513,150.67431202422097,116.94730731128026,179.21323264708883,204.32937938716117,233.13332266628936,211.1313182766689
156.55547731528418,179.98218764620776,252.42084009730308,135.23928056914548,191.42223076555572,250.15101244664166,138.2526855329201,244.2094751519249,197.6370176268054,231.69581610122682,155.54066637595426,178.8606118142497,160.00425952292952,256.91754729865534,150.1969803908203,195.90823605963524,208.35106054232895,159.8735177484927,234.79613637449725,252.68816125089427,124.08402622219074,135.71066246352666,172.93928174198692,210.03829288267087,162.36600021540698,262.07293454128137,169.09572669775426,120.0741056804826,197.27848388284636,231.6138406066945,246.3127995452048,221.3988451138599
160.00173962149995,180.31802150248507,276.50151808493035,129.22656662179585,179.38990246372566,406.8900619464277,154.00910908511608,237.7950793000463,193.28910948101299,235.5486042756287,167.3231571490623,200.48191268333898,316.2937130170982,248.24419694270023,111.91660584047256,173.57178270588216,203.64586486498845,195.26506967685202,214.70031389410636,246.4000477648628,126.95538749248117,121.98274230467428,137.31258787951262,217.25686923736288,156.86482527855495,250.37645848688533,130.08534883826925,127.46438588756496,197.84029153368886,223.1125660606375,255.48219352200803,224.8919146734856
146.89043788684094,165.37338285733085,298.20296549377815,137.9369822131987,182.97706353735646,261.3439701534195,147.94218880210798,268.25347175493636,188.07755183782396,252.8823987677878,146.98980992941048,177.72205502868346,148.55356647101362,245.98012014904,146.77664193147473,184.02952024904735,190.87209940618575,178.67135789896102,212.64199878741624,249.73298136890966,115.4684708253351,133.27149264247163,143.60031351191665,228.69957688922156,138.5834774960737,265.8323736570829,131.42016894101752,118.36848648491643,178.65464672242547,211.73622219029716,272.016997459422,207.31508056403737
138.99578858261768,164.24135926906314,265.0269065915482,124.78580623763753,185.61980833569606,281.4973450883755,157.44687305974554,240.9545502831101,189.78529511214072,255.35051477814397,149.33550677170294,212.84484260452848,156.36341403318707,242.4283392697195,115.7995807567808,196.70024099634165,184.904620712159,156.45873363128612,212.99536041516689,247.75925566748143,113.11512581057238,124.4573728982669,137.31761881372975,211.5798492732639,142.20092927098824,264.4591039075586,151.69996719917256,130.82213632892575,187.0244268787211,279.3910686180783,235.28970328661023,218.47559779898185
144.21729202550773,170.31504356839955,273.3708367410025,148.44654308781185,204.04980655623484,279.73313697774466,165.83005034767342,260.3427887305205,189.52521098421514,223.27571733361552,149.80909514340416,172.45929726815288,150.2185300919501,256.318715691066,119.9177301409899,179.9297255864813,197.90537192896625,219.20036854567263,247.69898364568814,272.45358264929007,123.28806677846418,147.34313336586536,153.9241513638817,215.51333667755654,165.4478829637025,256.2680478339112,131.50795712954096,116.02185755751574,176.69755250718228,231.1884595837597,260.71688097521326,218.84546486071434
155.35838428359065,186.278185249154,265.64858950429016,127.58442271138028,189.41378969609102,262.7080573466178,135.84818066746985,252.3797576293551,242.5727826885794,242.05474875586177,167.4703091537674,178.41400000025192,161.4709664823357,261.44352205388697,136.32554462335716,171.1184499689373,217.7952366360993,171.73165117928264,211.37474112785927,266.5930156652508,126.88780392913921,149.16000726109613,145.39579450193568,235.24364041608376,153.09891573017813,251.863237214249,141.9093008634759,116.29514090100862,185.7742853848875,222.00202269961812,261.20123401860576,206.37989902908282
140.9530509028546,231.47638328910767,287.5327251998166,119.58804781964619,202.16865927426096,291.564116966397,165.87454163569214,262.81181941952184,222.3416001418314,227.9507481636256,160.14746316710057,172.07717021755022,154.8322356337495,264.11746009091263,122.6164865749339,253.3372082686101,205.12143625434476,193.59908348356382,226.6822977521412,262.8187255552256,122.60047028248313,143.05620341330516,168.712622525582,204.80888158119598,154.66314310522822,269.49303767194885,156.9116968815729,141.4587156968807,187.14028856644944,210.4185788854554,247.22694677382665,243.38849353686075
145.0852153648775,236.5621083142819,259.3727827164985,149.02809987923968,187.7546737049048,256.6080298480942,168.82109616935603,239.50446149053687,236.7130286750563,258.5252853186714,171.24417405971468,193.31152191374804,187.10867695719745,251.4039602654982,136.2257703196758,196.52397405785322,201.46984006866194,168.84681747089425,227.61144523783076,245.67021983223398,115.73028830562907,145.42910548645432,139.65451948522508,208.05525124396735,146.44404016909448,250.4204905529079,155.36613811758804,129.68677364847895,179.3752681460957,206.88404656406573,252.56357359677082,231.4744832699532
162.32892762443788,200.56407029593728,270.08220490982876,140.01404504261274,178.19496967594955,283.87120431920795,139.71637244427188,239.30633940668918,189.73896306503354,230.44623933296205,167.33818462272896,166.43593886709894,158.1482808453367,270.0961060894327,125.33643624879058,169.13914394764993,187.86695068378273,170.9439864424079,209.7096491301158,258.60928536353003,116.8218960174606,130.3013487437937,158.95480401756507,202.1214649172799,166.28601247096333,258.7184440020942,157.26198874756295,116.83956654593455,192.2730590200585,228.40488555660522,390.54356113194336,216.637547355476
190.45159488526298,212.11605724065905,265.67722251015726,132.8478946649445,200.8937707918115,263.8000482732692,131.1339447433699,243.53096488962683,206.36422063147404,228.56459772282426,159.5150231404972,188.68968489693833,155.5317930755951,245.67800320714898,111.29712859757504,170.67268357679885,200.16251492958486,161.93604831437327,223.60682996695354,266.86516437210145,114.32788637848901,121.14921659756146,138.7311099490913,206.5595330336112,209.1410393675791,251.91348416504002,129.7269819180906,114.16980595602939,214.4547679626526,243.11354597943875,281.08626203552643,212.7077281490062
154.4232543971907,201.65356978684994,258.93311419361333,126.20573490609345,178.58742690231875,258.16673814171395,167.3884740887519,248.65537486381075,189.47365995221543,233.99778575750244,158.26831784993252,166.01245526076,173.78224277305614,252.99898274841357,119.66530033390137,188.30459397937477,196.41461837015603,168.32051885400932,235.70649421257056,254.60039745596353,115.37948968762885,138.53054986326293,142.63078948539314,208.39170009296961,145.66954839037152,249.67578899747662,168.90811653716543,135.49427906285115,186.16591597572005,221.61032801764935,242.94467576156603,225.50250403028295
158.39409991245378,192.513382367015,266.7829061274996,135.71334861893706,184.13283915562846,262.7390803302156,293.4046129609954,247.99512521049715,186.0145913949208,251.90408250304654,168.90554626570105,208.2239446331518,155.14288638931203,258.97788469706694,123.33600456790623,179.73060057426588,188.09866596490323,166.31088758031876,293.06752416409233,261.29660280899236,141.16152080163062,135.0211772162165,144.9664653151618,209.92073363673637,151.0927197064864,278.2764996029665,122.85867311146998,138.23888333767897,197.3197649291119,230.4617432972209,247.94952144534454,225.3814135331135
156.57520230402534,194.20855496031476,270.2791177386086,117.61180418109691,198.49208310081977,251.557598737611,146.64641471519317,240.79994664313833,222.63280227057456,236.74287994137103,169.0465329280924,179.35680002417894,152.9609444673049,298.28884680044206,127.44357413451407,190.5901126423145,187.5688094943639,192.04645930585423,216.12557118622718,252.66754925016872,122.24316782410162,137.02825558635155,155.0384786991277,202.16014844777942,162.63765765949927,258.3354390056235,142.49651508893155,121.90602267992124,211.83001628232012,211.19213597649176,247.5181184274689,220.5851712966729
142.8131714707891,180.3184596368319,274.8793672633697,117.36284680924106,177.14479368921462,248.79725466210647,177.15526240384492,259.3798703860129,209.3554666394883,250.0709950400054,151.47323610191887,187.81857664694772,187.19816448433374,263.26472151102314,127.11793403590735,176.7027960273496,207.9546754354794,170.39455690372648,207.10956832924492,254.94033016783365,115.0776467934799,139.0299217155931,165.80234121751928,248.04378247036212,145.53075551754955,322.8623739467183,136.7394918066599,128.44240279802818,242.49294457649978,213.17162807255144,252.29731860702546,213.60806296204026
142.3900690954648,195.78457450691002,282.7860601045526,117.21177336153802,196.92126847855016,263.74073525436063,147.25508893189328,249.34212164568754,207.4733866115891,237.3942843554283,176.6563170481265,168.78028719768295,162.60003720720565,245.44745159103175,152.77228882547803,180.95937149386458,203.04404776516094,171.59202256900835,242.43894928427454,393.3255758945787,133.61982502935732,163.7450547007291,206.4078599914182,204.19668080502876,180.87512075991697,261.99872685706055,133.55107993425307,118.79472677422518,189.03872885286546,205.67195741659614,254.78570047425455,202.67973875193223
137.48364869096872,180.16186169493426,257.863883410012,179.51241329587543,174.75349153914672,249.61319985937874,155.9532583404045,274.03066626366353,193.20999081173656,227.39012490655924,167.8531271993963,160.72947054943756,152.35070451527702,243.28273847936018,115.58555228545852,172.79186697963107,205.624606595972,163.68027766406718,213.46884895034583,265.4930815778101,135.0061870317542,124.15320941124975,152.61650649893892,227.97457275290333,154.97836310959562,262.80988877019695,147.12434339577234,110.05009322185465,180.6325163392476,210.29714214766807,235.91874129293566,231.12801569239517
146.83302329777277,200.6710327307016,252.08857493526273,146.85510668127404,200.56573107828157,260.1675374129796,158.915061561264,272.81526781851534,197.56216213458305,229.23985966706792,167.12180254592678,188.33726167615384,159.2321069601903,275.48216821579314,115.0263542010696,170.22031514765794,212.42534263336736,188.17587076802985,229.30002872115625,254.4478458584928,145.6968266268518,139.01785655564208,154.84365598981162,212.85296114944418,170.68175806681262,260.2851585582604,159.84616071317993,179.50862912713768,222.7739503790304,208.17904261747526,232.31582698703147,288.54794333236447
174.23427422443848,179.4275191296503,268.08391311553,139.42246550555757,191.67884141408234,259.4570563376365,153.26961975643445,254.33811458898424,190.44104867078323,255.51813048358648,209.90935618901634,162.84655166130145,165.30121747690725,245.3917351113426,141.88730324585546,176.5504198765199,189.79752245865853,178.42853947954717,237.72299078622473,265.82749520696086,124.4700644054427,157.90745786133164,140.29661937946793,204.05144724582104,148.67141332842652,266.8854422966212,125.0060109956507,112.76637039115525,198.0807523209691,240.4150226464363,240.32954362398795,210.93437727273465
153.18437816362058,166.32869671819952,283.97455903482813,138.9522772488776,187.46586012884137,264.78304400989833,148.7904554902629,261.74335376501375,195.07775573664256,230.58957956542267,174.96578576048972,165.9367177721466,163.15459188233746,235.87046421623924,129.65426303797375,200.20248825849208,192.81954087755287,182.70102134837722,207.07630111140392,271.5328332911455,165.5734865107208,135.47496300747463,141.95849512463823,212.49941959209548,151.6157235435833,271.5249181237747,122.9847035454664,137.40001827258854,196.164453985856,213.46253884010136,236.48009080015106,218.15938290572709
170.31561913114945,176.02281449545814,255.0502458948081,140.0576208113393,182.99864664479435,269.06531042736066,156.80210961875426,265.173070569337,225.41430519471805,243.49571687684326,166.10521871665915,178.9146968697916,179.55222609674416,248.6221118305213,118.68562471556763,180.43460464516332,185.41667259512502,161.57695074604396,213.86738892175185,249.28898200157926,122.64705858603133,144.43765049497543,147.00471385527604,207.51992024912226,156.41305484318679,317.3524278575362,135.39161164334158,129.83931549758535,189.85887189597912,257.20646936286977,239.38029270654198,214.28514296547658
145.99874620750734,181.80640219034808,287.28687204195705,126.03109221702141,202.3610995491627,302.7235726721776,132.25087179832542,282.3285557024575,209.041571859971,229.37981666458805,173.11051382252126,179.71214679128698,176.37545358595662,267.12047273346764,122.37686402582588,181.23244707850415,210.06077293381247,183.38958812485728,212.29030917715528,243.66617932361885,115.4164384483561,144.89374294019433,155.1268095003896,219.1264030845673,158.71174901813282,259.1335544761731,127.93696698617111,145.96105631521507,204.04934567648053,227.39669163294695,235.96085411699434,218.24744079190177
169.32153928428625,168.7228278240949,256.13089595940215,120.66723669603645,179.30916075336722,275.52475120409076,187.82773706387695,239.71396556189083,194.90913520885172,236.76468876030762,160.24349254788444,190.23071271236327,149.38258010460873,247.01904657854158,155.94843680161802,170.12673612434733,219.0857986973552,169.96738837726772,212.57158783089903,251.00858609798405,131.8387290819302,161.02918601398449,139.79854431124102,205.9675988423922,146.51903144335597,258.7769576169234,142.0230602865722,111.93706322478295,191.9621195306916,231.95132705525342,237.7141845524067,215.44124506556304
138.6370939497734,194.73579661164356,258.0143661774285,128.54023190384456,192.6644420644314,258.0035344501203,149.78193583870913,240.9988246612466,190.48372758777575,224.8605881791361,171.12096477548826,183.02480315018948,150.5906857509055,262.9621719928202,130.57717863640232,171.50318830823346,230.2723472601263,169.30171180318777,205.8044695628179,260.3504454953262,124.07110485178302,141.48199589466026,156.2882894231938,207.28286976730817,139.4919171355695,274.0134447142197,130.9602819937584,126.80632253072945,189.08720859492792,233.99378632821762,281.2872561566343,212.69966775297843
143.2300660002365,189.49488861781904,263.80900784858056,133.8843174153444,191.63653889087402,276.17192365535857,151.8608937134458,268.24614719375876,211.50867423132098,242.1120863100841,164.25482573591015,174.55059679408808,149.6237627136844,389.1069851603106,129.78746682947386,194.3122115861338,199.30958076725457,169.99816778379684,213.41204886838875,261.78572894304256,118.26997066808518,120.61411411233024,164.62524825766624,224.13625134765923,186.12001021422975,308.14743570754996,134.6988605049461,114.03731849134954,194.81436601851595,237.11624759891015,239.07331796989538,226.30194545846905
178.60586003084566,182.61765175833554,260.9012639659302,114.31046667006689,180.90870518084154,258.4229254325421,151.69492541385284,250.6800408220579,195.75432818680133,232.71513031162834,155.31995642459617,177.89822226272634,190.54596293710102,258.9591615785391,121.80137703736848,193.72928016353757,186.644803957256,159.30021108339514,228.46226221137056,277.06239438417185,108.76961516423609,125.50753739863171,147.42796811724511,216.10835492796602,143.42383255179232,262.2114119193706,140.30157341541644,136.17760698244183,175.8523644644593,221.08214987118996,260.0164951408245,217.1436279885882
138.6553334869012,195.9364014772062,259.3957611892574,190.8884291004228,193.49424975481529,253.79559449236208,159.57578019293035,257.47601965264016,198.29910549946436,222.32669740182217,185.61531469497268,172.43876930384116,157.94989258383742,251.04440193501637,116.63946595298827,198.60385661332938,189.37038647975845,199.47381281895895,214.39504495807756,256.8035477533156,120.95140868013769,144.79591141370108,148.0620032393297,222.0473532622541,175.70634023404043,254.47757762994237,135.70454950359996,113.9101766263102,180.79700407330745,211.34547746706335,237.15729333612893,210.28922221828697
160.9926560317089,166.90192739919215,253.10209596581356,139.47020728105062,195.0012525133835,277.82307774258953,138.03061723710212,256.03827575160955,199.0350279292649,238.7163311847713,151.83643867554255,197.72549624616678,158.3490191194589,258.2828420639261,145.1277281691803,209.68281919043724,189.58744625506483,182.97787440766123,214.9881085662289,306.60056627496687,132.6085391770873,141.34195145714637,148.73148810372385,203.24977142511153,173.40670205598872,252.70850489391026,145.29615373169713,128.76668241139444,185.7762504502598,229.36104798013267,242.9034450579673,252.70414776559542
155.1408579338709,168.33833146469436,252.96450351275445,140.45382443558657,177.836812897724,274.5029847783635,136.5308673499386,262.28742391435105,206.11241947231287,230.69676750025164,153.2921601785488,160.74359835780973,149.3539080657369,264.4634498705113,129.15220280205776,179.25841925718694,193.23325202279037,167.54072668311935,233.24661443885623,249.26543384002963,130.69240422262237,151.40333800298828,190.3249474447171,201.99435662752464,151.81810946978186,263.7736586764403,200.66341954780185,143.30344572405448,202.16607519418878,228.68847878973193,256.3089350743537,205.35396771972825
157.7816603864726,167.8474744986843,275.07020595294966,122.35136999150535,179.3100790140826,254.0348469805307,164.7470341180305,251.76033234528123,212.76671978164052,249.67286214547215,154.14629473977993,177.96764029578654,164.68260772869428,252.88072876724416,112.89786816082422,204.58849839953317,198.04701049542132,163.8235394776667,256.53148631162765,254.06824670341132,107.12937564461951,125.29708342936333,151.42315500303576,222.95893867010116,168.2403507187122,285.2887258112529,135.6813398862192,127.83675161020433,190.65481587911012,234.1162502388645,261.0111589493115,224.1629217285343
161.0220330297705,190.32372004558272,254.87021542814992,135.76214673196705,228.7072076707987,265.9185629625082,141.0175263302438,263.08140888104396,204.1129425669959,238.59551722009587,167.79628723248544,190.59415116874254,158.84598950556583,249.80528343074448,125.23923265583385,168.55096345830034,194.78522641788894,190.53015711197963,229.05041287446258,244.24191753710002,109.28267681502761,191.39422977707017,161.58548921489944,213.39057873137108,143.03886428532218,265.7740337438355,139.61341472158014,110.03678569420744,188.2999242756666,219.52798174579422,232.57818207166378,217.49131425742712
146.52358637501865,194.93704783282277,312.4273703847618,126.86282880799463,213.80449756339218,265.13791225719115,150.7890724738573,292.29285165832584,186.8640764432116,235.2061734902259,146.29128418164254,174.69421515543337,150.49284561021992,240.0740292784251,118.3754991672784,189.3387409435606,199.26055222006764,176.25417050646948,216.02816968010166,241.57142242265115,115.74231195919239,126.57134731032336,183.1667590116753,206.91217046098703,154.17865619812272,250.7986077311777,131.71175356201846,111.77975130320446,186.5121315203757,204.84992348171744,245.08029649458942,243.11033623840592
147.25447516893396,172.87398443799216,253.7366082653715,125.15363967428083,184.05311509975425,296.9038184189235,151.53927083347787,247.9500019007244,219.86611466074936,244.83179591360644,185.55114695382343,182.44127929726892,183.13890395535697,276.5667612174477,140.73179654840376,182.45242153808653,193.1399935528409,160.86311374162113,260.76094815202396,249.24859223508744,150.32616623673172,137.64805128363352,160.45661167394235,253.6536291548066,161.0121102751987,251.35850645946854,136.26982999936038,120.76963823688413,176.98273369024938,205.61501454180984,254.65448563495028,218.61172749213605
156.00793268550007,180.64499047949724,257.7722238445183,116.67613720748449,182.8789985352046,286.35622446624717,138.05719646508558,253.4817678801824,207.48166577218365,260.1704579003281,178.49555111690313,185.71358566564078,181.42000588080901,271.0182755400948,111.64170975803121,176.7914103020086,233.68965499809764,168.6128183537915,216.0098124874199,286.77231834608926,107.41801406501764,135.18578026567195,136.80693371473217,220.0220231441488,153.7756688564618,264.5485099222287,204.44813438151954,111.72887820657603,178.09909800038855,226.6653821061271,240.29799058037437,234.11432713307778
203.42461026515713,178.98247071756984,254.84339101750692,118.69931414032035,194.7427834811732,265.5033963583553,143.9903690278635,396.48524240856705,215.52940783578254,219.96185053915272,173.2947281557158,176.12369086321212,155.13100120523237,258.0138410314558,140.62589375236394,172.04745836835744,210.88039898048595,171.47791798664954,245.10222172362228,244.06994342890155,131.14011757308288,127.52748229485404,154.82168576176724,210.49053088974432,150.07129396220049,274.6028213092296,131.46602861785163,135.76477389783497,192.53118876006494,361.5273363075667,239.54292203664843,209.90446889088466
163.49257189894328,210.83433403700207,252.26757343505275,126.76790455251147,204.58486154528663,253.07887601551062,134.0627172843809,266.10572597698257,232.13672481823556,227.14979769295115,181.84534732058785,176.15859699625642,153.471110624039,248.41624659352496,119.68443650800364,190.74727360603634,207.72671808777665,164.28016862440464,236.11931794711347,261.86366024909404,113.11751249997715,120.41339096811838,161.54669724468107,202.5416174413639,142.49187026774342,252.77820540440214,127.04065284196385,117.6699369663903,182.93808908090458,205.83249631105517,243.19030213620186,215.45678554806537
167.99996170872825,169.68016155948231,294.0182799758095,146.23603973939296,218.17449646196738,278.03336848799756,165.64335297998642,245.5530344903491,201.58310624346544,276.73604746970227,168.24031792748355,178.5129648507829,176.13178822470857,248.30100753578648,127.85769687311074,184.03940940007985,206.77942156977082,183.7190899537195,211.81105884247745,272.1740550091074,148.09698837345053,123.46531875764369,149.16257832455187,229.82168277818002,163.21832083966603,272.52297346442526,147.9031326399397,121.43184102240436,176.6581735499123,210.52533461481187,267.0688320523161,233.5480666061116
152.0430225637142,180.79922221123581,258.0376925917724,118.50426406195689,185.77957594436236,298.7435585939792,148.42320616309314,254.7211128550355,229.7793705784659,221.3160009068576,172.26286950407442,176.05283693608092,156.7835182021981,253.48818706220806,107.68992317892784,186.05302491476618,214.57235464132722,169.18932071952617,229.23452730071108,273.4369378588961,119.35182763521473,123.22621329526176,143.2712302746702,221.9876212770956,160.5995886963883,297.33869272236905,124.15828186960316,165.81474261921105,191.09711575846336,215.64626155981392,253.24677969731937,210.0785216484736
178.65657207846994,186.8443265294122,287.03848353245473,125.13051088174484,180.41604798515917,250.91694136907708,139.2781734546018,245.20328224208788,244.18149419890474,235.64770681531473,150.35182266151236,174.48169469112105,171.20449842927547,275.6232133038822,115.18773856729928,190.41631894871162,343.05226640081344,169.33691697964477,240.16081706127676,291.12656361617553,131.4386401545757,147.69551126822873,161.83079273838425,210.44614869488453,200.41263960947347,281.06045030924514,138.33576507794555,124.48124993953023,183.31313557646087,361.36410022089717,238.39122314912115,244.38129396534518
142.59078088318125,169.82829340804372,269.12472852117423,131.21988631757839,179.89802825023062,256.39808182757713,140.0736646918266,247.0917029851501,192.01168445907118,246.96520656997967,149.99852341449605,190.56372366690545,165.82087661628535,237.9114340138858,119.8185053196824,174.2411163178301,194.09067162756136,166.8688035729011,246.75354934205797,259.22216412461603,110.11464615725126,162.67629941440725,144.66042203618593,203.83811542607506,144.21153863946242,268.60473445137325,140.7728802892973,124.35605762473168,183.6887575748162,212.8011186777935,235.34887315925675,232.77113888736218
145.79349228064902,163.06527927337817,254.32399289379794,125.52564290428042,215.61803372363653,272.57686556223325,160.30150749781944,278.6611171345813,198.43990166548235,222.76645202717395,174.32473453800077,174.11645068136713,167.30626924977597,267.9703715172364,124.74520445880484,206.76927511373572,212.83234917394196,158.38139555329047,216.3305308141061,262.591568787106,157.68399088462664,135.01543857914896,153.9435802171096,216.95814761967415,148.26844906336672,266.0592054282063,279.50496167889753,116.17467091039558,182.2322618220965,213.23709314798776,243.1578370188995,206.1277793500989
153.816307833878,182.7767708242854,252.82911857486658,130.7588950883868,220.8316573294929,283.77975860416916,140.94020311382266,247.49083175183384,212.90067117953888,231.16643857785266,175.52903814449377,172.4808536556264,153.5154802207255,252.35841470446647,160.92166306229507,186.15079389504092,249.8918056011978,169.93061110034472,218.4019562768138,256.038149959323,115.77290493275665,122.72346274660794,140.78836255807607,225.1920637881163,142.64829509216324,281.5908103724985,126.96814747634372,128.0667244349202,184.40877485596863,231.35425906848653,252.4083895297688,209.8727939430926
138.94051678053535,186.37671683873327,259.5217230698148,155.48034648625867,186.36829964157047,273.791904825499,141.67143651733073,245.40409777542266,204.48460537274116,302.6772105528691,170.4206224914223,170.92731821370748,194.6881358868102,264.34031117870575,114.68383357122126,192.46118083047995,203.3539048071672,167.5776552135471,277.39424147690636,277.6095233463744,137.297053925243,128.62449235641748,167.2182865590201,211.3200442662318,148.8619728707346,263.40096895679176,134.06618073397067,132.03405586570943,193.820420121807,217.47561542021057,237.57544329038694,213.9104002201502
178.99201804065547,169.2287505516524,264.69151467445386,115.23665283470265,339.44169400546525,269.4613883215682,140.76299872596968,240.91922718484233,193.56746232393414,234.16273699601325,156.37236483824174,168.77124676790848,162.00359903197744,260.98218975609836,118.3627590768388,178.93703759218124,198.85262006025783,159.6874820753644,215.65225845447935,248.298010996538,120.88128461372601,163.61083180238234,141.73403773883115,261.66840069626846,167.38353342353665,258.4277998310167,130.94298814366144,135.4026312951701,200.6924998368311,218.64015150698202,258.86447192538435,218.35475864025844
138.9312577788368,336.4188022966716,264.44732409843016,124.84421028302329,175.96381481593176,258.3953917224956,146.19870127825075,248.95398765493152,197.09883250107143,226.49301758446725,182.14097393028007,184.61679358790568,169.37434624386327,260.22365438432956,115.47618110344625,193.99017591481046,214.4639428756525,176.76296707198856,218.5665322517802,242.27536535400893,122.9514354728191,152.11209591741678,168.46547359296284,211.47927850307235,160.52244735305794,273.68168293531255,151.85503557401066,109.78274697182351,180.8291576946969,204.63149552145364,239.45941943563705,217.11119518699374
168.6767834695857,207.1292437240608,252.51471957166498,150.94553535114548,218.55740636182963,262.1393217491811,150.16419776556162,259.317664750871,208.50007710720124,243.7885286421988,160.79648905055728,187.1205294327013,197.32643036287214,263.09835246770734,121.54215737068664,186.9745872207103,206.97258994843412,194.38142047509493,239.96895797510706,270.9109391048467,126.70327875037817,130.50519037056216,156.64318899958872,212.09475029538388,142.6140231859083,280.43192761118075,130.4743233350339,122.06737940256767,175.20322692828432,208.5778996930287,245.11082570929878,224.10750162947284
182.6422519702593,186.29859848037097,284.0939971753856,124.96041438569794,181.37547659948925,297.95853332551695,152.39278541519826,254.9534199661269,208.77893312495414,247.62573863213052,186.43414495237863,175.23399532559904,146.82799505565703,255.527564314474,115.98729334371924,170.53703530545576,199.71869489087544,167.883672723654,234.283377031447,269.2320904345027,127.24192835173142,145.5711224638249,157.4265920352828,224.0485828905408,184.79129849126872,260.78377998425947,132.97682785049764,122.89160625927005,180.03624691922275,216.44576774521556,242.4825878568821,243.098705785981
143.9756861794061,188.33962239117875,248.61178528957706,126.37553126517061,190.59625680445487,275.8380738773009,162.92904636060732,267.20736189557255,187.08339252533568,227.6781968066864,147.589509666977,185.60901402105273,159.55554515780528,253.2135930454751,124.28034102175756,171.5164402274389,234.7098551983887,173.1471646780401,222.51197533801036,278.26426607327073,122.18926489549091,157.20658389417991,156.142827504056,210.48950468572656,141.85085137388114,262.92477585640063,124.41918057196592,129.69974103579247,184.15585789529462,216.98507360913953,263.4857420587825,231.04574079486986
139.27153531070323,176.64402254131537,276.254789704062,151.99385688758656,178.9705484858259,266.5170918857571,159.94480431001497,254.9174804902029,197.79030675033414,229.55994417853816,159.88957662212246,200.3334949365639,156.3527026945729,254.03373232360147,125.99781564211918,173.44233888509424,196.13632559190393,169.43908521805488,209.98850670672218,266.9855339010539,118.28194246075662,128.40661879374977,151.9427786934953,216.57107311852224,145.78590282692886,259.49944033572956,140.37539789354923,124.79823989097201,181.70542933855594,223.06862080909264,236.52335764716636,257.9806353736439
134.8210986022478,169.42943543610124,276.0794704880144,122.13376597822939,187.4201923158666,258.4425930532247,161.2910122278291,278.6501897235745,198.81516042259415,234.90810058903094,161.63488307269458,161.62836737609933,150.16298832351387,251.2552555069119,137.07881348221423,170.93203712321818,197.98908949696886,186.40285983812115,243.44928042235318,245.99489313175587,119.27989488018646,126.25615086317312,165.46691954666326,228.87189434295453,140.1711638681753,254.87166862569117,180.11500523125946,114.17015473750352,207.46785333109284,240.86620504074833,266.6416999428697,219.9420099480455
172.38122704083722,201.27853466257858,250.92858615994777,147.99188023211286,192.2947851327019,261.61721284353445,167.28314781142564,245.81003939551775,201.17732282003112,229.22436360461194,158.95593689941336,176.69994060499045,147.64626161710783,240.48312412060147,119.67916650394027,195.39684096117176,192.33668902330223,158.90486843044155,227.5964594603723,253.73064671884856,130.7870691861781,128.82502552451504,139.25653665729794,205.56245140710422,189.43358335732535,253.24253922776967,147.143726827434,115.0666622628678,225.50378292753854,231.13941528940055,244.48333540982344,206.60473618239618
138.09325695210597,187.10113465517665,259.3616979948613,146.71574805075585,189.14721646129178,274.7963287241457,139.06748526581347,253.60218704277355,184.7219046017145,224.5665909248766,162.3772461640149,214.6097604208664,177.35462276297483,245.71395557197854,121.7624467855683,180.7107005605789,217.61537239447296,165.1459152409742,240.67591716249152,259.921962560554,113.35512193967999,135.3415159061283,160.27478349878058,209.28440491491756,137.1392280816286,306.99408465888166,134.8944555299419,114.73563798724953,184.8887655360243,271.26916010238864,239.80682076405878,216.5740704650059
155.2747984207225,188.64950868888826,260.9667441551362,156.96306233734498,197.10591315041324,260.2558146034829,131.92533245178868,245.08354046365397,228.1785901866107,218.41841743794987,155.9619281413508,171.35251711205524,165.78156490513044,237.29759047486436,129.36623778875295,175.71479597862356,198.37924539667057,170.76543002515405,215.69073804537172,247.77594310775856,111.66561094690485,144.55734277290918,143.81663482945848,214.9898974523956,154.8422060337746,294.51565574017957,154.88871533031568,190.50460025006612,200.07902315245448,219.30611919848687,249.52005143777382,210.68177475362546
325.50314976478444,246.2114082128538,275.5603052101549,124.37610786382544,202.89810902688703,262.5564584142637,143.67013509583043,240.0464419763969,193.3070055137893,225.33697402313376,189.8823391659744,198.6839257327266,176.7293850682069,420.8907725502613,131.8204987278545,173.5047643846664,223.42697845329928,186.35632720421668,212.2611848094354,280.32273323578954,129.87614803610379,141.77995940759254,145.96736521739925,206.32578083381566,139.30075941703242,251.18464032028098,127.38345645526022,134.45604208611556,193.3769449369297,202.80130662165797,279.40132094882154,240.43554754112176
144.02135659692468,165.2164590170789,264.4779413335158,113.78673780355814,190.493573736389,277.14412155577236,140.3790742875728,262.86935940918585,231.7311022771613,221.34300112659997,156.53573657184126,162.08893105038123,152.208299013126,249.15687501924162,124.59845183226929,191.50839937823105,202.04534647134506,167.74687527044583,215.72912327457365,246.62321766874487,128.9894271261648,134.9853003731997,165.22652423458473,217.09586405898645,152.41167182428416,259.8500918808154,154.50575062035097,112.96395060629186,215.5428960373269,215.89935761114415,236.61797318898712,222.74456493517084
137.63309067055852,169.0172937019456,256.2067258721124,120.30670841395211,191.2026044725339,272.92229104064916,178.2183545288512,248.85104256451234,193.56721462667122,237.0534021791872,151.788159400887,219.61201330791482,161.29999332805346,243.91336902880332,137.53717644512818,182.4062196579056,198.6813423542643,165.0619122781265,215.50000247689331,248.84794868165733,119.57047783311806,136.505099584257,166.47194739355078,243.2297314201186,138.83989461280325,261.5606674017776,150.26234101617547,126.3639816306355,196.92123001696197,360.3619567094662,266.07608001179153,204.70105385462884
161.58531545552609,181.48956992148968,266.16752226306266,122.48313053895723,189.50007229669492,293.74967219958563,162.52316997341342,237.9107286898599,203.45097795159475,222.08600761050903,173.52862288002356,182.97882367611533,154.7628939727474,249.056121414796,129.56714495806554,232.38826775465566,195.7792053777847,192.96901739196034,208.83115727686064,246.0121619584638,134.1457284111745,123.19714996955966,163.2990382791869,206.25218548922314,177.08530629383966,268.4563385680972,150.53451592705756,109.34070884311384,191.28182541263197,206.62934064653325,248.69161697124548,235.5319962883447
150.2332479046016,188.80718331221317,272.10094836421274,128.9827098871103,198.32402309156987,270.09239373210823,148.70306389666237,247.18671056871372,192.03186395332963,229.23942285112497,159.3868230361307,325.11669858486334,161.71641141815655,235.138729953264,139.47177023421648,192.27743801483808,188.97419913768474,170.8684648100758,221.8532187612489,239.36598168581077,116.31766165455369,119.5819119545838,159.32170732442438,224.23692399605156,198.28257149409677,283.141968487414,125.27510462578508,137.03067343295487,188.3455240717334,361.5416089375743,258.1738318916031,210.44268444436034
158.06894707332944,177.435859451552,253.67536815353043,128.95539172936543,185.4857022784036,255.16169362399864,138.2747093172341,246.80504223743932,193.56650399092203,240.71183568237026,160.188434990122,167.0587372096838,186.62681866201174,277.92954412468305,118.72445530689826,203.21556261626895,228.06082867517154,169.0745609564654,211.09109921019171,271.5341928285614,122.18289381696174,123.33626065020323,150.071928167943,226.6857047224959,158.1345670810937,249.9056697766379,141.62666178025674,147.6998135796738,190.75671690580944,248.23216087626392,266.36868249905086,218.17788193152776
145.55592865197897,168.93007384738561,249.8204075303773,125.86513441820905,195.12097147679978,279.9597355358472,136.4647274608627,241.78495085222386,220.66652137286093,256.2932357154847,160.5914223068103,186.7437093092665,157.3651337978033,242.4304929339028,122.84936785148638,170.20445285167744,194.91364721325655,160.60509476634667,254.3761967302444,250.3733484682076,119.04895056005161,122.44218856036512,148.305770599295,209.12786068383934,136.2838429337644,267.65178899919647,147.25302530104776,129.09411766381726,213.41445496003072,205.51357353000787,249.29204145245282,229.4188331310598
170.73503722935732,190.39482993320226,262.81803851570305,139.78367441005003,216.54909520399437,286.5715180708495,150.59959925575515,258.2510758290989,191.2420949947293,243.97540331928104,163.0272264720665,184.82366237332056,188.21976899227408,247.4296318769875,129.4983282946078,186.6003881030192,192.11546489128057,187.72526932104228,216.31048648835124,243.11836757821285,131.40072585358686,138.3960145293739,162.43387413038224,220.91147848335788,169.55628582030795,261.5737069959731,151.00328230329546,118.85539886020464,184.37157309833822,240.4821065751785,245.89317156784531,243.88367078366872
146.7026552028082,175.42820525348253,263.86704788476686,124.63746530168734,194.2655342430017,266.02919715163284,145.12227171617195,265.98366478744686,208.01833142473942,253.4446541260239,157.6303627325224,238.1083647049556,151.972818491392,281.60143787675827,111.03615338399936,197.80886162597787,223.01557448219427,179.50854482925695,217.4974897704385,269.7537643318242,106.53394021953295,132.6317938778542,152.39647651840156,205.47376468041736,143.09753218605113,266.5359530830723,132.6239316424069,158.13646067982137,178.4981495665881,245.2378676375954,250.8215225745877,209.043792253752
181.03361693431023,174.81947385201244,250.50239111652826,125.76173877364431,179.03951776771106,266.06638538450494,144.73716428634634,253.04459293697957,194.8241565299983,234.520209835735,163.27480863224184,164.2206379871173,158.57368547371067,254.862621837232,111.49274487443486,174.3872400828209,187.11002250807945,171.18116784166608,211.0762624381813,249.0559071313061,120.67914369733901,131.00572237108236,153.12003171023954,221.00918145801617,157.99544907916408,252.076522406243,135.6242762173057,170.35779814563477,181.261535901526,210.06772244654596,250.11266502993752,211.3959720946407
149.20993422331065,175.56461387721905,257.1726529236714,151.87697814981408,183.86300432726784,266.27439594203037,320.95641557016666,260.14964144667755,210.43646215250945,233.41856542776893,159.60662932443066,179.83499391751837,153.2849808197651,247.20283356399423,130.8251974818069,175.28500213137764,191.28175643255358,160.3518452837218,211.9679233066686,262.96337525736965,106.23505928587794,131.63428130286516,136.5364318521368,231.16837313621414,145.71375291394307,264.32164719602025,138.9153649151093,200.32769578030238,208.0866777374294,210.3903290750485,251.10257369796477,220.8560873718886
139.4998470013738,188.03304454815725,420.22106387795407,124.35226090238889,200.8440060272444,257.5477147101459,164.79927764005362,250.81399617826628,200.1392363803306,221.00561191864423,168.71494990326403,166.71251973504621,159.5534888981017,259.2691368912783,115.73113746644138,191.93789300246374,194.31818700741957,166.08058754617684,217.3107937913314,246.15744000578556,128.0552300930423,142.80120140926687,141.52506887028053,223.0553216085366,141.50238383653073,257.8070552583715,132.90967593165155,136.65197135549755,180.46243623231217,206.51648248742887,286.23212879639254,207.61866853436538
146.81129649872537,169.97274877833172,263.7713403799062,128.81561288974518,182.28941145815995,273.96417088487084,142.55385534803872,253.71975678319004,213.24676736357299,239.42091365708106,158.22009380409315,161.35545446582245,152.01013951588263,249.88049952928057,136.65963394991005,185.9964619998728,229.3369483824543,168.56435200120856,219.53390400666947,254.06172687780935,117.26685482446555,126.96813510827832,145.62354562998996,214.79102337435447,147.01439192201772,268.22497582069536,290.13607654984014,155.34329126740835,218.10464085187778,211.70098266620903,239.94781799897365,241.1998890730123
170.75389536415207,166.37374592350994,264.0238642345331,136.77160241376816,191.79013444405905,267.7945112225031,187.8393129205834,244.95440625917215,197.0799910192065,260.08672005143416,182.38754957580738,184.3674105431338,159.7354489305199,252.32128304894084,128.8045625805006,173.04054190987833,377.80637120135543,163.2583775513031,232.91722174483422,272.0049558778489,130.16113612666368,127.18208875654719,176.73271211036382,204.70842900611663,256.4969011468241,260.09160855331083,130.14559521917909,123.37809009585276,175.83102778985815,243.5814261765077,253.1275657168856,217.4027571623411
141.76058178472124,326.5596462598105,275.54822418700127,132.5921227387564,192.7120014379548,267.11841922152564,155.52812851849788,242.02834485963163,199.1662506401154,251.1970574261692,170.28033562693793,173.79467369773474,152.35794980191153,276.29307642625497,119.09769507384533,167.9972444220846,192.51809474535304,157.69999797832855,209.79641304033908,238.88933130134552,111.37932862658799,133.51232962140128,184.26478855626368,223.1032740855041,140.63469455604874,271.67848201395145,124.31768028053028,147.525655533539,188.91766736438393,214.14406377205316,255.89811171125376,213.06326544901663
195.5587382251157,182.24919663247294,253.98145327584456,121.81564253925168,192.2884213906946,280.83073022986645,147.61426966695961,241.37803311024896,201.08098613289545,227.06220814201077,155.78260054338332,178.18936369653431,200.28365740832078,239.2240317656651,108.27935463898685,182.70968681207438,209.70483635294613,229.13681068897444,220.24026100396202,275.3129448718744,123.82950891041877,164.4300603408695,143.80585432220346,254.21720533307,144.12534622086574,251.13575982139065,127.35452194689066,138.15561381869827,210.802451441857,225.04539011847095,244.58197215694406,242.5389385407905
143.12875621125812,171.4438008761005,259.1731439923414,127.31109527054042,191.7830543284249,267.057000619475,141.42347378432217,298.89272487479775,184.37286312790462,227.82158437212857,179.75590196180684,175.66932060518906,192.97594973649646,253.12863863767728,124.70892943273559,175.4327205092324,223.33932385932025,161.41089709368003,243.31336780412857,256.34209446250134,111.86799210072836,140.19818721113342,138.7567909569903,213.74094464563666,182.57757284370263,261.4242175535583,130.79375555157915,121.39650078478132,181.0645629192902,205.8457071051026,238.53488013227908,215.7596300547584
141.01450941747393,187.51223476628502,250.2345075385388,126.61989446489073,196.90905187185427,267.1813306969656,159.89679146153856,265.0262975105247,208.04537076169584,236.69037474722546,161.5800720562869,173.08469994091848,194.58522353642036,244.00799533509604,110.49556005253486,174.66845800063572,214.63201082542025,175.0476686502729,220.44955912422853,281.68115260692076,113.2842244315455,132.184601232984,152.5669595502915,198.98635885045067,183.29695280131276,252.50643058432033,141.37473298790894,133.2338917571307,173.7317859727311,224.67887831341602,262.63120038245427,215.87807546631706
143.7247967249733,169.78874258165212,254.36102363266033,121.96221453299877,183.04366426975758,266.2400020691091,152.66046244652165,267.66331158954324,187.46056254802392,234.1953964785602,147.88863207973304,184.26057482812047,176.15315711902304,283.95330143810475,115.13227700318413,173.9726832515735,188.7836046517017,193.7732749616085,218.44089952862066,254.0448740338349,116.46966191133134,133.46921595725254,146.1771857491912,209.18363648688327,146.20765451126354,350.96098580153995,138.41801549980107,154.5252778245521,217.6289299628831,361.0574006189194,241.02016057543958,209.50028942173236
148.7443188650067,177.3519380293287,272.13054416293824,125.03139481163618,184.93183197177646,270.04910409906813,147.78163723015695,254.76167537602953,187.17162230066052,230.88645945265873,185.11925596112414,166.59206974396685,155.34350442199644,243.99618260842357,122.61530292627086,184.02881640830563,203.20396442682403,178.09460313554553,221.01464866348073,244.1271291923847,113.58736138140077,170.7857185311271,286.8160252730919,230.2682815150593,153.8029761053669,265.17792760179265,150.7181410794876,114.1840354875755,190.34802418184876,225.85594283658108,237.6421839442848,214.98877994298238
149.5337215066554,198.37922195581996,268.3382926396519,134.63213570925214,196.4199000098253,264.1896995690278,145.54367518503017,263.01863194494535,186.4533561158332,222.2663968867522,154.78275235843566,174.97679749217082,176.31068534410565,255.03980660885819,128.24732221902192,189.4532745092924,195.70369539511387,163.90982476197462,216.1766249484919,248.9744837049469,122.85470487008388,130.8717803413375,154.48840797173227,223.97823325229066,146.30204200804127,265.6795428591053,140.31619279089787,124.08709574039868,212.04809203872992,222.24501015971103,235.29693006518022,218.49409645505025
171.30908480484894,191.95583998012705,257.06879079720346,127.46344172100007,195.54481779192218,263.3042362929808,184.63973306907687,245.76202183652924,218.93779243168137,237.0237406755452,160.0359548029849,182.52394724447234,167.40419190517795,261.19845639666096,122.24711205434731,189.66443950876814,209.9945188012835,169.15549090410175,233.41638225896637,247.99308398927252,178.41730539723937,153.83367766624914,156.03284775063514,210.5201866208904,157.227589867827,260.9235277998658,162.52298164959245,115.12590072517163,179.5903972787097,217.28251565700623,243.69066651501512,209.2989049027417
154.33672411939648,193.72337426879017,251.64028357263172,122.5937128260494,172.4119394819907,255.9258468224014,139.96139305011565,293.28893083221396,204.83296039918244,255.03146537629152,166.6246189026665,169.49923389938226,148.18188976948713,246.1456981307993,122.4251393930701,180.1763459976844,192.9869147203997,180.7608560173485,216.58216013178762,258.07258170355385,118.04844963343766,130.02249887271748,149.8707165363356,350.8097013871748,151.6102125525789,250.2121009670709,130.12067398843814,163.963963558351,176.12668211581064,212.62115358808518,242.38822292233823,234.31870984692992
148.53883767780312,174.38767306932698,263.4442524027206,124.57989717312078,191.67381505424592,294.4280026467868,148.75949681793006,243.12240802338786,205.01637443002065,249.0676122377729,167.45265268462816,201.8791599311387,186.6182780308589,273.8860574815503,124.9981090240121,183.77740362633236,190.34244925221054,170.86730308804445,221.83224282264408,266.48472856043793,127.73816671475903,125.56219306512861,146.931018802497,203.72067587167402,150.91881704404256,270.41098342200496,149.10561787587628,111.62029045391263,215.61815492530053,219.02849066686534,263.6565781602937,213.4949239820942
164.99671363536865,194.1683280707335,280.1478560907549,154.4238226172953,173.93251348501605,291.6381514478012,149.4562779484282,263.50594076098133,185.90764597803323,255.3670435383704,186.94975336807542,168.67875604753726,193.22325225482376,249.79547212928105,145.97302710808006,188.51234885263443,189.27750217375032,161.4634650533916,211.8260426037721,271.4803830547928,121.40249460235538,122.66278691137526,137.45184704681427,222.8705982471483,158.3942624237689,250.57185670897866,150.4088090023508,130.08431494121263,217.4237113689239,261.331317913621,234.86281616165115,234.42839442877383
146.0695117050148,189.77700218608027,257.2199632740021,162.732352681113,179.6074700698643,269.1415520631472,140.04649345309252,238.46680479120639,195.7460793352356,259.80085697277104,150.4253679390879,177.58670769678588,161.88222867957538,250.90852651654313,113.32446520581863,189.16690994244044,252.09620813074477,159.28735801852272,236.57131204652745,255.77505554315957,145.0715644065297,168.45707006501937,148.59855833855673,241.62021390212945,145.71165526400264,249.41883457284112,134.3665559223972,119.48140816811184,178.641910533627,242.3870557115936,261.39204785125577,224.75493304408099
159.9597779515335,176.86287293873752,267.3737295946613,122.76924556292006,191.77442152591271,272.2762958867095,158.8401970916144,276.9523894816865,189.4014667940536,256.2780556015153,235.76532531848682,165.41504634286764,159.3535253405685,251.38646725131417,136.21974229213464,174.1949970215617,198.33936188759594,162.08537279078325,232.80759210917816,263.5032047937819,141.22570854613895,136.5594821281848,139.39186078972645,214.0668376234304,171.52636491691646,287.5327629253957,126.15392874272372,152.7679990832803,206.78916351592062,211.47820856667974,242.23669588041204,211.60723409401407
167.36283743171046,168.16762895744182,262.14349560144365,140.10049917102864,181.9118962750314,253.50688911370204,134.31088026391566,238.15303512219444,205.08257017927073,222.3993341831733,169.99282549520856,185.6465063453856,155.2190507606242,247.62259125267082,137.30379862715432,197.3748573984302,206.84676193998385,183.06650879223582,266.73679112253325,252.84495039218675,117.18033195531204,145.2599486657478,141.7165748707748,214.07646728761853,179.52486101204371,247.04078899603982,127.77431101315817,110.32827271885586,222.67766007332642,213.45231996770715,325.6744399301211,224.87930921406922
149.9899477947568,165.47102232845813,257.9823731669347,122.65043070182337,196.1587918773568,252.916401111262,147.98856782736235,263.5577188546629,199.4159541581387,259.57633099942467,146.8480748004277,189.20103089626647,205.8374013981643,244.5142647850326,110.99156835751084,176.93601687077967,202.97956028826133,177.62182315730024,209.3437727651938,243.23368086785442,106.56029026444774,144.314447630011,139.623146045309,206.08431904657422,150.1302609893223,255.7224452181118,138.08394417719407,109.85589954518399,198.4372277090944,252.05892651945817,248.05368869934776,212.58919448683721
135.56445087187785,165.73913515023122,257.2257754934639,131.9473265730427,177.95256215157247,267.21121043132683,159.28777370399345,281.6924237520227,200.90770787977937,227.83951083747857,161.85601345573127,162.61063923697182,175.10039113742394,238.05339938547183,125.61166957926523,172.5487057304241,194.60125247360878,166.61327655284668,291.53354615461694,253.03452368364867,120.04592349913759,132.74234503103753,147.8542910001243,204.97016953874365,142.11266056912623,261.94839653012144,131.85915301525836,134.26337906786972,204.68779310193028,207.2495566415866,235.08329434604477,220.4439011935315
147.5668299472971,170.8688545952265,254.8614122772155,132.2225611393387,174.7808222943061,274.9179670405485,135.58482433705825,259.8227639463765,195.84787598727942,224.2137933645896,172.56189566371896,168.19095346835445,150.6201632550651,243.8112258559085,110.17145563856519,184.27165882015697,194.79701274890638,166.71160612174225,228.81373285005407,243.64674894230927,122.99441679219692,130.27062100273594,195.96761732597304,242.0220550806298,142.664877152119,254.02440068113566,141.55803398242875,127.70131237284644,171.8077011067698,211.94632355902647,247.89596409450866,255.0585248173029
156.25643783896732,176.63952640661958,318.4026300772895,114.79455522523394,196.0168714885638,264.3237740181583,132.10970006120243,259.79288190101147,202.4127716534194,225.33301942902315,156.4342485108492,197.90077389657984,151.96276086715974,240.8699755802912,128.93038674636256,174.69083978428574,252.49522002854428,202.19216726280928,235.21934108308338,249.20187327182583,114.76729148314531,123.23093408583264,144.5443087239864,209.04579082776146,149.41424955496132,274.56673124932456,124.78316842365987,120.39521486275578,174.0081854531305,207.17160507205833,247.91571005454583,236.188406306258
152.67438363798811,211.36360198696764,257.56701297160754,139.50675112601806,185.88343479682737,278.386538088475,217.2249766514044,238.35653741401654,198.8169355815661,237.3734615676982,154.52039008486273,176.53528245363933,155.6755051883912,242.97038433002305,120.55210490313246,171.93324037752004,201.40647435198522,161.70027069352435,214.18136612392286,245.18218224928512,117.77284574599443,162.93969475449433,142.34922884325346,218.45595381534278,159.7798981436062,251.5140621319754,144.03651970976298,119.21326603060922,182.38871007971392,213.46850332678764,239.00023031497193,221.0053581990965
136.04837991774139,163.2527991072547,251.2325171381971,127.51909550087457,176.77483317829828,257.94708263381295,151.30006208990358,240.31474634777928,207.99561954441316,217.79839709918764,165.46001758184823,170.92911453288957,151.39800610201402,278.9236461755302,171.35745571465412,176.99435177183952,203.76921838954553,181.0099282071558,214.30360911812988,244.37507801779336,130.6759027634382,145.1583908866611,145.41219480000197,203.37037998186022,153.92736336457534,278.04969827233464,171.52197410812232,117.98299320263891,180.08381567953154,228.6073631367947,241.918420680287,226.8959103224567
166.50127650275897,173.95709339245434,263.4976638906787,138.26959831426322,195.03117113053028,264.4592371321555,145.038020598142,260.9116061084918,201.9670719753556,229.21954000352426,160.70908058528434,175.1492576711572,172.09079516320315,242.50108050235303,141.26556731757194,167.62591066605466,220.47917026026985,157.84404227642148,209.19661267120674,268.24491781895557,126.0576090088537,156.00434407534988,158.68896727363116,204.40971320840734,150.29442962213693,260.5729673464832,150.24707203609017,128.42817970527483,188.59087088179217,236.62434329714483,245.64760232268677,227.41735342003452
158.3269403900085,169.07664779592065,257.72205811747517,132.07569172565255,180.28602004438628,262.54061123739353,156.02437262569518,261.07669471849766,187.6474095968369,238.9370684238403,155.8008526540062,188.10450166944347,166.9966602913253,248.72362523476093,125.99913015767963,323.6776268109164,198.9815792327798,185.7875716791734,230.81320198108716,258.539599464507,156.330603840744,134.40290674862447,144.11480453665925,252.00365709995222,142.03012951847936,246.450383435388,145.07839740105942,120.7359530933482,182.60269650736512,210.51405870738353,251.627685474112,230.90549948337292
153.88959883523276,183.96407920648994,265.8922681424615,140.3163246600326,182.42361625418317,268.43240330337306,151.00883894655817,260.41308511414945,202.62851295561228,234.09947425313175,171.5757490060569,198.1006888929947,149.3260569125098,253.74406225865746,168.49107196383693,185.8657505929714,236.88913949390513,159.48678791630286,217.47614801039543,258.554088436706,124.39127634543944,150.0060927470538,150.3190592155634,240.39448664964127,140.89134379011585,250.8955250309195,126.5663525172341,137.31219500976192,199.9809144314687,221.7869933548965,236.64431435833126,214.76654720943432
153.03975679398903,171.62071455798852,249.6509850978678,140.81264602207068,175.41804170388534,261.0545582594223,140.18105053535396,266.9245364100016,201.14802542480493,222.06715475223533,156.9968935819687,200.0103933261566,153.905347116856,237.17874951580941,166.45037780827144,191.4434762858013,198.04081340083616,159.0673467148829,219.38582402853774,258.61136688912484,107.30698385615709,119.37687370254828,145.61803932897035,211.05509634675263,143.06769988132032,250.29782400569863,166.43645099346978,118.3675337282727,199.32062940029,230.8770952061697,248.18302591744734,373.59252451411606
141.2860534053412,204.13868583769272,262.5297563713793,124.72965770302636,184.37226000631009,251.35020357386728,139.74973548306562,242.67202482291424,205.8870228976828,228.48184216786674,171.03450083901842,179.11831230754262,155.07266224866902,249.7567002122244,119.71642846068521,205.3503866115165,208.85343703599204,178.15420938276273,227.70110152714932,266.1467514813411,126.46039001792695,141.79900581111366,150.7921091017252,201.56800818267712,138.86573578278765,255.77353913709007,142.8011241318543,123.79360917657225,182.29647946154915,231.18425943740405,256.99721509278857,219.56487845032672
171.68400948335244,170.2548074642133,258.55655950800684,135.93500284988247,178.21516602209826,265.67444607494207,159.7550250405747,269.1878289613,193.9550950140358,248.8810404659312,155.35204000561401,165.76130106125075,147.94751861889415,247.94608404665686,147.7185490217476,207.42971384837995,212.15392510045382,163.93135574837507,210.28636640416596,258.2886372084009,125.39832231424955,123.5702906289664,144.4235273987355,235.63263125376713,160.1752381617603,289.02557585652556,128.53606768867002,143.2074917473782,176.0915886225296,219.41216052014656,248.84463425314553,207.00037539379483
152.10988355392024,225.1433406988803,259.6934951956827,127.84040341981952,182.28022960933674,251.18741461511283,136.3117168687239,238.02933916906363,190.04629931524693,237.9004012558535,147.11635950167803,167.02197253508166,163.68738948985035,241.33850750375078,119.2599986028869,178.20796195699498,201.70980782038725,191.9497156362438,213.08776829583343,244.94067460012698,176.8360815547419,123.40362897872217,153.91093609798406,209.66387339373537,157.40798722533825,317.0505612333976,151.6152996247242,128.4990982543319,188.25859530048535,209.0355127068774,277.1509536466457,261.1015676029502
139.9306302247322,173.5070149113529,259.76592545479593,130.3484010248241,200.5965181312356,284.9921990932452,142.68940052481645,263.2843132469651,191.0420808094612,227.0246119356688,165.49630087995524,217.43419149852224,153.8054434489776,247.42030170786944,122.65955274958282,176.30966179980388,190.63272519904822,159.02006760616632,214.46606473446877,262.58342105104896,125.56041163239315,127.41169137170898,144.55399094372245,225.2215220356521,159.8276194456488,254.95576287221536,139.21119574759146,118.26867630629667,176.00368351822254,206.35970137752082,232.79311800502754,224.17608933268454
175.23042095450302,215.91426630298548,259.5591463045064,144.28523548665476,179.32465518389512,263.43826099450433,173.91138385043828,248.03575032637724,227.9087460238414,281.4915036973928,177.818660575355,176.61125504930033,168.37156015098668,247.06429605851943,117.47169945787626,172.40420199481025,197.09375766232338,171.42919094187025,219.86408409379192,246.93271146862295,121.2374633259202,154.22062259263058,143.53881149741247,211.9531655509569,149.20715820414057,250.41880447703403,128.0591992839537,139.9413080407196,209.55097189551705,218.0062608069636,245.88719066467448,222.36788419450644
165.8078117624069,259.7529919154515,248.64374360586936,144.60096936197593,186.50326502184052,274.2023880986086,131.69399957301664,263.70680272240605,206.01174514591398,232.58076861155143,175.53933783468753,171.89804621689828,147.78423480193047,246.88054016444644,117.32706655319237,179.33602386693815,202.68032513687996,188.83827664494018,221.5379879270929,242.92256928178935,122.6624505799101,121.32926391327813,156.03058577367543,243.66624262855834,140.80964643747714,253.7300792517146,144.09598702409477,120.45291472313696,174.1587290227283,249.12686575949448,241.64766258984605,214.84483028328003
144.77462595676812,187.92102343278344,277.83670234909664,165.01218687243357,201.9169694948318,259.7537168445868,145.05821773206577,300.5162072489161,195.517557014871,227.86964451671204,149.14359600150186,174.75671203380406,165.38623871933925,248.6433984366578,116.1292711586957,184.45539743531543,215.45895761374732,198.50910555949264,214.794430192958,260.301176530068,117.02704441124894,152.16118427093554,158.68990535365103,209.07617060250092,135.7549698149286,273.9355660532423,130.67135707429202,119.69673007090321,215.74105336619795,215.44691637835993,251.2407252330474,223.3100437819961
149.1095640529163,231.45662629844645,262.75049391072247,170.62057282011813,186.4905266620435,261.754933147082,167.56319283211917,268.1794266780481,200.94381256532714,252.70654366464674,164.94101884796794,164.7133600685642,158.1936769553659,266.42198553020273,113.6913523113948,182.7850708224165,192.16239761021825,179.78917764875845,229.51487676514859,248.85182573684216,109.53278549988242,129.08176411791126,146.71267672803828,208.9745955265705,141.64492806251022,280.2751337027082,181.4443390422937,134.13706204717278,242.425111348625,225.11141323559823,253.02834163205026,207.20553860396217
146.22082282495222,186.74267684532253,259.99487440635426,126.49913217590648,204.58119288260207,270.253411548199,152.87129359841902,284.36943911147006,193.15228895354124,234.43216168776436,170.5235074805469,198.35812009462586,173.67756319118428,271.91641080234314,124.12063716392166,179.287178158204,192.43270677248233,207.50661117882913,220.3311727960333,270.4453519752426,112.9390797821011,123.6512268592512,152.29028981061168,210.966820541319,167.40093012581562,300.85378698299496,153.0337885138321,163.81702363814634,188.02543998845036,204.05828082308093,245.23116180131393,222.65658335132383
135.80841707430332,184.57388462621103,271.80576202574804,145.51002309690506,227.59536000719277,257.5294208112912,145.9096667824312,276.62922307455506,191.99099375183533,231.25889360647082,158.1995622820677,198.5194187804904,188.26560961621624,270.6961402488135,125.46736011986357,331.77318224129937,202.06361623611537,160.5508153976096,215.79317304117848,277.174684707485,116.6391106189273,149.33131078428502,161.1349549421784,231.53949435787746,146.83652252507846,254.82780452283424,129.9861351570747,110.11049324462442,183.77596799919576,239.0978011132807,272.54127910844454,211.33057860466945
146.3391088379423,189.1720260771893,259.0324712550625,136.98627839892478,178.47459804440928,287.15513576815715,134.0202797555749,263.6443792429477,192.45264503726102,229.6912966264369,169.3563092261127,168.1984473654146,146.05185447830266,258.4999423357722,114.78106027128239,204.2273986658402,191.0866677019685,328.09605190099626,228.5121773428883,252.87975395378558,130.74863372257767,123.59026084743766,147.93844551142794,198.8354200435289,144.65284283308222,265.6265603480367,133.14120793519706,131.48634809713434,185.2902415558686,224.84114345564888,285.904352179265,234.9141887151816
145.717343126117,168.13696561816704,257.0607773191868,131.24882649418618,178.8952787535457,259.2679669985211,140.4677138203989,260.4950861211054,198.70160786583256,235.63411132460402,164.6070007916701,167.81215478207707,150.41133334874132,236.9846373017908,138.06804406442689,188.52910079186475,214.79564154522734,161.10878256056253,215.43057509421388,243.37174918447508,155.87054190504242,177.5420948443503,194.42188640482965,214.95592481265228,151.6225771957535,270.55366410397124,137.14286672857224,128.22699263534517,192.44234217209345,216.41606258601675,233.17212942441796,221.85958186859878
146.75376574795126,175.27329410584372,291.5732809408964,122.03286369809115,185.6904282819964,258.8223830038578,134.08190801231493,258.454878960803,235.16261030371106,233.50527932821592,160.08769182067246,168.98562385108076,178.08928057694524,274.5280334824353,122.9595287329788,187.62525586017506,189.92053277528314,179.00537098657043,217.297545661144,251.63371946007493,112.88359107826037,139.14557997248983,152.90972869958455,216.06469673027402,142.92576767094658,269.07391514217494,140.7385138827995,139.84424262034463,171.25056376257825,210.20543708561706,248.95410264328297,211.61598891752806
170.9910032352098,180.1518170508073,257.3119505590319,119.96955008246469,176.66930906430753,269.68835257491037,149.5598837239221,250.89616515954216,232.47464751000638,243.74492857539195,166.5932614923944,161.78243574673502,185.03953396563307,242.1538533517357,126.0570588117379,194.0492424242973,201.04689463814233,181.53121357468083,213.54123557235462,244.57155094151332,141.8986440085293,128.09552224725644,155.02236063693073,230.62871842576521,176.87198997306228,261.0412706613766,134.07504264415695,122.60618639182147,198.3078782905046,217.54979248281907,264.54388400139396,215.51798906568902
142.16706617106362,171.35665140780114,298.79531167254913,117.81963521100973,205.87748262154318,262.23795766622425,141.38536041352086,242.89440229933712,200.74966050220849,243.47264259189075,169.09745003127463,180.1889755748436,177.73950472324788,278.3860319731797,131.39278841680039,176.2800511001107,204.3034810120837,258.02661411290734,213.29170193993488,269.9356793307892,119.04717339814674,141.8195449896811,181.28306295606694,215.54138345947547,186.31369741878828,257.73068671167937,148.11955137566594,115.62900197243108,197.38039916747323,238.72110192351118,253.11443379474326,207.1913554275948
151.90616467245377,207.85769319694447,259.9739838601546,125.81272591653376,205.23167776010627,289.032373901042,161.95668455156724,251.09850652623678,192.3144031957092,231.07405537249682,153.84261237798293,195.5900079922807,168.658794932959,270.31708881756197,123.81994596044262,172.81493779839363,189.37393364025965,171.88730569319858,209.2292464298331,287.1753472026571,107.06567808546865,145.1909636921578,169.04737732527462,204.06824594562585,169.23747721246414,249.34928988130426,134.271072250865,130.12114893478554,187.43174070922976,216.48661787056878,245.75837959965247,208.38530644054745
151.7196255697186,167.39828088752412,342.4816896597547,166.60343427174618,186.23708117400525,274.45558977022847,142.7502730225745,256.9652638926932,221.51057381156556,233.7978710368717,165.6569648621134,176.6305077221726,164.00351602232,264.6188048710211,128.0066256814808,192.46764322795096,226.75614219542476,160.7502427719664,207.41494003937427,251.28397403023084,140.54285014457162,152.46601042522292,141.74364115170613,208.10891109747092,169.48140606596397,282.63939387236513,294.03012855471815,127.2951631514103,182.4517449663034,211.79544047585517,263.59732823309315,223.7126145204662
145.45955618244517,189.20300611602045,270.64469223242975,134.62947125694237,214.42146542228164,252.39437023745094,154.47824950823596,393.69781782792495,218.15914886198678,220.9197016352258,178.72687111295818,167.73851123522806,164.19347155875,250.97604059111768,132.16372279380494,172.96254122485837,201.54249220167156,170.76128681254423,206.5894770372945,246.7177375763451,108.05734560539116,127.28299358563574,176.11241698363432,209.5283163946153,166.8687468051635,269.20550468512704,134.30756793943982,133.94744471106983,224.59817816785312,289.50694385809743,259.1259528826393,219.30348352107248
136.51575193638473,196.7403950798573,282.78493555648816,136.67132738537384,209.79380371844456,263.3875185142037,166.24133335613212,253.48142928934203,193.8558391034343,223.90652681990576,157.04748811231372,209.3027657371889,145.84838915441608,251.97460549750858,118.83721216211174,187.44852444368172,185.11211950423635,161.43839099870968,226.38281944226938,275.27390043043744,145.41811567171305,150.6691423190707,150.02120789496846,229.83056008954816,157.94851772954348,255.73689544195594,125.24226994065302,109.71254868350007,204.14047642842115,211.200054688613,267.19764339982834,204.72880137028184
152.2621727917099,192.98522339580774,256.2552418035118,117.14882283857061,179.26000309142188,260.6053227634068,141.8850324036366,250.35107958252846,241.76494842843726,244.08039571135004,177.14001254540295,169.06571533577014,180.97332192050774,258.721661018594,126.01713083724981,173.47284924387586,205.82389021641882,172.0121309194287,232.44121552589834,261.1487376636456,114.76117359599829,124.58658911220871,188.63152079896915,212.4705099598307,148.01194017570398,312.08121374930187,133.70291100011246,119.50468381511983,199.3941444713136,217.18016808578068,237.59247183188756,239.23100736875773
142.54860198597098,170.40418542396503,285.7737198057309,126.8160001666037,175.4764694208966,259.30888905154563,137.92566145835977,250.26965305575678,202.52696682327428,219.1604901878929,150.04588805465505,168.5009956854396,194.89281168049774,281.8742244061898,114.46526806081272,194.5752412330108,191.8489218669976,166.47804057750258,261.6206011433105,250.77582946775394,132.38711289211696,136.31572801095427,186.22759104536988,242.62156121199465,151.33283700987766,261.74624626457404,131.34092458309667,139.01707493656937,201.32103251707724,219.94234623832637,235.89169375963883,227.71273614176275
147.10306026751346,179.1582189871362,259.730854146002,116.18386506397292,200.677190722366,261.31178434460537,139.48453563852132,253.6902014177262,191.5215965265407,239.96035268208846,150.23845885298985,170.46816880414397,179.74373297462182,258.9664890928862,119.05318076231846,174.73936550224545,191.8700929186145,207.22714588936486,217.391439201094,270.6570512173689,106.71378327974908,153.7916997207621,151.07306207956225,269.91050271844796,143.79723005096167,259.86467739926326,131.03293780007192,115.61152747028328,182.15316670557047,220.8837952586476,245.89891836446506,239.15820626236717
137.90323459632194,190.06355594334184,326.4075868460967,158.12362232998854,195.0232165030227,288.9919839940729,132.59502420969298,258.2625930112481,202.2456669783235,246.7759152987103,176.9886075709117,161.65699077295764,156.80118857204943,271.1543859351181,117.78012598967246,174.29606641308376,196.8028713078561,164.77104657635832,260.9444192728957,252.53594100975303,111.3869885358704,143.59430772845468,144.26735910068794,207.20977664788154,147.11173497089393,255.32933160909744,135.8770815746532,123.74387537021045,183.1153320619227,215.98134808095938,258.52046247895527,215.3000318252308
140.96078320262947,171.14687357673287,272.50416074383224,127.09661582484037,190.37393649659361,272.4185301711532,143.47487909735213,243.86947380955667,205.2171394962049,256.6614083169565,180.16825866949813,199.70508062693693,167.93473093958247,255.6674712312795,111.81553729296331,202.134677657097,204.69163275857812,173.73711906093564,233.08992902548778,293.76286007328366,115.57529451049656,130.1719376905344,151.77654836284466,215.50574436023211,155.09469412871056,271.9506593529928,166.8627705187501,113.37259335727242,177.9453872196884,213.8566788950777,249.47684878395324,205.317226357513
150.8189876022746,171.64763404572344,271.77599166776355,128.5518064875472,181.1276015203698,249.7892655827865,158.9431991529857,254.97938649089824,204.19314539605682,224.91159903089704,160.97750922839646,180.54347715147597,202.9474378317057,246.09550065990436,125.1605504316525,175.2363054258312,338.02393145243485,169.89520057039886,210.6166251457931,244.36578488018355,136.863109774087,150.60048595137886,150.24714207690602,213.59925345937688,150.80611885675629,267.0767259729695,147.0829415040335,121.4356098000379,188.85061697802803,202.81381117020544,246.92889359492128,213.60389446307255
137.93104884509088,166.62010917668115,294.78153069462155,155.86338548796,193.97353211907148,261.7722759403365,135.59274170227573,241.0326476972541,200.78045651708885,256.938339141189,162.74520938325443,175.17007273155957,165.64898715274296,283.86774863738333,129.7851642971488,169.84995986382395,199.04493048200496,194.1148569162188,225.6263647496997,273.4851093073248,105.70678736512826,129.86183997272366,154.93306686683994,236.19009647645584,154.65850567818745,259.999086006462,136.45476842272737,124.30475732774157,201.17069930115227,223.40935826955115,239.8291671565392,219.0617395568711
143.87666594985802,173.04766579865984,253.6968990184388,116.33215219032836,177.08147273825946,262.61112466335703,139.29188544522802,280.9845370780914,349.14786522471843,223.95840428429847,207.5160974557827,204.98896473187511,203.09582302356637,257.2706192161547,123.28241849307688,177.51172891390152,202.6180144573542,161.10566518155056,221.49536770225401,243.9736312910539,111.57986083874037,152.89147920824473,152.3643630574714,234.21183062272405,155.5022426800789,277.8760263363208,155.96928635950658,142.38615298537704,179.0062526196653,234.15099157907937,293.77184183015135,209.99911912946877
160.38781687983777,186.74564687547678,279.21052964167075,137.6714164791355,184.6842731253676,255.72794090067805,154.84454617980361,243.40549501960902,188.05927787605478,223.67940830150064,168.04031135818386,163.2082485753266,173.40462404807445,252.88818161912448,124.1642584348004,188.2477333915743,216.0979083883736,158.24952057794192,240.38706917904386,294.2811822680967,152.95525090049514,145.47663037248543,158.29740613476005,205.65686439596266,147.27506442547192,254.76255753521298,132.04381578112967,111.33887419945569,193.4172465429667,228.3629018929441,256.66046335324313,245.31557208583578
175.90705821305647,181.22970995634324,275.9074678647738,142.8117529660637,189.29015923865697,272.259168459771,132.41265100486305,241.06544458907746,214.22213890381218,222.51491861816885,183.1549435322849,164.59957900183448,156.39534725497066,279.5592961403521,134.97840690584513,351.23354488131287,207.79584289522904,158.62528637568875,220.6800938273284,262.01778579784116,139.02195389608553,140.03673849321788,137.33216757620502,199.9155036478934,159.73586524429325,258.2570247885286,136.86222038029885,131.86279275810054,181.65994533284115,249.93687761542125,250.22215844918574,221.46220839770305
145.31658721354296,165.23527533474453,301.34049263052276,134.18943853089934,185.23193169064302,265.398680775656,169.9307376660543,246.95767532044795,203.81117542335426,249.2325253313811,155.78745228076372,191.31154915454982,303.84051335650344,277.82400978419435,117.5360792849429,191.409013825562,205.64496795906183,165.63915744547882,228.38945889765697,256.973419713172,121.70316824678989,151.8598814322927,174.234562323891,226.02685771045452,145.54681414025785,269.75232897235037,165.03272957691655,138.12301800465298,184.56800082963946,241.77341883925178,282.41915767077194,231.8194338746239
137.612269997235,173.52095954461447,301.63378657691703,122.02353469914985,195.95577773686253,257.64018243489767,173.6246000078764,262.3731455033471,208.524633188473,223.95515966347196,153.2445606451003,161.96279162010546,165.39571097979925,252.3991223282597,126.64796459189891,175.3418779442777,211.49450606205687,163.00444162024206,214.94252785438962,250.42034938436598,119.77318636654621,128.3677499149759,139.7200767928173,233.72547542469542,144.44658966746488,418.9132222320855,131.25447144579215,109.7651642110889,191.94017066632202,213.58999817683642,274.9805646725643,209.90612200696518
156.7602234630896,239.8022215167959,260.4453353364447,128.91086610332366,185.05779133387867,251.9495327548966,158.1889798031571,259.30828818738973,195.3430865619094,233.04657078734633,152.52118476060653,171.00246690620915,173.83727852687414,240.43062262188943,146.17982706012157,169.34242222214067,230.02329982371566,164.5350645616676,214.3557961681674,259.1367470607693,125.9453878070486,119.32820104008793,140.07753945312604,203.31688876937866,138.311687092253,260.45194437684677,163.46581581570868,134.2176482617628,218.84176058514686,209.42008167742497,237.25631637279093,215.03316831161467
147.50843094541762,194.95616179246468,270.36126050550905,138.11450621474606,198.74347688397452,256.1294616237707,139.44749153750547,242.0801324378389,190.9581704967851,226.23353315843238,148.53555465494335,171.59015695309984,172.943559743031,259.4172514486391,130.3432365018661,203.76500051897742,201.62780827229423,159.27981761335676,240.12126639080665,252.67559909190794,112.17075207687137,128.32247208180567,161.4361167149601,217.4980365635401,153.8815572293833,257.31792550160543,165.762681949089,139.34483308916373,182.8335657126033,216.43993930028356,260.1534956491835,218.45499266519397
158.22386906224122,172.22842600110067,258.6209302117039,169.49189855729134,180.97917369186277,259.32267813770085,147.18963589154143,271.2080359176147,203.13014010094554,225.2375978529372,158.8693621544074,170.22554660163732,159.31488748501746,276.7800983262324,116.92478856555464,170.22589401205727,190.30265199917102,159.8213771364068,222.32206794309775,240.29918215345455,122.74804170869673,177.8250747622266,155.36557657683716,203.51232626328894,147.45185698487205,283.1945943384888,135.59379295189925,133.33103739027507,183.92430503449242,204.79320818317473,275.7817199823123,214.76074324195645
149.04287138770266,173.26670164111476,260.89531194871097,125.57332883313302,248.0555435699212,281.0478082410421,162.1980963640668,275.2335304150746,193.07553619737834,228.64324181995755,173.66942289345775,184.86380737980548,164.51999501539473,245.32949427536394,114.69005601490558,181.31437926467575,189.64490730392458,171.4001384501147,220.417240402334,255.05511112548,119.49187803020098,126.39002465586806,135.0272493528384,212.73060077637152,179.35647749798508,443.42594747320703,127.84608482417713,116.00712907256492,190.9822060271993,216.48595359615905,249.19544661403677,218.20119254406558
145.09941086828405,329.8147114949361,248.64537878306473,115.40616566713938,190.47470052144013,266.1621185738132,136.49103924713575,241.64724416319712,225.23802446636222,231.75577447032236,176.50631924604602,181.63855998752763,148.06005337539955,267.8810191748504,128.80075373643552,192.6664308013355,186.95127773022915,160.32133880923337,210.70179205579794,275.4969261749554,153.48795748386777,135.94961118832086,151.60971551985097,205.6876799928457,146.32242477037087,246.93511440696747,140.9914383869894,137.70360278415612,190.65730073786057,204.24098427263982,258.3233656180411,210.26631130420017
146.30181556735894,207.30389484854544,268.86704791703824,137.67077847635704,180.76292917006816,264.5749857945197,147.3663235884188,239.97520291463007,222.79849434172053,234.08250655781762,159.92632059839664,195.64624793372406,164.6521075663552,237.97552182735333,151.28146489336672,169.28889250683577,186.730360044463,178.92548898388435,210.21629743727112,246.17948643294412,128.00556749370475,143.0397876635118,175.83912803075663,202.8338666898079,159.7360533564612,291.05335321738465,155.47133543064976,113.67414742355636,187.33877243752207,223.63869440149878,254.252642528722,207.84150371844655
144.93067706714345,182.77811915928922,264.18102492726507,132.5150668513177,187.00487383089134,280.01278623743036,157.33829865859886,239.28457537350525,194.67149813607418,225.37220445612235,150.8091451751809,164.3375581086298,151.4574624100613,243.97566509350852,112.1229398946208,181.17001137814106,201.45504200785084,182.35814282355332,243.0790086642211,265.5848638411078,148.40663179251447,126.82994964279983,141.45230249728758,198.91877183231082,184.0102187123934,247.01254286474156,147.31840887276365,123.22364674621483,228.25220332162695,219.93345946053117,284.7450021252971,210.36963916338715
