Node_0,Node_1,Node_2,Node_3,Node_4,Node_5,Node_6,Node_7,Node_8,Node_9,Node_10,Node_11,Node_12,Node_13,Node_14,Node_15,Node_16,Node_17,Node_18,Node_19,Node_20,Node_21,Node_22,Node_23,Node_24,Node_25,Node_26,Node_27,Node_28,Node_29,Node_30,Node_31
47.29616387878863,49.56889424381271,65.63154118698016,54.084858836372455,54.38278795746408,65.8718770779276,76.85391050911818,77.48142973834288,67.15765036128538,79.08870150376318,76.61995493402291,73.88706921230029,55.402917179726465,60.17250965138925,59.748109733280934,63.72071736391605,47.517274959639934,36.9277829466277,47.939266446657385,44.28364026861329,36.97834745069897,26.86598146460119,23.17102985612133,29.242954692483714,38.360651249551594,20.99525325789609,26.607164342139782,27.18180196949108,45.420597077611504,48.46526606865707,50.724127578774244,54.81401785846055
61.81755556856278,51.162184653696315,70.33616212586911,72.90539428658877,60.67974932657469,78.81977422187461,77.21268628214266,74.84024652525495,59.32651601628488,70.47803328839396,75.25187451401408,60.881255132439534,55.940063647615425,45.137850154462676,60.183950166094725,56.92356518855325,51.44437372301446,36.70019567163076,46.336968351988396,29.589423346565283,20.76358761561314,37.717796564907104,21.10841166470256,19.383000016413256,38.80692646940139,26.640533035322726,37.898085212556985,41.47785826053263,45.04480031958537,37.96986383345723,51.48787084094239,53.33842819725864
71.27045198619906,57.55891368123118,62.59872614620202,75.87796687137262,70.29116546762806,73.21118014427843,71.7532169804824,62.92842514657252,59.6423474273626,56.27702943223636,61.786412939556975,48.36885421754242,61.43179492099174,45.296716704388764,53.30488703652279,42.6616854921069,44.43759896065617,38.56914964790423,34.32163493628093,20.417059817190395,24.540204982850124,38.19405727214593,35.470477723252166,27.0466612252587,34.767481906868824,38.539540172681924,48.50278993760235,53.04433968353723,40.34065689970366,41.59360610464997,46.55132268674648,51.170766726164565
66.0244892755254,70.53639441275632,59.166638419257744,64.73496509952,78.88736643712531,59.515870576863215,61.1531224953836,55.98480579386994,66.4461216325493,48.06682101816376,49.1867967420869,45.831576057633704,57.48729351464195,52.33868983719528,37.61211430458192,29.76540425166873,25.461452495760767,39.92995164850026,21.643865617097546,23.276587047914436,38.447059181261494,23.133354569559145,43.18801969763255,39.645202544248306,29.35468896706074,50.24694846648532,57.65489073318445,53.07943779331372,47.46631982632917,59.072175185916265,51.21743347262272,54.75673761047659
59.34383849841567,79.29459407747225,70.59789646189732,59.6927224183047,76.96243886747145,62.94232814819829,52.6386460139171,62.66872204581263,65.41885278303056,51.625600772769246,37.77913508648864,52.67423460682133,43.75567096703354,46.02753500927061,25.08754362260616,21.946161513773106,22.951546945799183,41.68804531910869,23.886412556566082,32.78913937315928,37.278466758040146,27.881049996075657,41.01889859946298,50.568387357227685,35.10067341784624,57.397057548213596,56.33016127999812,52.09693353377553,67.02534953602955,70.78591588857388,64.9921173020321,62.951084004321615
62.91092604195654,78.91472661320279,78.14200387789278,68.78948068105926,65.04146047196247,70.2424571611215,52.35364746044059,64.21080080394194,50.56650007639399,54.34370848356858,36.1600171146069,47.536422345730124,27.34839264179855,32.08026627077975,21.863678094070117,26.956330905520016,36.48040415035791,33.283768190249184,35.38218355472907,42.9948820439853,28.11173771863701,45.79360604303475,33.87383730246614,47.70456281463407,50.07132450950743,59.712450931426375,54.373409350648814,50.35867866775012,72.45952181428682,65.23596561514145,75.14157407438287,72.0371217470549
72.65984030243193,69.09868387011589,66.7394437775058,73.89170954028063,50.16165770186167,57.91356882062377,53.84087569271999,50.72495853334143,34.375912538483774,46.96796510357139,40.17005743996524,33.41799680495116,22.84264688177327,19.89485232695216,29.256554396864352,35.99807414055528,39.17140270701484,28.830012363233063,45.248256361380946,46.746080371940536,32.79270741187453,49.523016853795404,41.20078614686708,43.22740612548051,64.94426508634606,57.69420347613775,55.74957310328128,56.52636630037512,64.15666374657452,60.36236285440521,78.66210144608243,80.80186464086066
76.9771209780377,56.57603190572399,50.87337554541678,54.80539807876302,43.84529547232425,38.925397776023296,55.51296349388815,31.32019164436525,31.273620068713807,33.78588350742252,43.25958831277544,20.66018271598151,29.672378473503937,28.305194758091297,39.41363414886804,40.5836951552786,27.823098368105,28.87851645410933,44.45097324692471,46.431171616639375,51.12511786222858,46.64193733691725,56.16084477561526,50.33823061382631,69.98161145269627,55.80670605565403,57.61075339296075,69.03160731409658,60.40948316673494,72.22613632367663,66.3088957426237,78.95599001002785
66.49847095995038,48.34991833273221,47.63016719876306,40.2376981342122,45.67672544223296,39.50485661650802,49.05906733263078,29.11382998322034,37.475380249881034,22.40447601123304,37.16165851164142,24.04091078683504,37.27586017459589,39.94728825717758,43.91651560505219,40.00260795593216,29.40409941045039,33.53193731818074,37.622905150911336,41.566056024515646,63.76705065467077,49.25974871689678,69.94938910304506,67.43347947593605,67.50283296794512,57.290828624896236,63.588834552155774,77.7827491321934,73.3057378604703,78.98118316927464,57.320586389895176,65.76817033650994
50.6394242349113,47.53130229773706,55.30086019771693,44.3146930851549,47.90350439329692,46.53416688831817,39.486581910153355,37.73373092375139,40.69071151173782,22.42037604525941,26.17355483857846,36.33474883585773,42.524767394328975,39.595131019067075,38.8085743552052,33.884931222231046,48.3260769558736,44.442495673276,41.322071989712285,45.94743835331914,60.15992475156151,66.67856219439007,67.02725008592653,76.21552852213122,61.370010424977515,64.44703272917516,73.00497986213229,78.48248758314811,77.71390977415001,66.37682646483937,56.03291880015122,53.53821322178734
40.40626198708875,49.25515479928824,51.694544237889076,47.59901200772993,46.745006377560756,38.07787742681333,29.533040773386958,41.87143201082375,33.7718777161342,31.212451710413315,22.69107405443302,42.28706954850509,35.711986080831295,32.952899320994796,37.81810812816324,38.12679243587274,59.37962418190637,58.666144974782924,59.735900757229594,58.898670061977796,55.52402676216541,75.47639844259565,60.06568901631743,73.6887549808267,60.78479655898455,73.1710872282579,77.88109999012232,68.67765656065573,63.20081592381847,50.554097925346795,61.451569615267125,41.78153521056083
41.787821222601394,49.069669525171214,35.032463068982814,36.06625187854502,36.44770168004344,21.73741332777563,20.92778082212251,30.17797903735327,22.55895969974545,43.413496819985966,25.102889210910437,38.77226119580724,32.32791498263355,35.61258525133284,37.53388893249939,44.623358734532374,53.3127145092576,68.58437055107775,72.73776791250665,69.54551267295136,62.367716763282225,63.962118014635195,62.21701934008691,62.423007753405166,66.9955494718351,76.22255860475254,73.79538382275209,54.19812125021053,47.23103911354609,53.68280025575857,63.26260198109618,39.64039247263657
45.19358857509686,44.825022631856264,23.798337173088733,22.014532974823695,26.081613741378852,24.32027050767891,22.493265251576698,23.529191992277013,25.01323744659724,42.87438180782444,39.734202404830306,32.643698343262884,38.041784755495456,52.24514517917357,51.5163887768371,62.24632447227829,51.50503089213807,74.18756879014448,73.21125603820164,78.7477112784706,78.93320641452273,62.50345996595335,71.6798972127328,58.76221083001493,75.8145909244524,73.41939464542234,63.02180920091614,46.80288731695181,51.83187698505757,57.63774301901771,49.81251149622651,40.24150950980136
42.80801348947489,30.546206997479445,28.379228204220322,25.871231981662127,20.554349016864847,40.53120584891872,32.78662856115947,31.84690056340978,39.43756637673362,37.9323806040295,53.868787852351005,41.81850402659796,52.88113762129441,68.95244854403023,64.9466280008554,72.96276736372207,67.6191128261779,71.10574894550712,63.5179682825553,76.33737241964452,75.51615496667216,71.02232671959786,77.91042770586073,63.860263694071755,70.32386811455982,62.61737487811135,50.174065573206036,47.62900916570744,56.44471124064075,47.688748729044846,33.9982725411302,43.0663852632171
30.059732092303914,24.467122203808337,39.595071328911516,39.540122173659384,25.052794084546058,39.87092194356475,43.59847474307627,47.41497022833106,51.97544299454289,38.09161248087124,61.73137308109872,58.181768180173265,67.74803493441236,67.00758072071179,74.33094113270784,76.18697449875667,80.66247009050494,64.04209189434079,59.504057204970216,68.18703833346785,60.48317608205269,74.82112884805987,65.63814440117638,67.26317315611348,60.38642482043996,48.07235810517845,37.867099994636305,49.945490371071756,46.74615181407479,29.03378068609511,25.284643594567306,43.55665864088985
19.785180058166986,18.68211076295542,37.30279030867889,38.18258322547096,39.27793061146625,29.67398585374368,54.719058940237815,54.060186233245865,56.874096607823205,47.75783768216009,61.55487806795227,72.05094115307746,72.04232199375222,60.071025643966195,73.54109550493679,68.92121095839005,69.86365440957904,58.798449258796936,67.57940591792416,57.188337356914445,56.1698845790989,58.22183770614259,50.770189029142564,59.74102551392703,44.84041171996509,36.83585167857541,34.1679256823167,47.530873770874415,29.597931153188416,28.35911848363616,30.377374865735675,34.127655977951086
24.117534972740046,26.73082182135892,28.390268482640067,28.141047393508618,49.554435886217654,38.90352399680459,54.729140557367835,48.44318937415683,49.85226872591535,65.29930527850081,54.728144214758686,69.34293877614473,66.4781984424799,61.16905060614984,66.30070769522852,61.66697905192449,60.51675623735006,57.80061764853512,74.7587719352479,54.254149797872,61.03764172239055,45.645819022692876,44.442477700929956,45.056519666696644,34.39927214819718,29.81816806396273,32.411277265691126,37.179061752753825,23.272516313501058,37.35520143883256,38.63471878251625,27.53554316722984
37.824176175747205,38.542163185489,30.278024752022564,36.68643046151136,53.84360098740319,58.047686959184425,52.42056729625386,47.60576532771178,52.064802870650375,74.30259955600131,57.13563384326651,60.14948009715816,60.33048894742811,75.15998487715636,60.26338319896036,59.61860799170748,62.70853303159958,62.72278186223286,69.12218540683986,54.799791720584786,61.164337831410826,51.71543352254116,48.758863881269974,31.893705727908696,33.485812186942624,30.137799713079236,38.1882096955398,25.000433409944986,35.78911812037331,35.963136591587585,39.51460760122345,22.892287353117073
48.044570973695556,49.77905140336243,45.90258150198809,57.77609397334336,52.151132387547584,63.83813729084962,50.910042052387176,62.63114433993187,65.78262383912384,71.30638634712223,64.98799850343828,61.55764289410092,63.06000039569999,81.11638019022318,60.534751959613416,63.46632403974475,71.56200396844244,64.25581407793494,52.553380483914154,56.319965803419336,47.144593875834644,54.84840244143822,49.1745791871939,33.5881294601879,41.06639420205899,36.716920704309985,40.83147412186068,21.675488446003182,38.76896248612285,22.461973632876955,33.31093869960291,26.116283267423402
50.37024347134112,57.21400203547348,61.39096592210976,63.33238931766656,50.47398395527657,56.958238669349015,56.88609602105021,76.80415387949355,78.60867035315542,64.13857234718576,75.53872193978266,72.33626118113598,70.41640797698604,67.88585357682646,63.8781613322914,67.63338187905148,61.05356076272698,62.44185674329112,39.02550577135737,55.3903041469284,31.498707908689546,37.13082272825396,36.579162825081454,40.02410276282334,38.7800430185186,38.940634257928934,38.280096352718104,23.907892323456768,29.251632114670848,26.40697865240372,27.82716596722084,37.51862202833147
45.09414850557013,54.34361885418136,60.25589056854164,55.88848962569719,54.21710684028228,59.278981310894025,65.7183632196787,76.3576661540821,77.80315278191974,61.32135468914356,78.67904785758729,78.06464339286248,74.45022269338092,51.016797957484485,65.87457666338028,63.346110988085016,40.388543547723174,53.28683920237258,38.232801896281764,44.48671951901013,32.98539096835571,23.758279245785758,24.619180231372784,39.03812465895938,34.27012349050431,38.85153023154435,34.31556041846335,33.57772510036671,25.471500458297847,46.13040759576499,37.42392736395447,49.27078219526119
45.6154459262361,52.835830169279916,54.455467557648774,57.57546420091816,68.06056006828531,76.10513765861342,74.11292559104355,60.679117576189256,65.5635456167694,65.54032380311064,70.90415393447063,67.08381326814988,66.89943883071552,48.52631842954225,58.98185158418143,51.06099923597838,37.47776985192806,40.061401935210434,43.765474197564295,31.723586657027578,40.18598955586451,29.87812927257182,21.272835787004137,28.301435986560364,27.379592183941675,37.810142579298535,27.456781951043855,46.675585999064644,40.92021863563332,53.95978353356453,52.59632277505558,61.44219286183909
59.14984018801841,54.754805207338805,62.85782655607135,71.42285995756133,78.15666946423832,76.55153842696865,79.76625448848314,60.83323028498177,57.14123677720586,71.88085548215655,56.81654326748116,49.249839663822826,50.00856422627866,55.31414523869637,45.199326339686856,34.57444589518715,43.81949222818386,30.07390384981465,43.372596085732376,20.472811582516083,37.02082915964929,38.92473398957208,31.560983638495724,22.632146209827688,23.466292281981474,33.11811317863335,28.923051322857734,49.03421481193418,55.66069765381369,45.78253365561331,63.46514196100917,67.44662288929688
75.1749250260535,63.7417197602616,77.97161338609493,81.18733130536798,78.57272154511122,62.46803425372147,73.62601688070521,66.76570496080865,58.369538139236774,67.22363563108699,43.91829625243607,40.02228575969828,37.730326180985756,52.8951535838121,30.988043147763644,26.948531045754702,40.60617444306234,21.93179926137627,29.85806501611776,22.450814230634144,24.091172835814874,35.645969385530776,42.315471035611594,29.723846835114234,34.08670014512439,31.85653044223131,37.276360871846435,47.99931119378811,55.623760249571994,47.48587811151021,65.52624457144813,62.31637524235998
78.14250385898568,73.78671552448004,78.2544007683119,67.15943245826902,69.0446243414381,58.18504172423601,64.0113056483715,291.97390904194117,62.63876360755182,51.92325122119265,41.790918664744645,44.07173047785666,35.63799052262909,37.33831010603493,24.647112651828024,27.904215901631026,24.710497247853063,23.374912182269274,20.986469838323387,31.687900426906307,23.910146575867575,25.97295616844063,42.75762596483236,44.637897912212686,46.22479589991813,39.06806804876286,51.55431990106901,46.41954261499938,48.68029657847998,67.9822777331942,60.14086981394349,61.50409879874907
71.70980346280872,77.97356594915377,64.84913229845182,58.366228818092786,57.54574480744223,65.11704040929942,51.12085507416241,280.43663415870105,58.336868561374914,39.285107124095994,43.872829411492596,48.53407005646221,39.03689808993684,23.964109208252218,29.998974996139605,35.59024262808041,21.477746752356875,29.247361890313886,24.26519571401206,41.075651416472034,38.67490680157488,36.07955937311192,34.021289647711185,56.113317241072686,58.77145914427553,50.47984342678869,64.59342632868544,52.504669872932624,59.784713738243475,75.45692673948919,58.617774036774115,58.32628452001069
57.36468783071207,76.47841396805708,54.75308207563734,62.23648497691841,48.695946999417934,64.11278469141389,43.294384809345516,262.83917491613784,41.21391569596228,33.53449257169916,46.75526388519586,39.6797326261884,41.13509109400955,26.63552343081522,39.540463392169194,40.18846853457861,34.32039424605598,38.93682618478724,38.949545985210214,45.879807173410086,50.20819154820217,55.52353796161741,40.025060004677066,51.42981109378357,62.15167484452812,63.637614433298644,75.12948933060589,65.01973176309554,77.1423268052215,65.37946004880173,67.6585329547669,63.035502960839224
59.355407237999756,63.33979311222758,59.81983560397522,68.73664093011499,48.63959561033635,44.29201861684829,38.47832263927456,260.3422861217118,28.884362469647645,37.1765733252881,41.4826481779707,26.060401473707707,35.46668691058119,37.11486298760468,39.802975181678974,38.382934002644845,44.338775129019886,47.125906005023495,49.221773880039365,46.25075626637263,47.01762353065314,55.97369093827139,56.442355122182114,50.147240221135476,59.145414185473065,74.71446637069806,73.31329984409653,76.33745897664993,75.0730890322133,60.8985768616263,77.62334589598765,70.17095942634175
64.53154691724104,49.10175474562556,64.98989766236222,52.69450906069211,51.327153508075774,34.317556164567634,40.291970005964146,43.42536333337341,27.453083692318913,40.54117602996107,31.004229246400666,19.685993489920648,24.73786324846673,39.75861179082583,36.060736293736134,32.05269880650133,37.57673346960143,49.666326815346174,46.81607869886596,44.75228938557818,44.507489508121346,48.04884908934243,69.95389236981487,54.32747606687971,56.26335237812558,76.62628248155697,67.80067244197319,77.98701107760293,60.89404676191115,70.62673455423656,74.94119399118236,74.98132802295382
65.7602293407196,42.15781517640601,54.032983191043165,35.323345485540116,48.87498572423551,43.12125995489877,42.623154368901,43.71138358156419,37.126287822646475,36.9134725548842,21.382424178463907,28.264379773959956,22.660231915077606,32.61131619332268,31.729256227399663,32.20744974339247,33.405992585327375,48.64922121544219,44.10073737350856,46.5601123432731,56.06199545974354,57.7965550319099,70.55595868444999,70.27623602661109,61.33733567140742,72.6596159219468,64.31397138557922,71.71733477879515,58.39775363703264,75.13711848975592,64.76341830893878,68.24120868488777
55.603780208852875,43.28029359958091,34.35258089143727,36.30031464286494,41.73134372392993,42.789370477991504,39.589601106169845,29.098720084999986,40.23374768219752,27.515180525873863,22.23614974742328,40.9767127187302,33.6221285812841,29.958598137069437,31.795296931013375,35.72742009620549,49.351664721613574,46.58171592720386,48.08816985181475,54.46582108575855,72.92572561867655,76.5841548832128,63.23363183518928,78.39166716846835,73.53160337063129,65.65291262159344,57.07422988903534,61.010033426329564,69.24298364076726,61.16116679163933,48.32886142132028,56.859065450725446
36.52891254625174,45.52058278761167,28.857266205763988,43.35989204099776,28.876884025619535,28.33850799884577,34.98199515645362,19.997928562281714,34.377621235123165,21.29107033374945,30.52034130630309,46.71711325153304,47.90954837956806,43.49960913314515,43.91629754581748,51.478865840853985,65.55092434418235,50.387232907113884,65.4609686674684,67.01064574181348,73.42134273494281,74.09561295947455,60.574864694320304,74.21378837879155,79.95374681182312,58.675729418359246,355.3781100816557,54.290851916621136,68.73153216022352,45.890758649766376,42.965100373315046,42.12027448024793
28.11025144387526,44.75855402183568,37.56015326337501,36.863425441461374,21.284165838198167,19.69103257093456,27.388852845058405,29.24545025083224,24.726944777346933,29.381694892476386,47.41424065856076,40.42489588234889,57.959863189593726,60.934318911588626,58.22337644888536,66.1289957259903,64.01652621811928,58.87419762455379,77.10451871248192,77.63246982313657,62.95498365393289,63.82036343531093,70.32543474550766,61.94289484711151,73.58507622087218,54.47997908305108,356.5269326006982,52.33838083629384,50.100524952084,48.11330385485378,46.74302573782155,31.64087786493932
31.249688225038046,39.114149755621376,40.79842617153887,21.603497793240443,21.872290629729843,34.67142129894767,23.514779935561446,45.13660282311892,31.30220163380706,46.47899969507137,54.01136012505431,40.945558721831006,56.246991612861535,62.871921103963935,72.1802102180181,72.96591080922624,55.80450825194923,68.40489429297054,72.37781917478546,78.00869263035658,61.00450235614702,61.92780910044808,77.45399523432974,56.88143571893396,58.87020291919891,56.606310565378735,356.4611126862274,55.74063328997087,37.42756342872283,53.33952183385801,50.078686446029586,30.32561762470622
39.94126119878822,29.421453300126416,28.064085047173467,22.884022286877617,34.91671926175188,43.917948006264076,30.177628968294975,46.48939726686206,45.8961650216314,57.40525329477606,57.04488233905183,52.55613415684952,51.29960650460265,56.0215177591326,72.20098773128356,70.08865200047309,65.1378853303748,76.75290501317595,62.97849147696047,70.5139580535966,69.22215061193013,74.37877383025176,68.99262360257613,58.24071681689814,44.964201897376064,56.62160634374777,353.73516455345214,55.05687334750058,39.61819434901359,39.7491452629551,40.78794483705448,33.62117729445016
38.62195470553642,24.347330911102944,19.3485930172946,39.789494423726474,42.79895064678184,35.1243953664681,41.68857423027165,40.2369631127691,60.72476440730728,59.990164049640455,55.07511207098426,68.30785148422126,54.47265861867807,56.53571959970301,65.2946326179623,63.20663602725719,79.66489789631532,80.93914524279543,59.31680148764017,59.006865982366,74.963960891717,68.4632777808925,50.97445943584104,64.19215883784499,41.864782991677366,56.343299107916025,344.625811363939,46.370377385843824,44.26592604446296,24.452084924044108,26.470246749045582,37.00526652588709
30.273495727067587,23.328754393932112,30.63828210603892,44.63012512108727,51.019868055046736,35.81693278784736,55.35398311886831,42.50715909865564,59.243842131150586,56.53065995642204,53.730229493762394,75.74614328413932,64.90743918165383,70.14455365929693,59.87374312267291,57.518108832192404,74.12395386045225,73.31012718102701,65.40222716722894,51.85368922427826,59.85250761832387,49.38670571954582,42.02026717109529,54.564485645681316,44.70530219625571,48.660124682888224,329.4224916754598,30.46336467867348,36.658207700713405,26.848802976853488,19.638771683476627,39.706702871460706
24.263281341350936,33.13331217020649,46.69068617059992,37.091374216329,47.5695242434967,55.189620626254836,64.31515411745734,56.9142404572242,55.28411533738217,54.282542278788355,60.302403951792705,67.16622123658392,78.9321182792161,79.4361320470541,61.04127167410463,63.61749439136699,60.00593163524477,63.31052831730729,69.49388457329553,53.898100617527994,42.53972059769535,41.15738189623975,43.79823798731586,36.809172125076145,46.92395075244024,37.47031050275479,320.7717682130495,22.231808293537384,22.092234777932244,38.45595884694845,24.634971023129072,38.67706426363014
31.540022456885204,47.6751861326523,51.94470406750716,40.87586558734018,46.22587544389533,66.74764713414456,66.18510379267975,73.55774975166086,54.867661583588685,65.68998523716071,70.55794721000416,60.40089469114737,79.85142955042367,74.05550549736402,69.19345356962965,67.2830566114577,54.52136370501307,50.55194998941072,62.21318614069064,55.78177166348182,43.43426843510606,48.08794685323057,48.45018590384961,27.214750073885842,42.603324969866286,25.739122750599684,21.67822258198208,21.7826678441061,26.39987418918949,36.12052977503058,38.594317251544005,32.44784592629321
46.87767726539919,57.79272842434564,46.05705670283426,61.51747487110274,49.60314034559754,61.43069088621884,61.59517895669915,69.62979115998989,68.7767103002946,77.73892735426945,77.81764674060014,63.95221842912093,69.51397799284332,57.46837543014689,70.45980127815298,70.46415701148962,62.469326673999184,40.577643526394056,43.99853440755079,54.920817180802516,49.953643700955936,45.9497538012762,39.11033623258599,29.410246260962257,30.892754389135703,22.341771668127716,24.07732167449773,32.56019074422871,39.73134617014305,25.980265441023192,45.41837630626216,29.46180689842033
59.35557263848585,60.83055080519464,47.82120778261791,68.28143023183901,62.41464555771773,56.77934316472186,59.992865508465414,61.77128359088492,79.78462264034852,79.36404442774293,77.56987048848306,69.83305674316448,57.179359114189495,52.21237898513677,65.86066802042421,59.66311430693899,56.807146251778086,41.138485128899994,32.39218624519501,44.1194354902191,41.159056614678896,30.10556603875566,25.992815512704897,38.95297452367446,22.557821157897834,21.480322514854674,34.4324765260799,43.39184127128261,42.326682715608705,31.197040652310832,43.79978732863158,35.75127970960207
62.170498291268515,58.529142285595576,65.85874799950446,62.551294815414,73.80029038477036,69.36234275132134,60.509933083928594,62.880560159975126,75.17311612916018,70.00285153255625,66.80003306253487,73.518114364782,48.140372784360665,60.9486381810282,52.06011002709342,42.599469806211026,37.594256794925876,38.91014529644356,34.4368129363865,30.24248613566641,25.871181358428853,19.35021436913787,20.415929565813254,37.77644114334812,23.402059420982773,32.223168103696295,45.40911621416715,44.88490696070302,34.41562179082193,51.3015890778075,40.91446965851158,50.858386229661754
56.51400655284125,56.13689154347756,77.3552067525745,57.25654913232845,78.60464096542631,78.1507698551146,66.6518802370494,71.82796341426629,60.56716484637412,57.25064777283834,51.785217379827934,57.89149771204114,53.4886297824424,58.708994353646226,37.60183905630368,31.259789818515287,29.035368090801583,41.426626368846925,41.815289509243485,20.90447059323277,22.328492304104905,32.472013902201205,30.516631239177787,29.647267576464213,29.942703266976057,41.581060495663344,49.53048171091376,42.99226291162236,39.82246625177005,58.096967573894865,46.536498667505064,64.87284776231859
57.24019109087826,58.72489783409142,72.5285793193136,72.37399713970451,75.87334455673948,67.86393559638783,71.899070684055,76.19220583985398,52.65942203255389,48.486415002803255,44.2054286227254,41.916052229574206,54.26444765279069,44.79529982021796,29.715555644819766,28.059056314695248,37.235592544433736,42.21689435549346,38.398069883744576,20.565122038912556,34.04693064087884,39.98301881996365,42.49676027344738,26.491578171946053,45.671622475437616,52.07506755489065,48.896666157055904,42.09961895217547,57.904155803453435,49.18865619637807,62.493092379092644,72.61100897431032
65.43222051792782,67.48209927519808,61.75509138175816,79.12465182340756,62.98382722097592,54.31513285787263,72.58891456833096,58.87438809738818,53.51534829965553,49.51132877836786,43.726143320465944,37.633802577653945,49.36435466334271,28.93244656111611,30.46246672639614,34.57277814793955,40.16368368822684,36.309289321966396,27.74508406593158,29.53467644960453,40.395728963586755,30.50862442829035,41.96049642171825,36.147408399585345,52.42148525477263,55.92750058823516,47.932694292385634,46.655676083430734,69.08269050996617,53.64810920976949,75.59777501490294,75.40795835763332
77.18465194173933,75.23965677198728,60.85247505808693,67.13657601079142,54.4115330310878,62.376140208616725,64.80994703839501,45.53364864751926,57.617357474884656,55.382915041540414,48.16689584312922,43.469317259246544,34.82716817461238,25.94642751336404,37.55443295819534,39.30661821779929,30.932232562319633,27.76517505546401,21.020042266106167,37.86240764556859,35.372161139715026,30.643690902103383,38.03457628039713,51.769532727860124,51.09633329604245,54.772872421520596,47.55334463807592,59.80464838067859,62.01569655344871,74.2946031897822,75.12661506863212,70.67887539531338
77.75211088131293,78.15603181222288,72.32309104969318,51.56307431435215,53.967823329473504,65.28511141313231,52.387375435500765,43.18634611626798,52.23213551120335,50.430818964824205,46.782574551751715,43.64402025542629,23.710894506708545,37.8730571840832,39.89687637122733,39.413296430008366,21.71624503503252,24.290739832161428,29.236921830298503,49.145758509029015,31.52593064911916,47.517192996404994,40.186966060812644,59.29092101394467,48.20536802232761,52.71468516312089,55.16970959049599,73.34602963579995,58.63690250457755,76.95096752088342,66.7116645637349,63.40826483794068
64.77790262130853,70.213942329322,69.41737510877265,56.399552520064795,54.98956292233499,49.9399716014587,39.018493804479064,47.01088599259796,38.77200705164009,35.66687736423582,38.84721592465768,34.35358438065053,22.566829236821828,39.983146199891124,34.454205493665484,34.283722779014504,31.73375702205661,24.148957540189368,47.063999315839574,48.250666514375354,45.88497858560695,61.30836590540984,56.09585035832894,59.562418612607644,52.332124240022594,54.844078918867204,65.26129832808179,78.29688218514076,69.47389144027898,65.51975840185666,59.47428418277099,59.96797667073272
52.97943931260761,56.757972545097125,53.06913681688406,61.471414564552376,57.03116757621693,34.06325736188446,28.430457139062487,47.6712645875282,25.091402163276484,21.768001061172956,26.170951309953068,20.49989690073623,33.25107066552432,31.73134085224422,28.6970519214569,27.702863482978614,48.04709627619121,37.15193219417063,55.49266866769751,46.60031537108464,61.4582587147687,55.63297932134449,70.55410627799898,54.893504611686275,63.09504984884027,61.04575398007008,74.49516037053466,76.34290192848398,79.62538959253439,58.5446527256643,59.68563671349783,60.350647688258164
48.8490157725465,41.546505013036004,37.36040990909201,48.618199105399256,48.07569197324671,34.797860893074585,28.87038561638697,29.472176334239556,27.169586492578656,20.67473659876249,20.38873011404099,22.727549524415927,41.05364616367621,23.73420137074006,27.953587063914476,31.30919630190758,49.346350246721855,50.41565555663746,51.22742431331673,44.80476642635675,66.12669919667125,53.71777329809161,71.348966030464,59.472706588412116,76.60501349483995,71.31950926293034,79.86866478528947,64.12430683565411,70.16245464029113,68.39562241496517,67.27205977312336,63.00363472728709
52.77480249618446,37.85639235691115,38.85516394136466,29.711146836152846,34.77635671818242,42.399693081306765,33.865392630534636,19.527609941995745,36.754703875798455,31.783157443864926,24.970604865212337,36.431334219213234,43.85975418449137,34.94334431094287,36.19688051295788,43.47501573603214,39.56978416624422,62.54792354867538,48.03047552817202,53.987926973271456,54.87173979441251,64.64895184332815,64.58779705807399,73.0186369870875,79.95493921933114,75.66397969309439,75.92910521123315,53.57935011633266,54.986855159372034,70.06311128108125,67.38465780357102,62.84418261601531
53.476667122184026,38.094231264057036,47.01216585879499,29.85159915639433,23.450824470080516,33.13808115019969,38.11466310171515,26.96919606608743,40.645228567655685,41.46331438785147,37.277663204307565,47.36691234270999,38.496860587136915,328.6986114138855,51.93970201959646,57.03695979498987,51.898595306095466,69.39864265016722,56.10133442095526,66.44225493988696,60.76193910513559,81.34928942957067,59.59343273487274,79.36549357898465,71.62522052197687,76.89360804332792,65.81067234639484,56.27758562774254,52.611834907598315,53.70604190315689,54.3218018718658,56.4317121269401
42.27058990901179,42.41370675810531,39.12556859547489,38.712214334386395,19.905838174726895,21.395162134761073,39.336947370201194,40.752778034499414,31.91159142809489,43.38160445837899,50.55414835067485,47.86737616615465,35.500447867795614,335.4188136623399,62.19607954193396,69.83539955648014,69.69906619395408,69.88418343897416,69.9619290229524,77.98413104742559,72.7295659218778,70.73185405966733,67.94717787158643,73.21472665465228,60.5950546989106,70.9091555484674,54.318716622373294,59.99099917430108,60.75775668460606,38.52866352725645,38.43547814720169,42.90260744434772
28.024735727370924,38.94059724128128,22.908935007247695,37.30235913718097,28.43599769188688,28.807448179333967,36.67580656826524,41.32123878100883,28.415129020801484,39.89642575967595,53.24308794312312,41.34911599644368,45.597580728877716,328.149189088817,67.44004787962005,67.3588828693596,73.28094606756483,65.08973678657476,78.71900254081834,79.11110456233168,78.39242749731483,58.69307384821784,75.71601648636666,56.61141376441698,50.36972581162506,57.963862805584135,44.690421712209165,61.325823689997,54.302105325562906,44.25838271018048,30.782169706439834,30.076121580518734
20.733114358168645,38.44785000124611,20.552974579479844,25.325212614773772,41.22391464395241,44.005361840628495,31.084617998662303,34.13110114865942,36.29447124704152,38.571946980208075,48.528750861729854,45.263335287044775,62.41810633679704,328.8502597178204,64.70184899971518,64.19932517928576,63.24726309855066,59.03717394758537,74.63742366470557,72.4717557872671,67.70195661664812,62.821104497310046,70.02099892991721,51.75775267967501,49.77840975251897,44.98817874316241,41.6068605882568,51.389741712998024,32.71653290410306,47.68441125842831,32.57084327903384,23.849530831978075
26.351144790985494,27.911147481854584,35.75392852998765,26.791176637435314,46.33217113454784,42.49665818909581,32.9237786989338,36.69811687152732,52.22744780919057,49.079300068471106,48.215579315136466,61.82454257454596,75.16250283449098,339.9795865754721,58.975708999278176,58.23238477978782,61.871047505337145,62.37385665093799,60.27282449373968,61.64700143686543,54.97352252658653,69.59063071295571,51.758090469638205,55.612687945516846,55.10309987825667,37.1763794259256,42.283101822514304,38.30428028103129,26.80852984549533,33.59828431933238,40.8891520927647,21.730937748363107
38.35758186798222,24.561695994895892,43.54860849017656,42.64600506902027,43.829219906966,35.73168480827313,39.53539434747177,54.826321300107786,65.00708604151396,62.933609288587114,53.22496257284227,75.91586402209917,74.15670179149326,355.06027987854236,60.695460532450035,63.5922980383157,75.69776395375226,64.43780208165333,57.364167197020855,51.731977608844836,56.81244645156936,60.80703414380745,41.6465187042672,56.104993280342455,53.97694145627197,30.71120436318414,43.72309299652226,25.715271815009274,34.556821890873046,21.774201346251843,38.22254061623919,29.37052553016063
43.32950219861166,26.50762700623119,42.27222092004704,52.08081280489751,40.83163860190671,46.87153701884522,55.03141156155572,67.96967824191627,62.82671853224824,74.33282351325931,65.26885545060051,73.04089676408807,64.2267833274316,350.40871603573964,71.41883843298629,72.20458732615437,77.20905726295497,65.85365985935313,62.98636614027724,51.336504217865055,62.02458111467095,40.81185461153515,42.66358593125485,47.3854604941063,44.813089164938205,35.35359245018739,44.125374699795934,21.787057063462846,40.46881751772427,26.49296439569657,29.12273544867049,40.721280200240045
40.14951548374298,40.39739103413323,34.938623093996995,43.652666567825655,42.87456747648054,64.87139278159508,69.8710466858988,64.5775601301784,58.3446689900841,73.88645702722944,77.52602796909717,65.25401473066732,59.62181873474822,60.99108707639619,77.03960474239128,73.78253013930693,57.951681695967565,67.20957943292028,63.65284133788291,51.95237472776373,51.89441102999911,39.88042917664371,49.12206663953413,32.33223366683378,29.80487963148492,37.68211936929135,36.85629277137364,29.641616568226873,29.807368351691636,39.14128219305575,24.28394899625864,44.71256665936283
34.90424800001876,53.20209737927716,47.133628735394716,46.62415199388591,55.641042904460946,67.1121201722673,74.32033383754228,58.72199420280171,61.20082716511417,64.85055884717356,79.50961554861136,58.90103443765289,64.75745329651637,57.20972933823902,72.7746560374361,67.75115145642926,47.41620784582352,61.35723015612971,53.22904448040584,54.74160750624208,33.69341585247731,45.12562888019907,40.110286076942046,21.40678196825301,21.932412437110575,38.90403179413572,31.146256754850494,38.16551582645979,21.75550804285718,38.14103538743894,30.638668449374016,42.985282868454775
42.692600437870176,63.26134626062781,64.68164621024594,64.21585952890989,68.56790367644139,56.87343625169767,74.98408656729154,60.205621797116656,72.71376320351483,61.20172372712237,71.75533206352523,64.87033624574175,69.44501468574641,61.670244136894276,60.90601734708685,54.4165239832443,51.450369471964045,50.88569381997989,36.432339501456255,49.06846569235443,29.554785295442684,38.87574243548431,25.837683227150652,27.132755222035993,22.8730727648417,39.11696540225495,23.494824889792902,42.87162687533028,34.93629236096537,31.849684232446926,48.01920206118423,42.406297946284916
58.91595704926107,67.38296727076263,71.76194739412222,73.67068070918295,77.9928512523902,64.09597601903062,67.05690719019914,75.42278790805865,79.22647787289179,64.25235241469706,60.61049389077537,69.75797487549124,68.73797815104905,64.32768959514301,42.356991536433476,38.977679900226114,53.7789370537363,33.998098495333004,26.190781777188132,33.380977623237925,36.89570415754685,23.096569641204034,21.42694362308745,39.18502785234318,34.85469118460462,32.027043476940925,26.04322438390136,38.978152499286374,51.134700251217275,37.677924646971086,57.539614880003434,42.72007842061268
69.73461442597475,61.53246394855399,62.5901648604033,66.64207037762563,77.33068837763375,77.8545961650549,61.69536743972527,76.71879012206341,70.62542068105108,72.06862495696275,49.76004944311605,63.69828347815514,57.86294029565597,54.49092512292513,34.721807929750554,34.20765509533661,37.93120819097733,25.429332862715064,31.726621647412564,23.314840067147117,37.94778972256461,24.1085077801242,30.232674882444236,41.127475709556705,43.786692640017556,29.481228295495903,32.99845783484567,36.21076891282545,50.563397947864814,57.71230804954933,57.80681919690425,49.25722781522142
71.56017024579214,59.032004852137874,59.46578581359671,59.70193348676884,66.18845013545207,77.06646071606367,56.4314170804453,64.20616201421052,53.90854199743386,68.59505037617112,51.22038202433874,48.34032567424266,41.65748064834208,35.589075436371594,35.22950103906924,34.6236005136099,24.65044342310048,21.057527915745524,39.11638500047116,21.235397701812193,28.39799306899762,37.6062326807687,42.22120794297208,35.587741003132436,45.42273280358612,31.63944717119129,44.303999973821874,39.10308806781625,46.03846429071633,63.86219136518242,54.356739896655256,62.34178409338216
63.67167345173823,62.17452219182177,69.76576630814986,68.18585791998741,59.847060556861486,57.68090124589574,60.014502016986434,51.243193046737254,44.77650779811228,55.60400403589834,51.78616096763095,34.604303551095846,30.574306148107304,30.44434250472088,40.12910177776979,39.23806213505986,30.410551531983256,26.66033973575613,38.053230839118676,27.102561653412817,21.727256400701815,42.33297361110482,44.43542694058607,30.601366103911403,42.19558073122636,42.462868051508764,60.17698034877376,51.30606506456937,52.23616303833332,54.32190070008028,55.20386763112766,72.29327899232906
62.566129351611124,68.91470112778693,77.20437652114943,75.28810673125444,54.79755046344595,53.43800313725542,61.61383522531726,48.88524541392063,47.73354640941997,38.09241569474804,52.27065299762337,34.96244484538222,32.99398524172673,36.86126008230197,41.032235312290055,39.67724302286837,39.51681150838472,34.47734185511176,29.622824983777193,38.81208619698454,33.16372998408002,32.20670404908706,37.452841087813795,40.04800447070009,40.660888321917675,53.737020605857225,68.35642692611795,68.59847155996971,72.67953801088126,60.04645376996804,67.05905263492409,79.61807280072497
66.02252051307524,74.68253628955416,70.25665739526613,65.23298572892911,61.549840060755166,62.88300039749887,61.14428767185038,56.606772373463194,51.86302209456318,31.039984733848577,43.749177034150996,41.7126710823328,38.56011282565278,43.36682578059184,32.9716875921864,33.198864750712346,36.12981217740293,42.19035952154079,25.614117384423384,47.19324874374016,50.739202523032525,35.942165294792794,37.740369907529924,58.23183880009441,49.785530190670556,68.99343800171336,68.29891030011122,75.34500540310019,75.5133092406213,74.85196971873243,80.13657325201687,76.52460818657707
74.04943567207276,73.86529554391697,52.020586445640504,47.72971115241211,61.50488175172646,56.48407189765563,52.27256686322336,49.040744386789584,45.482435437963844,35.50917645108136,31.11903265189852,40.50935047744816,40.67071777813778,30.89058645113884,26.963222527129613,25.843683972018876,26.416280046607813,44.58733349020369,36.16726174472301,49.24695723848019,51.289285444568215,54.93224874036678,52.374708002159004,67.91390859517604,62.89783323994788,73.69573319958336,64.74120907626967,72.4822660363352,63.86131177089418,78.19624244521798,78.50575140892738,67.1922156557992
70.80932606797492,65.92449072945492,46.80125538785012,46.50210498128985,55.51938988745664,37.59027945676944,41.02702301188722,34.0370094789096,29.174260157500292,41.9991974598075,21.785996179150768,29.02926075645403,32.87610204291684,23.80928875443523,23.644522452287678,24.966599767855072,33.762282117497904,43.54389031976489,50.58331164179376,47.0223079172604,45.488588983508265,65.82968345294785,67.62768269977344,64.67788181733577,75.11499483431109,73.17970701810776,60.84532170261475,67.27025606395281,60.197765175547154,65.16407813101956,66.43566017006808,54.76251892845634
54.98865308823671,48.71271814351942,52.13792103093815,52.55522627384275,40.17032080841688,29.825103248790573,26.839389841714176,22.355921923625633,21.317980583746227,39.38502939671475,22.10182148873932,20.89973116111135,25.281022966248834,28.011465486079338,31.724379783375497,33.921889040652246,51.21610858302466,43.22179144354118,61.061464430789655,46.36413852426179,50.85215279171763,59.69658593286646,72.90877979143421,58.63804859625552,77.3071622300562,68.28793662124443,58.310057838401455,60.46747360957713,69.42538288558532,55.71612772667007,52.74893299077152,49.55603032221534
42.03538965310163,36.73914958590627,49.401547519978735,45.531511099801165,27.780444459115984,38.492554318704386,22.104872826144994,28.979356288970017,26.233520329660976,29.52475259196138,30.553421180121326,29.0913649042679,25.6652058751179,43.18960438903753,43.803849259506386,48.92711609364889,56.23298136102827,44.64935554703008,58.64785267655886,51.186299679225854,70.08191133489635,56.77731250776098,64.56230314268578,61.036010052928916,70.89404085763641,61.4802998064012,61.17336483854575,57.52401025621968,74.82005203116908,66.2846524874331,48.80613236129882,49.448792718831456
37.034206348204386,33.077350198545865,36.16588313442389,28.172812970451375,21.521450293636182,39.196041127730076,23.782073349348405,40.38470515213014,38.456831280574825,24.70174247377765,41.820184927989466,44.62860069346899,38.56709121407609,54.353577906866356,56.927149868174716,64.16896997391092,48.766874235131674,51.83279850037877,50.40709633502449,64.32929472632782,75.69047701440121,73.63277471399975,59.04075825897378,73.3537008747017,61.25813738661629,57.8062438726193,69.40060046106667,63.56738564228618,57.292359090916676,65.4677742490819,54.783108960292175,52.04062821878185
41.88571434472034,35.87299535768203,25.466987558287606,23.818986506779098,26.562649076767624,22.4137236918355,32.637538831001514,36.541091860119096,43.844922554123016,26.589080811965786,51.423841989360604,53.06378767502724,55.80304613968892,49.951839626794346,60.07763236404211,64.72995788833973,54.59536544447494,62.37457695608658,61.60611796828644,77.51404846180131,66.59702082863895,80.37174547961938,68.65612021142981,76.74339922344831,56.92504345740772,57.07475356863603,68.55230904315819,66.57660663275227,44.57789856399075,44.84736843806096,56.34311933964258,52.976153297666606
42.813864749471094,40.55209270739081,27.82816679837475,35.985229585586154,36.30623966860873,22.777582693445154,41.909663811953585,27.37338363086874,35.96323693537739,42.455353144413344,47.220214062409326,49.88681171458244,62.12640122785959,45.977960435820584,59.714599791144195,62.267617392614575,70.01596346026137,73.10458684129456,74.45862938387558,79.43286544124261,59.53146192888577,64.24939494918883,76.12605965305177,68.04504955314714,59.60211711707762,61.02350568241192,65.9441197350351,59.64620390087912,43.58818386366181,33.88634765027508,44.40639867613763,45.794979401343625
37.75259119053993,40.60036133486912,38.458519298980114,39.309437106452414,43.10673338953745,39.74889095653084,45.58907152306332,31.212216869352652,34.56455147286832,58.02786298136442,45.56302764322802,46.9427440776812,59.954542724066236,57.49355796975863,57.53305565490797,59.02770831066275,78.77449866635021,79.5668974348001,78.9329366084777,72.58638812858845,68.49762376053584,55.610973612273604,71.41419920625795,52.63672538825209,63.207724433904716,62.012411097835496,53.866285401041466,44.593477728530736,51.09936686363915,39.244717766170645,29.657055691947992,34.698206204344274
23.153149455516637,33.81858191035413,38.31029040720097,27.820154477483186,40.9565214104532,47.20332427947027,45.96871836704509,49.06585337938381,44.15504480488884,60.51453763905986,46.1420118635373,54.44947022498351,55.3157710230522,74.4474755184822,58.845090960916856,61.61524149521088,65.61046279680389,78.30508160973027,71.16846591726814,62.06074789460414,74.5444440984578,62.49221890199811,53.6082345237887,42.449166838301856,59.173439876089596,55.17027972633406,40.09989148613344,30.59957086282828,40.609005134009664,43.42296951554623,23.05685213013858,25.29469004183314
21.674716991538972,30.001264750255096,29.365375073191533,28.51702357752637,36.69900157642207,40.07868146170903,45.08794300658979,63.67225621466222,61.342454159145504,56.70282707499103,58.291349098537545,71.05889627711086,60.079601094153595,77.6192832036621,70.70492845523431,69.16168826981593,60.13428719743424,66.86853825785785,58.4287557236349,51.8299597467879,64.49160622258647,66.26284169115192,41.576196626200264,48.73016256603843,47.10464769866803,46.25859230417598,27.036120186761288,24.115816920531557,24.312164484569706,30.886690955373307,28.57887829405841,19.837317459454088
33.24424558657617,25.54642205800986,30.753301860462944,47.466133007873225,35.84738454986513,41.388924088452214,44.09931345761701,58.20340761844315,72.40983715017357,54.79834931086873,71.8676904477336,79.62431051247214,69.5036670027059,63.81730155685976,76.69237142722896,75.83550540518554,67.64558303866703,58.00695123863437,53.24714354717504,48.28087750884129,46.4021991762974,49.32758283680199,43.17503466172792,48.994232564613334,30.677640438700564,31.424448667319677,22.292431499253684,26.896894913469744,22.856294025108962,19.67652102652937,38.41822845488804,26.69078352119574
44.848723840427546,34.11957589141616,45.66710919514156,56.89563690553115,45.733660468294616,61.278312524130975,53.6770192843702,54.46424312667955,68.56367918940309,63.32631858248768,79.88875289803565,71.60193391759131,78.5953817413241,59.885550362278366,76.85352515672147,74.63245029536078,73.07715832120132,48.77032961040994,57.064967180226695,52.060595867024354,43.37044318580362,33.26073402598414,47.927872560763895,43.652477494738875,23.57595418397236,22.91380847380788,26.314095050040443,39.153367460008845,37.00554468444239,30.1502219418344,42.33215541015261,37.676638572187514
52.32407608764756,47.00183099417,62.66567221615461,54.7501469620497,63.56126292701425,71.37355285838292,66.09729242202954,61.93816119413558,59.38369374510051,74.06462987011457,73.46963977397706,60.035162992508745,76.72997243004437,63.77441622022264,64.77574756706238,62.747910373164444,57.787326866657565,44.55219486906338,57.45006384468151,52.51775765525037,46.68984140643722,36.94768374125511,44.39751168093344,26.620371826994024,26.36139066411837,22.215709488069628,34.315017068107466,39.582695569486106,40.74655457484782,44.36661644781357,35.899707641498544,48.106979120565704
50.03459962013378,61.77921372385805,61.05298626927285,51.249929899683046,72.90514624947632,62.71984481919281,74.80905967030024,76.00671674241343,62.08598347562792,80.17277321675162,65.69888023765466,57.63989930598969,64.01319616996066,68.96797781937538,51.762595080394675,47.179159486774225,41.53644161064327,44.897870056980594,46.86890942496358,47.441580839685436,46.329705264697175,42.92166054809455,28.17338476291008,20.03858711493761,38.15133587022006,25.41999718333819,38.78253313298142,37.327331668460694,30.141109910345527,42.126145936125184,32.84799868545059,57.65501222143682
46.55214882311297,69.7809700425172,54.85445082193782,65.58070697386167,77.35825447382382,60.08382789026763,78.44911308509342,80.27433629277553,72.45299653501058,72.54036804805283,54.49721904729302,65.72190310204606,49.202176301980856,62.5572062252696,39.62314225212296,36.14689331631116,42.91847846313016,44.05635751788702,31.061333606635337,36.72472238488597,30.54224667724028,30.992413449873176,19.557136881256476,28.044428043376957,41.402666091763216,37.07928840029331,42.902424045096765,31.851044521463287,30.441199609248066,33.55095421582582,40.19378730613981,57.05738923227034
52.69535120803898,68.99498833461703,61.08188969490851,78.65798589894085,68.77936860663922,73.8928847424015,75.64791058495007,66.2481202814782,75.89680275845122,58.54800052375886,52.98087024158292,65.27824943407572,47.55285923870852,43.20140827900544,41.20628873970936,36.5012496340296,47.834016174269195,44.84342352465933,23.288866757282708,23.23891413607795,21.28964584434783,19.135341402822586,27.985298250300307,42.07005141061059,38.36743403942061,47.53627410817271,41.556290038798224,33.97514680374751,48.16527521929913,48.2951167296036,55.91196079719426,56.49845200828437
69.13956428705048,63.818540506607825,75.62246715653971,71.38073241784743,61.06068957998387,79.09075139444205,64.26132027990765,54.51789741440324,66.34806491702581,50.58831115076611,54.44078614095285,55.723469860441774,49.41896926481762,35.0100759781531,44.92467514993897,40.006998318929845,36.83263493177738,41.13605798270577,30.435786851098324,18.29478528048268,31.286494172054276,29.228308523866268,39.65053485895524,43.9034324312177,33.30657620277115,51.0875174899821,38.49577035933793,43.84831210046656,62.357548747572864,64.74654672118409,70.4383892275162,54.30517297172287
77.86815513976192,61.61429474218653,79.6109773862227,57.78146076982245,59.950176794844914,63.227458139580314,56.02131193289272,57.42634846902039,49.3435362050935,49.90141324720679,56.27649417920916,38.16132390198659,49.52382434109987,39.246612898091456,46.100499601158994,41.83194528810297,21.279521294357245,30.654984198489867,42.27941265529971,25.996608902030815,41.46359808167167,44.5723369369478,46.19403007539895,36.39020026033998,33.683615170421305,50.961871221893,40.67905320194118,59.5031326314341,61.04075481633357,68.14418467496199,73.31549524307758,58.447585698863755
75.80900766888817,62.68370106951367,66.7012982546044,65.01356017422154,64.16528097962508,51.89998542233795,48.3650856719545,62.57866492008716,42.72479537089974,53.712530924831036,51.03691302782881,30.797826571442954,43.10644882326849,43.26829187016863,36.82982830512837,36.81883411320987,22.084746503691687,23.269666485416998,39.16607739572069,34.95520354522409,39.39252943267577,42.29771865867361,38.31927963431409,37.22571246222934,45.47156796146484,49.203208486184806,49.38988868003663,68.30671031887456,54.34566422202022,58.40859834129045,65.52948043258816,67.39510987224389
62.62149046074754,67.96509771136692,54.85774607154214,71.62383443453082,66.52036347490211,56.105791589795295,47.39806001870417,54.30285792840718,42.8811718410335,48.09666670641979,37.325404543254145,34.81108327125574,28.650002144191856,34.52502062861065,27.254220975332085,27.7100774681021,37.42537057332948,22.56960844957322,31.254642059210315,46.25494993208856,32.90839315953661,35.16382637400368,39.080349438135954,46.8069374968904,62.776898309088466,51.7531324867891,62.102180842222374,71.8531101484729,63.836257299489766,61.839824914521564,60.18494010400294,76.04766112246826
57.84554233878356,72.86139436379176,58.037749896308036,62.06087075836503,62.38840509687432,59.07316402590979,49.0970946826325,36.93699508208503,47.653674865099056,36.01303830560496,25.04241103016237,39.38080662179437,20.827648389721045,22.628922930484375,21.514289169610308,24.09787826820868,41.159586255550494,29.643148304930552,28.1629738372263,49.21610075575237,39.8222400175999,46.94215605878212,50.40710008940815,64.3950929603938,71.93345929222946,56.86391723051303,72.4907933716209,67.41973617541181,78.25007837280044,77.98056388976482,66.1825471077044,77.59156029157377
58.24700918890289,69.05794338726763,63.993355408272016,43.344894698988796,49.99522823657739,41.919337088736526,50.4406358981617,26.23563225570882,39.14942626124547,23.3751026227455,19.64861419995648,35.31734057416236,24.041583975095232,22.827795736145802,25.762948889515915,26.912865713993735,31.547537685031898,42.33125012044576,42.19184976785535,48.57297694856995,59.443947710393026,65.83276987862263,68.62216356107304,73.78680596203321,72.20065435911992,66.22483285840522,79.71106564501679,61.34275655606487,74.74362536719006,74.96092224294833,72.87880078758137,72.48043082350341
63.480526099715476,54.50320302965519,55.69957307841288,37.40905144673294,35.14704976807237,28.43516786272539,42.13755487353184,32.58057123478331,26.521216748652055,22.41185258097622,24.751583358272846,24.435487482310133,36.28521311119942,37.17735872079519,37.33312560984719,41.724547256629954,35.192620249732464,54.61961240546725,59.82637718347175,47.73309402566994,69.54803572196515,65.92348479788913,74.61326078131049,66.31283410556564,65.6211188154533,74.19578785590478,77.4984026037667,60.07642182415344,59.94447070366976,60.27748387281499,313.4500337670487,58.264989446021836
59.86645149686482,41.36568229472227,354.34205994407813,46.696169559641305,26.772095764032457,33.68813622149662,32.12943058175567,39.69925707954042,18.51753548474971,30.032316032273965,38.346013876009835,23.001334741281614,44.9165673821983,49.424817072081,48.89098294895323,55.07558603070202,55.0114841143824,64.32159784836517,64.95303705942787,51.70061756941329,60.695403082767236,58.30269893716669,66.3288045230078,60.76305117530549,60.70782871176396,80.14172536478397,68.79074178577942,65.23078356689257,55.63982721748933,52.37547241698617,297.1025015662558,43.83363568950626
42.48170221768734,30.980453455787195,347.0060109249589,41.430255622901626,27.197927749636605,40.06772940809395,23.837868546431885,35.56132480071483,29.317929204631433,42.35990039737567,43.49315154311701,35.73139327688826,47.29899015114747,45.82184474703422,57.45064097133396,62.625919982244326,65.18892550584424,68.189288097019,62.35991975804613,64.87595719208511,57.60055220492384,62.94067411986715,58.7797573714499,61.90200520060844,62.68927112717128,76.28845495200518,57.50011358628476,70.9284639588873,63.961746592575516,59.34140025745933,283.62533000592464,38.2956788410756
29.32991852236086,28.086275010613875,356.3639149926193,26.024179988791776,35.29618709568592,29.063442711683535,20.106411137966443,20.721073680258876,41.616599282288995,44.388991152433896,44.79385757333854,50.55861342394836,40.836098726472386,41.613670387816256,55.14899052480297,60.323810731641274,57.899309519166465,65.09813731677855,58.563669153924614,75.53481297699162,69.52525319794928,76.5264211548372,64.53205132222325,72.73760005064912,69.5412121024629,65.62003215859119,49.11909368106858,63.173882395830354,62.77308254498512,59.50827357344507,276.5565267678288,37.70807887084405
27.644941595074226,34.6214181635298,360.58910788370804,19.440368193757507,41.79933973101613,21.77277412834217,27.039771067153772,27.860590281782294,45.5557768041575,39.70645536346573,42.17677589249075,58.40246375838132,42.02148860276242,51.85800236464795,51.9083994665332,55.12601125668719,56.29054229221728,62.9337367565533,64.04346555113467,79.04778531312567,79.30337332893147,75.68293350954653,73.73259679497608,75.40864519178568,72.31601528278688,54.698993408791196,49.633355419035695,51.373032512380476,43.622067106804046,39.041251161149034,279.0395234980105,40.238302475812304
32.30227074881795,38.654121381866524,31.214450479249795,35.2554745144512,39.1580576941607,35.07189831945783,39.28316488674294,44.400211247862366,39.71131140954054,38.3407005695768,41.143477331074685,50.82394975891408,54.87986036438677,68.29192850736742,56.5403620824102,56.026978555346545,68.97262859104036,59.24238164243301,78.12869781544839,74.27544863112954,69.63378366049173,57.88904932275969,69.81453836043022,62.082351344321914,63.87513403032857,44.35441493081716,49.774215254614525,39.098816329401025,31.0152347893267,29.152780310699676,283.3419701529287,42.45739790469813
40.09952366001728,39.78014410153082,22.243334147176252,42.00856785906306,33.59232761154088,48.46475241632977,51.88726373788857,54.2466935759915,39.581921074090126,46.53176202270059,49.71708104689349,52.45971401361406,71.42827947513804,75.91221595145646,66.00108863740628,66.51633342119851,79.728625971355,64.96741124418028,77.93838262494637,66.756391112942,55.0516166829086,54.038528547988264,56.907492795660104,48.040717353553276,48.67981711946112,36.42298375868481,51.06752279678995,30.576313947473338,36.81096261071899,35.46920157993848,276.87863065149645,38.651213318376875
36.53856142805239,35.13553590323121,29.581675923558542,35.03838338414066,29.93785152716288,46.367291380357216,58.32829062764278,53.2269007741221,52.79482816310949,62.53193989171633,65.0390025729866,63.21807228981974,77.40435632413232,67.41651694545828,75.36796391405375,75.21702710888329,71.42969651056593,67.80095575585234,68.17935164301912,54.14756247716575,53.14569534714207,62.719852288820846,41.76953070054008,38.96622593707679,34.828511134479385,36.72822708001874,46.85505283085843,31.192605947431446,42.12902416970958,38.59233279619392,25.642880468573903,31.99072813350972
29.086148074977373,30.568718877361473,48.464255476526226,33.78812197857662,36.29181598748704,40.98132531538661,57.77454791939881,49.29069391164767,68.48051478405573,72.87040684989178,77.33050312452943,77.10522170187012,74.15961928736826,60.510162916305255,77.39384112108252,77.1762719328786,56.11461566319535,71.84636173651606,51.4034686788421,49.014913697962726,60.825091286808174,56.23785829216206,39.779681646868106,40.542527658207085,31.269239659055117,40.57173957849473,38.75936741460633,37.321450067959205,31.632403207312354,30.06265214074559,19.01197757756714,25.692793667901572
27.129064839304327,30.537159403693988,51.84156344950015,49.83814494666258,54.139263596112414,55.2809880082422,55.56061016668917,59.02420720284399,76.11477001832202,73.75076662081418,76.74176643615029,78.14057288556013,64.39061155237377,65.22611740799236,70.07381852686842,68.71565024424694,60.584216655460324,69.00518338318214,48.2713897296976,50.03369438849824,54.46640837588602,37.55875154622943,48.11277400463089,45.949948376278165,34.933119392455076,42.54279749362622,29.357656452391815,38.06125421796144,21.174965369965715,21.275366441398866,28.572304685873775,25.681569886187265
39.81423669812718,39.764874730922514,46.72980665518545,64.70546787220586,67.62580757676903,72.0017345165044,55.0266405480625,71.89541113987843,70.60456120412661,64.81842832146438,70.13413746188495,68.30306450219692,58.84881599755422,74.50260747587056,60.08296348998653,55.865665555945746,66.84345436078351,57.72964864924362,54.02040537259433,52.35697638621,36.477260057301585,27.24863800753301,43.017176166009804,40.02896169329585,39.61371378247665,37.406287440923265,19.926076039124695,35.31779727677301,28.58545231768938,35.06084967365473,43.78849788895925,32.58747530880728
58.17133707664196,405.95252435782226,47.75115351778515,61.39029288106435,72.61614291186805,69.51591131785644,59.111190223033006,79.52064638468805,60.89881385624969,59.099724618715655,58.66994222627875,55.606175876853605,61.021735838933765,68.50139187653335,48.379796252476574,45.56179121631694,54.1317908624112,44.50074689018419,53.60249214787536,47.183126824436584,26.021827619905114,39.62064107019222,30.331479790115242,24.399959252806394,38.937057291460796,32.59828343390565,20.645244520048212,28.965495522160744,42.846053653984114,49.53703882960198,50.07017303032688,49.92948721118283
65.5123193910777,416.3027076386377,61.23285751214042,54.88796208498187,69.42086442049252,59.8790127545386,69.67849900981572,66.11325808801827,61.833056505878794,63.303823319745824,55.39963901171747,57.803488760677425,65.12067391603104,51.19513622425573,46.026985636695784,40.29077043229083,34.379652316927576,32.89778229434347,40.48862972264539,38.58646573083158,30.033047032195988,38.44337524864816,19.394863623176736,21.592979865649465,29.78774357401271,26.333894645962353,28.831066094142376,27.033235463384532,47.00652977925293,45.31718606103876,53.11213636183405,59.373034068054025
61.857064377425466,421.1051910853585,76.62869172678197,67.50729340987955,62.21415979867869,69.50624688351085,78.55099053458177,58.86997577537011,71.26230174631061,70.07050675865891,57.984871745262836,62.77664711846277,60.46847141220344,40.08589477205348,48.82298437032995,44.2894142288111,31.884921611895173,24.796333067097752,24.95534288180952,26.458227577978988,39.64331374562325,25.72804117254019,23.729607227539123,27.857374237196314,24.992111832946062,27.278894971111207,41.73740528130673,35.89661077546366,38.38931490394774,41.16646605775642,47.19135475710871,67.73941049733854
57.36799236984809,416.5391056527045,75.32557943955621,79.17564997616495,61.205396530341126,77.43278710515682,76.12691827084925,63.66127041257212,71.14737117878585,68.49413135642065,60.42255143644984,59.98802768162352,48.49675483425143,41.977038567268416,49.086664326051306,45.59004191947736,42.0935543865733,28.069413893491074,22.469389110010415,19.198115342923625,31.928057942082773,23.129168142013363,38.374796407373985,42.64616747704966,30.95548950949343,32.70034472904397,53.2580581881552,52.8041788810696,45.76944689467792,56.09763733687002,51.541791730878884,66.30808570381531
60.88720572052532,411.2400745442503,61.98199590204502,70.0873378286299,64.62288364580573,69.58179698496568,68.04025060296269,68.02977273191001,58.18085973489626,56.53471248069413,57.89498798959177,44.10396595929351,34.33497492843881,45.933601454232466,43.080747209292994,39.557675911823026,38.15972054763917,30.978062945363998,30.93021616821488,23.250816404965164,24.869073586285165,36.845640090512376,45.67806933277603,47.67689711175902,44.70887069615633,46.91170123525415,61.40570523505759,64.2575539977799,64.78727438375417,71.86586424219831,63.37145562913774,63.35052263410539
73.20330908329997,406.7011989107696,61.13454424426744,57.33938722807411,69.41935916872052,51.27371785872179,54.44967586500257,60.700495392930506,40.33907117326181,39.69486519678376,45.47245889891264,27.325062465206866,25.510744651755147,40.797156100740274,29.105491299865044,31.13336725321375,25.25721142290201,40.86285693185709,41.480179115905244,36.50482603807974,28.719213215381433,47.427481255942624,42.238046008642954,45.47205906773416,58.62027586301242,59.76366200165734,62.03545364174962,68.8722178452489,72.78440340094949,71.28279458365847,78.68638183342078,60.054091154315174
79.23447861436293,63.160480728066545,68.73795480763665,56.06252328858429,70.05385471597583,50.612443122781684,43.414996087419546,41.06775348513501,36.4074842420362,30.37507445136468,32.259565273907135,26.17968584556258,31.9296527832835,22.99447977367067,21.391492486800036,20.7629163326041,23.43362134727953,43.236203579681856,39.03037189391077,46.38345516805986,49.08709120464906,43.51418794160716,39.0229707659055,42.006617739468716,64.9854675745792,68.75442135014667,60.80889707640213,66.06009606944232,65.12043811836222,58.24554836323384,78.06869894677888,61.51561322450201
70.73009746873463,67.2721204932271,69.42311841014065,63.29665788519322,57.99225114861691,58.26236232076919,36.48970759354496,30.451504991711076,40.02439175182678,33.10751483921963,24.045508509691743,36.514357929112776,37.621083490224244,21.54804221051702,21.927714487095514,22.579767985330406,37.01940247684764,41.302393129939716,31.798921503210515,54.12210636161713,56.56916128990166,41.5546569666686,49.62476372768086,52.027158448927146,62.909006143212395,72.5866839295322,60.29863951415529,58.814777791734805,57.73137503595565,66.17287144072458,68.44873260289313,68.69771500013448
58.07112286095039,66.92690392857492,53.5392342839624,56.20750023631202,43.06510746777873,47.7359703489683,36.10897454936419,39.43017463211258,43.89231859793439,40.116588433543704,23.100706886107922,39.58485575769734,39.16808880943936,31.246275674425213,35.00259052731106,32.87179534481189,47.08326263529179,38.468199201813405,35.75190932691278,49.2745435605991,48.88727534473631,57.02351467561047,64.90391072053718,70.09400159600303,59.29269454599608,67.25307273699983,59.03083663645132,60.07090503460671,70.7850491951371,75.58373219123654,58.52402635839611,72.68778486301686
46.78252056728904,63.30595402562268,38.20609037112271,37.82210837249938,30.542878837488217,31.764285948374287,38.866616588382136,41.75892384290934,34.86392753950745,39.72587713331135,32.259236784151,33.35143630516232,32.89169764629621,46.09038605161076,46.15693382004243,48.049924761698406,42.38152757168782,38.3304925106127,51.89538436790299,48.07845571070652,48.20106328175007,71.85468822868282,75.76511845693041,77.72344940321852,59.531787285919705,62.90205827280007,66.68928295738517,66.97853092785057,78.45565447727006,72.78432386786265,58.161982506424145,69.43347525900828
46.16425292555597,48.56282021258066,40.21331383240116,32.37616875615742,28.529344485293652,28.109768242417402,41.43327754333231,32.470103292626554,24.071563143555487,32.041158332170134,41.54718236878797,25.98020967014931,26.38639954320741,41.19214383075906,52.74878302874064,54.892684132658694,40.22476008332501,44.23257502335577,67.53773553137334,49.6284346239207,64.20903801708424,66.50334320264601,68.13154094347956,71.22115286626598,67.23120050201086,59.98409312979413,73.09274417645844,74.05853280672592,67.76196405774553,53.98443896584328,61.5097661279501,60.86227961948419
52.152621800474556,33.027353916085055,46.03876119658121,40.114756815017216,34.73538068732582,38.07110044715641,36.357583522283,21.15904044391183,20.735484339635864,24.964153570319564,43.87828874817831,31.05832910602217,32.76120190857703,37.80180735497748,49.546076203189024,56.83539267699746,55.743151640439564,55.239753869900625,70.26793824421236,59.48757138285833,77.61083235802946,59.07664082581429,60.17041894104063,60.66173947783403,77.35927329184666,58.15209213536122,74.75455302431274,71.7469885944665,51.26957774466586,48.24317425968021,61.35740996009945,47.26880015142177
46.28650895832995,22.858505448043083,38.8148174476284,39.419444257952186,39.686573082642916,35.90048242321839,31.1677219115316,25.063950452010864,33.24837046335188,27.613562017542336,37.378389970640676,46.63082166211996,47.39860914705619,42.760321526738764,48.44547973806108,52.26083431376246,71.37829346014874,69.22121029471941,65.12071839148955,71.90308583033153,73.20422809140545,66.74190146219075,65.02581408208572,60.9677115433885,76.0813359158574,60.4602862020286,68.08101280448868,60.00386240386338,47.066833918857796,55.669795348852965,48.72423628516176,34.030566946440175
34.4155738932376,28.734795836364597,25.26605968501493,26.47740213791507,38.74072248550947,21.066690734012226,26.57565923220666,40.46053947096044,48.295747207795756,42.755701973037624,36.52601328248633,58.15751126449955,63.05366858243012,60.37111136346543,50.40360140877709,53.07223867067253,67.77200358230077,79.18952903114315,58.87883631388249,80.03614660749841,60.13744981214395,78.40693918013875,74.42378085070351,67.5311403569531,64.30292075194978,62.79912891122649,56.21151772080844,44.17515220698336,55.823898056058255,50.8049699834032,33.8580467867425,26.86982062899935
22.961872060354352,32.058370096628366,21.252341207556594,20.814099914955033,31.398238089473146,28.076818114361824,25.806312728311926,50.3120639243619,51.61339767849493,57.71253493159832,42.83119425700125,58.15353763891144,67.08351572333197,72.48287465371662,61.85992275415984,57.90757226059058,57.799963153963255,79.41406604961205,64.52800423768028,77.14842311729453,62.456380666268295,69.86559953956699,73.58402246220912,71.44590620641851,50.23391185771329,63.6733078694127,43.34778839266527,33.51231879087411,49.29137854421419,31.326824570789043,25.512695480762698,27.353156675191723
21.75351094437529,38.21035660859383,34.27874396161319,35.03744686668012,25.436260095373633,46.6114320654323,35.02679343201275,44.11901569131106,45.8223548397663,62.31022836954853,56.056137520015625,56.80186887222746,62.31828707700865,68.57179290696594,76.03078581317784,75.09161141677488,67.25341603773457,72.7567674831182,73.79018214378539,65.30733904817342,71.1695757891677,50.63887415883507,57.274799632664404,58.84354295608695,41.072692290897585,53.21932715768265,31.599386317029587,34.36625044942255,28.054190717151197,24.441497667543395,30.996385856970857,35.41496661734182
34.953419748574014,41.935343040233214,46.36008969032334,46.348208175714475,31.4512306438923,51.97892892201304,52.388042768627905,41.76575531219536,44.43150854821068,58.017958136671446,67.85369462528665,58.66994304001248,59.833555315912406,59.10656891274488,78.88360022982408,80.1048468996996,77.5258466235425,63.11095671482491,72.89458869080262,51.755787547535135,67.14891271560725,51.47021772761098,41.041594097683046,41.503227370769004,38.801664410750355,39.754829400093456,28.975929511343143,38.25311035718268,23.509770168785327,37.24469196098328,39.428584749680006,40.56211402896671
44.15792751284541,39.69790809000087,41.121828960339215,40.6669319416302,46.19963117039779,44.47097044668789,62.95690864277092,54.18576061047473,61.752421322904006,54.82413383553192,77.29475868526896,69.14996036511796,63.27850568975704,63.08263470985088,74.75280553336376,74.85606160241967,68.62997346320084,54.11595538623378,60.131738207905926,49.03691553274311,48.514058149774016,57.25540114922472,40.40701501803732,33.35099175691975,43.71441577378152,29.144237720534154,31.201604873223435,41.75230768934138,34.027155996162605,40.623004330200594,37.44686476883807,39.10588381021296
44.29467110211216,35.67636219812017,35.62120180224472,38.826938622386486,60.23745878724774,49.34392559638691,70.85873714042127,73.36773080291593,75.76003621860491,60.66027827873402,74.56533829603909,78.15695707680796,71.86485758417454,75.50532478879133,63.132255427922225,62.21566516076223,53.751078126616676,48.19808810328109,44.35253076858608,47.74232973926647,36.949911405654035,48.02788609713963,43.95620973795266,37.55762164711582,43.56160000525578,21.434358514020357,36.820417741712674,35.58237982293038,40.65619351789429,27.3433962320838,33.38281702654719,36.08305429628146
40.1311727230662,38.340169996018886,43.9797564993574,54.52367094293611,68.53661095824022,69.07089906685098,68.29333131311918,75.1858953183803,78.35326588298219,72.95846899870355,64.35579501423719,76.58173044181159,77.51860111111085,73.2343607294942,53.5977895994277,50.31019303866084,48.67639334882832,47.6946265067278,43.08306551574342,49.53315680916303,40.695125916367274,30.049978252256892,46.31503802533363,40.82339207712363,36.29125941490804,23.554318562609712,39.05685299651204,27.595051129248663,28.075251547264465,24.845613873047366,28.5613590528014,33.08219837389488
39.889761301658034,49.66445282243538,63.65407008687678,70.82959353064267,68.5149966693662,73.37142994569633,63.28324087793233,66.56436991993459,67.58210122134108,79.87492080720207,57.446998907420245,61.5081689578141,70.50890863276224,59.20950824888896,50.62592611227796,45.93308266724253,58.37398106275401,52.490819635478694,49.50821430273949,49.16237535480631,45.8540625908409,29.297170810953162,31.856826329381093,37.34532995957167,25.767231519380196,30.835342880162095,39.27414062967708,23.70877435603535,27.683593228450878,40.68663109107187,34.890076742329796,37.51205857634061
52.822730114367985,64.54406008389267,72.41077941299996,68.04410997086417,61.171682211580396,61.75707383517096,60.549682376763286,60.07018906544789,59.10523379770904,72.80980656346061,59.16361541823878,52.413020473953,55.46274915399424,48.55296220696915,56.309924889765625,45.00637511743213,51.27739363303876,49.99813135997579,45.67540955563111,40.332665775692064,35.05265473805467,37.725755825976236,19.61934613838565,25.35030225860461,20.438518845450155,39.525971128280744,34.43601347027319,29.51123196880276,39.97369608591926,54.37582789980764,52.148341052823476,48.23658457971267
68.56947557210292,75.10604253343932,65.57441547521651,58.47758418277007,58.22147359989854,62.383139310576304,60.73124788700263,67.11079788716192,60.27773537445042,57.06984231378673,66.00698818328961,55.975728904163546,45.717288940309835,44.438101714181194,53.54194226956062,49.33084477624788,32.00247768544607,43.38948353227135,34.913116775304104,27.866050105285566,21.51797566989267,36.627397500221576,23.06009419231592,23.19709988116637,26.660741009797075,46.69582859156899,32.84063092536852,44.42399094922396,57.56521491071595,49.43148341839334,64.49903668568207,61.72530543538708
74.36316673414132,76.43100071162566,59.37834489919016,66.23024019605472,64.41852942851402,73.35300116367226,66.75937134668435,73.99739520935444,68.98172128298178,48.46525626626825,65.36360627293581,59.69506795573647,41.552222343685905,52.17309199793591,48.84265393118601,47.723032643100055,25.29884683056426,35.61092112830361,22.39386648262892,20.698606299546107,26.1682285135613,25.08513765643607,37.077499274014166,33.80059914668715,43.29131595370483,48.89159657890945,36.67055125601502,57.41980018408814,56.39293694376391,47.37364019114703,66.1714354039469,72.30247493494382
68.71082386847158,70.14749227557968,67.87885461512516,76.5210380454089,71.56985029717599,73.57447242901539,69.88204291435216,64.74715372760893,66.07423586730935,49.30686381313283,56.27314247505312,51.190311945162534,43.44441411860783,44.94939012961797,35.144533881143545,34.23080435552426,33.73278731838644,24.175481482883573,21.475555915144938,21.366125024747785,39.05014242804498,27.899319611504378,46.844342919196606,48.989013748136266,52.59899965375266,46.555040318175564,44.90889919101546,65.16031141094626,50.64091229053685,62.22128974058268,59.228886080213954,77.93331995202192
61.148923508536036,61.790355395732384,77.89036181897512,73.24742547837664,73.0597587936185,54.77820997816456,66.2821865284099,47.40953100203487,50.15508778744476,51.54559209820409,41.007028883273826,35.416331422279015,45.31335516471981,30.024832727655316,24.638014227381078,24.085302221673945,38.90344471226594,19.657925177528615,36.03373513021976,33.790798595453104,45.087876755364086,46.23104282835388,43.08396799421064,52.72300615027932,56.69245267721775,45.679460041359114,58.430049174061836,62.81488740674672,56.22139150247127,75.6533547437385,59.07745679182646,73.64921099660603
61.90023879651525,56.94772314844137,70.00990489869248,53.79684957460154,65.66413981132223,47.35755085739662,57.656262482773606,40.48427937502025,34.390536321486096,51.02954831347733,27.243118138602064,24.960921280525415,35.13362735129484,21.49528015489783,19.642581985890967,22.390079862975902,29.929143867508753,23.10076190006648,44.493797662825266,44.44624320492585,36.943986641979826,51.720128769287115,37.97417681283804,50.1108172260815,52.918806544065255,49.49632463582697,71.3542692705535,58.08806723781274,74.9400539263314,73.55032974037631,67.20397057349606,64.87279656800695
70.05876241394398,59.045017578184854,55.65066827665959,49.02180342955928,51.25499440803534,55.80809041591531,42.64552624467971,44.99496831933112,32.007077740077186,37.18679800749146,24.21435900757113,27.943653255014308,24.5344983839023,29.87623257061334,28.725528303467442,27.714612781021522,22.797561029403838,35.65023648224531,43.173661745580574,52.134649175308915,36.97753682240845,44.936823525969,47.71619696699646,47.93750190293128,52.197496163874995,56.273527249610986,75.60465864436394,58.15387133384491,78.11241992917212,61.96734399771491,76.50934352541287,60.45100055013712
71.69922862184639,61.190653230839985,44.52530748631756,55.670002720705035,37.471555385222324,50.700591581412915,30.472446246035467,47.59064513673414,39.1054328522038,25.451821995070205,29.998731027746047,37.62667519569799,18.288008049439252,40.29032297242041,42.21270643329607,40.07184630158296,36.433877099383515,46.63359978455135,40.32715610724419,53.55077012476705,53.9321050837643,49.904555985126805,64.11623019061896,58.77501859257503,60.71296146107093,69.83710037616041,77.34817327850502,67.54148319453168,64.45080958841004,65.67056523472208,76.42398212217176,56.05320255222589
62.82630452317288,62.061069212134576,51.912247307128446,52.311917569158474,33.14757016371942,31.53864271016294,24.326148930149415,33.353496551876205,42.5065911840893,20.379507209377138,38.60894917861177,40.59814936552897,27.269822396447594,42.334757283726816,44.669218532181105,50.671543974517576,55.45963132737064,54.971267398872286,42.98133123677146,51.36316459396393,68.99022074965825,67.91687835127038,75.58878875002505,73.22654436515509,74.27514557100841,76.71068407193773,67.45301259480004,74.43267343086283,57.24812560254336,73.5192329833423,66.01662381655697,59.865755657848595
44.115237846653294,52.68673458255531,54.29321177046516,34.93197691827633,38.074983471705536,24.053440472019417,29.917974827903052,20.83642671044726,34.236458686619045,28.58130200383329,42.48965124467754,31.858812143611782,40.49257543695898,32.173548435997844,43.487004105675496,52.18275382129539,52.832051680198546,63.46927571644522,59.16042663822932,52.73171100868527,66.88921547146049,74.17878692585938,69.6032090854106,78.90933203688381,77.82115015223269,80.11152696002767,61.203574508320614,76.58393353963965,67.51935433388421,66.38279726376923,48.06050414708826,61.96954440089031
36.68195473124151,38.65288337102235,37.89713147486278,25.717663161749304,40.36563052472119,34.41069264731973,36.01029684894324,23.274533109796522,23.22005145267582,40.60910609652778,38.53529845595729,28.08313271547796,51.1583810115059,35.5865115963211,41.43834362374189,50.968882849641005,46.43372187636274,61.35806151619145,73.87149642147355,60.15869578710603,57.73054445243125,64.5047107932447,60.51763580337377,71.10771914741092,77.7569638694874,73.08359714445216,56.1396735604632,67.28115809562682,68.04080479105528,47.32767739512941,43.4154561300517,57.31568356705606
36.30670468889654,27.335756173005908,23.203913503283008,35.58054433262501,39.60708154457298,39.65722429330969,41.35221383488633,38.346028960691996,21.72012780687324,44.87791810702004,31.62059230289841,34.09675470915936,50.02638007923302,52.39046941517675,44.93738700594943,48.488405036560984,57.68294917911451,57.11836169375569,72.65403224371533,70.53776008006459,62.71650670572592,61.94850564459283,61.240084517620375,58.73537566760681,64.74210689218658,61.811360080085656,54.16468717261614,52.23251476184628,51.39849516906227,43.719272175514924,46.84253960667265,47.96221608327704
40.69252822163958,23.647244339721173,25.295600939922412,40.208954067874735,31.310636723251204,27.74273947918131,40.445338646544265,44.05933523987721,39.700400951714,40.52300445418358,35.61845943976261,54.580565082012725,46.55798049456071,65.72232343722182,57.597238387839596,53.68608249577719,75.38898372470163,57.97854410657447,65.65326237054948,77.54659160547622,77.64368307104903,72.41174779399614,71.40346150956474,57.460041479957695,53.70007727316919,50.73742507349412,58.06905134321261,40.471335290768586,35.36079903068017,52.235054867399484,48.74593718222267,34.96204325955927
38.88819670073107,27.406539826802582,37.37264092249857,27.947119894354714,24.001308168885927,24.476832040472534,35.662011620366314,39.12085081024632,53.50629705084984,38.23137175495934,47.65600348981937,65.84238899175217,49.32657181564565,65.86516703823675,70.042016163766,67.6712238883581,75.73110371732106,62.33905146054622,59.567252568797656,79.40169086922913,76.75053598272271,75.41768050945973,72.44522463044191,61.889159228305736,48.82208592413335,41.64882323587669,57.60963908107856,37.22558944518036,39.819138551032076,44.47867267617453,41.7355186873122,23.873209555588854
30.207237864450402,33.8971663945764,40.947387365663026,23.075592581269046,25.543899606825242,41.69400277072693,36.993320543341795,35.18341567843862,55.92334366442633,46.55351067706926,62.98672965293947,61.61650643144573,60.50555280660149,58.81742434870852,77.85221051873278,77.26510093222419,61.640321880987344,68.66968770879055,65.89879094756796,69.31901510490786,60.38340758085583,58.23560334827292,59.585523383606855,63.06939853249063,51.74645070105433,41.14771993041046,53.81741772082355,39.96165070369424,46.52265376960012,28.807294895049314,27.695490714032157,21.608605818274633
21.546705635084347,41.47527283749168,28.47719263363204,36.82174506933808,36.95222528742189,55.38226047932538,38.42543389002078,49.45158021930174,50.68986162202521,61.79233715545841,72.30426680407027,56.21321070158896,75.86385631970188,60.92592878977637,76.24517685104358,78.60721704547693,62.19385468085256,75.40877147699393,73.34641978294633,54.53376631529841,49.670860045600946,46.782744103674396,42.88966655360067,51.962562200914036,52.775120027983604,42.83917084089317,41.737142569101486,45.20417556773487,38.452720902183536,23.222863090165465,20.060881690377865,27.083148653047814
27.164433449551474,44.49975596308602,31.30475304339279,54.369673344592805,53.078879397528105,47.01125159782088,48.2080508009007,67.63555675722442,50.6732375412891,74.30217640228204,76.4215910127893,60.549082234116895,81.03271754799115,76.31970191204599,66.54921417659105,69.38702306355567,71.89915759253093,72.66503140739339,67.89390185917827,47.97482061158377,55.14821186759359,52.17230623058835,38.89428823997691,33.06401679627145,46.15903056843947,43.72292427430561,29.508828583586016,38.59734112965498,20.278155547123866,35.258323750365335,27.613566610896633,37.75322184031714
41.80878325317872,39.522200254289245,43.894817252703575,49.74999428107948,65.471671249745,46.66753026715268,63.333452585659614,68.55754283604907,65.29127741025462,73.09813567864508,65.47513191760868,75.0261518851483,71.4728904405415,77.82936484616324,57.782756786840736,58.5162711523092,69.9528878182355,66.12489253189503,52.8656487569159,45.871390661486394,57.574486525532876,54.31071377072683,43.32395438851489,28.664474894256244,35.35891156456953,40.57064650174264,20.912804378965667,29.089406556243233,24.697363718666246,42.32170086479652,40.36007269087548,44.932704767418684
53.682212558133955,38.90679541525613,61.07605506879756,46.65939087237272,63.631666969742554,63.788282285494226,75.31640714755014,64.36898571942102,78.37307757236235,66.63495980237688,59.37347569927302,79.77924608584519,59.275066956703654,68.11152650706755,55.463792621947995,50.74166663701885,51.722208101712795,52.45522236394496,38.74910084277765,50.48254069206389,43.852382607046984,38.80643298478894,42.86312899933191,34.289181440849724,22.937347005611066,35.63669410686101,19.063380508183428,21.878909622984793,39.8982459611648,30.77005137269622,46.448806705469906,47.66344254108136
54.30965962716966,45.07717168488735,61.34970548902875,58.60796146615043,59.59096933190816,75.67284223710405,77.69266948246054,59.79553497982956,78.3769667181012,59.58013972285697,60.75733101341629,70.35840087185854,53.7332985235783,52.69736159266479,57.30334403062363,50.6512556657133,40.722241165624965,37.97239098982921,37.345208047044,48.20960141257596,25.737802807896287,23.01549004274513,34.55844692311097,39.67902899453957,20.55224072427554,28.27509137531959,27.56534688022278,25.573991804667692,43.34734746855279,29.156361912838936,42.36508904888093,46.392664367757455
49.01066173829102,55.76915744453193,55.540018294562834,76.61406417615514,57.890351657403585,70.41876792553876,74.36931488673251,68.47403767565694,66.76159178484609,63.60132711340244,67.87349728384989,52.693303413655265,57.80596510524553,49.39679304602376,59.769364153304764,53.441131453924505,47.39781417020986,31.127158439381137,44.39999842888942,43.58087944484349,25.789455501927897,29.46142427374157,20.49185083777421,39.34733209051579,28.94823707621919,23.831693567520528,38.752420317233245,38.42765514302775,35.17293136090744,47.748719037698116,40.98216397717967,46.14460603093441
51.45846583281893,70.42647348951887,57.94700275032668,73.31419022229457,63.30965098838607,59.35217152786139,65.4190410685273,78.16321281129885,56.79240911103361,67.60106431767245,68.18374484987766,48.32083976515696,62.216916570392705,54.509010344240195,55.20673915109325,50.56496150882569,48.547070358458114,28.43342718831881,41.99748120142669,30.893985666666815,37.31822351975009,39.77308591273909,21.921040396054906,28.046463891993113,42.401149704760115,25.828426784012493,49.29358243158203,50.88359433847334,36.485401839289764,61.11810260670919,46.238957102691984,46.69740044810377
64.51414237389676,76.80752960824672,74.78763452668335,62.47313850159442,72.27609274292348,68.650698719835,56.13279278979774,68.7931428526661,57.39199755524836,66.55446417242361,63.47957922122563,52.59708286602576,56.46862173282897,51.51166991973279,39.94855093677665,39.632554899031625,31.349482280776243,31.865219996786617,30.198248081468698,23.16010998618167,38.05916090121216,33.09902781026955,36.76209303214474,24.48295999934016,49.388309153732436,36.6249656588084,52.747905001070016,58.660926385448924,55.062149887166804,54.99543258466682,61.43023807408736,57.08532020996718
76.99185380571906,75.92243580225393,81.52315305965314,65.15420890635275,78.45652486762883,76.25480903539759,54.54031302159779,51.79792004917689,63.26846215220031,57.120621275558726,51.132113053667005,54.18655898141919,40.59941736712529,35.69785350957648,26.247290545426885,28.696223999090055,19.621047300252343,37.55234502683044,20.76602016741178,21.106234595147622,27.13996703281795,26.001116323251516,47.286565479855206,38.80067322098174,45.10754176966952,50.86364119765304,54.040195765054385,57.3090717101385,69.2093975793859,52.57686774655505,74.15721730806644,72.36232161446553
77.71590440051526,68.16714099256721,66.25966790950652,73.13719017048133,69.85931631390316,61.22500861002907,58.27683191959301,47.04198079585937,59.174582768294265,40.24406906821315,35.075911975537714,43.062742409542444,27.584033729417687,21.657680404697476,23.35729307747062,21.3509287873046,28.676401560443445,39.69880344731432,25.310462428124847,31.49023984246084,24.51938177057258,37.2151032346621,44.28732931940387,54.46045186289318,43.699299777272905,63.639339242920485,53.12752246881318,53.39579779038898,65.56995373734173,66.23820311389444,76.2788083517329,78.91688299430346
68.87705176336088,57.01529832282879,55.47762741213834,68.45070364088966,56.39849131233703,43.63444457519012,56.1937010473015,52.5314484994101,43.277187316124134,29.408658368390594,26.906965249389362,27.382964166938738,24.89645363015583,26.01786700298307,26.910877986957022,23.001827016757286,42.62474080059496,38.504040638686966,39.738481690054165,43.106840057076674,44.222525683335334,54.536806520855784,39.48769855460451,59.7980193337465,46.02639344916063,67.55533657347861,53.91750050567183,53.9730135864707,59.01574840751441,77.56069612462892,66.87857784395658,78.60982977244086
57.34064600344007,54.888996288227396,56.46805113181395,49.22661483982492,44.16179642345884,47.45103615243256,55.12099038603055,51.75478106262926,29.693171273622788,31.0314612229454,29.793131335307766,22.73027014441408,32.276601733227416,36.53212973434519,37.381041356422514,33.26689988209859,35.8028268796211,36.16800773565764,49.13026408651203,53.90122500754702,56.596530574453006,53.17754113726224,46.47190712197326,55.00498492208913,56.898708584397895,68.15807399858001,56.85290441645409,63.195141331748374,65.54651649083794,71.02287885727044,59.252727174620325,71.89305158727905
53.531105886184385,55.94706359621203,63.617873166222275,42.89231874060412,38.84088373334455,53.970307127486144,43.79359249589764,37.44452855888605,28.270883667526906,40.67324769653749,36.41693399853078,28.160806380989683,39.018552790143985,40.44679422543843,42.88842166027908,45.00451857110736,28.761935097990126,35.418853975110665,48.75286049319395,55.54570075417156,55.12084864621638,46.206333107979404,65.31662645714897,54.67067811173643,72.53593025716602,64.03111068516753,68.39859373228678,72.56002494797136,78.21447224297009,59.03364849547916,60.759032570366564,58.580837176350634
59.46527242255373,59.06512740742263,55.35664507553206,47.02149223430974,37.67299447314411,39.24120451518495,31.804277890710942,22.88863572678133,38.168333909347,40.96584575804641,41.09205093035022,41.924240136024004,39.740051968122735,30.97862054937642,40.33254367207536,48.5021133263559,38.67173232633014,39.273473755856436,43.24983207315658,54.31786986947687,50.94377104629644,57.85632794825684,75.20114125092405,61.92962412919451,78.12248531693355,60.53335321051712,75.61116628510155,80.2756724172768,74.0675776746577,63.960879841450385,69.70034579551125,47.78314647115307
59.99827412846463,56.322107689878706,36.088282525640786,47.868278739141346,40.107612354058745,22.78513662795898,22.26200043906748,27.014935163418915,42.06202409269818,29.188468290701994,38.45318526166245,40.33073231095831,32.55713658675912,29.776397337376544,36.7954094908019,47.90818151841321,57.83656417725003,48.14231294501781,48.61693756320734,51.98213641454965,56.787982431895934,76.04009068779398,70.40360510023953,75.82398359351767,72.68797153518594,59.128874569210616,78.21149069159051,73.4181702727416,55.42176116327291,70.09672989323091,68.13086315948102,46.66085154743081
47.79707479875169,47.753167228561296,28.228631470163315,32.008353409472434,42.50481460889859,29.099589850838512,20.482914859586668,35.753957856230784,33.00843456946508,23.85748704108802,31.432525211346544,32.68369711222147,31.234411039197656,43.976661914617154,38.24444693457535,45.3646087457376,62.577710144672565,60.64355798529698,63.60655457699733,58.48730445933412,74.98572890510427,74.82609151858232,60.82161893769589,78.46495280744765,62.80211054150918,63.64541938017494,70.60382288582332,59.2420032189534,52.0401210428405,57.65960219396434,54.584882862937306,46.8813787139543
32.9126257429969,33.031741349627474,36.46692312350793,21.600390051265148,34.08140064595531,39.26042146324934,26.89145529844354,40.51740438356983,21.524668805129025,29.28190791963191,30.084705654649486,34.10598395932192,40.48705716870375,60.23859704837019,47.889192870032666,50.01326377781928,55.95739109044776,72.68540690770223,77.91351962716683,68.44071332041028,76.98637672339541,63.95956942569161,61.124200808411494,68.05124668953044,55.15449628001534,67.44019481573301,62.727095616863714,48.46300796496037,57.6340836529301,39.17307106834169,35.151724070538535,49.27549377413769
24.537044790795054,22.280010519098017,40.35385507111832,31.47187990910405,23.397013807852247,33.90964607438032,37.00073101336448,32.37198446251764,31.470358927468787,41.3485617723225,38.253249283538615,45.785010983859884,58.16632409964556,64.36700804738918,64.69368529737469,62.12611180561331,59.03791069770362,78.11207065038306,74.45828654387532,78.64508121751102,64.33113659806634,61.195939421293374,70.32625259225871,55.49916743257536,56.0056611369909,66.75439884044089,48.16612033067256,41.99062620799711,56.589056073722205,39.32906950478077,30.348252449014353,46.65074819753066
29.580030505030752,21.4195600209048,33.27100205975689,40.97173061168178,21.197203456290143,25.069033716725983,49.154545979733335,31.061146679570413,45.99747240677469,56.14543759813621,53.625651958099525,63.267038098764566,67.65859464609571,55.578107617422454,73.74221341520864,73.00930704486109,73.9609207923939,74.96584983568073,63.85657522202891,78.39476865766758,58.29739103674272,71.76085030451881,73.47189012077526,52.91597179745567,59.472223836770745,61.21577576101093,36.903689745264494,44.75470779695474,34.97829564417522,45.37534587856586,34.272547240652045,38.075443147820174
38.836898748041186,29.15979306322444,21.284666027163436,35.34065150974759,29.52755645536625,35.881833880622644,51.959759233811475,43.48418044676073,59.15701314211282,61.62252806312262,66.76109896720554,68.88168501511593,70.60733661235719,57.550596847330866,75.4627146544576,80.14955644013793,81.45198461782591,68.25259996765489,60.01184757163109,69.97505568260667,67.49651961457553,67.69078107490948,61.08839004177191,55.08998578131826,59.576578051596655,48.68709244329397,35.61564729667655,45.791089116960215,24.624068917067955,38.87698469883015,39.83103863490265,25.81095430324102
38.54410872970784,39.261788817145785,27.581779313676577,26.7863106949944,45.06541879098282,56.08767089426642,47.557337553412,59.73950434497353,60.199505540642974,56.96866081484577,71.587757643374,64.0570449930469,65.0661675933557,71.4407422150973,68.9743523207268,74.43156716619325,65.02296837808261,58.04922495873606,64.20173083223254,56.87888657364495,69.75105275328819,48.219854235264684,42.82951458761607,57.66519440069171,49.001497774595684,36.1127382582151,37.551141566264135,43.86390597258311,34.81689130694828,22.82264233201587,38.693204106603254,21.039501871472247
32.522556254618436,46.44323211783365,46.33519456550548,40.00779803045817,56.09325691516555,55.96866063434225,48.882842806568476,64.67137895868173,54.51602111999232,53.44241869924025,68.85530686324394,58.72928167345759,60.527558782647624,78.59561209698114,59.76708676701435,63.59049751516786,56.12330599100908,53.59054263786356,68.20773501542402,46.57594473114304,55.57906944667569,41.81816563051413,36.58399999474969,44.396850400075195,34.86318697957987,24.857588615369636,41.545420407632044,31.34413458324873,42.16130553620906,22.41320297319119,29.04587555975202,23.22406527569363
29.518172013079123,46.55900205430014,55.72545312559624,57.90948040417976,60.54205582714489,49.223395679780054,50.116294369108815,57.66435527889053,57.507419072057836,62.19280783295589,63.04457943612832,66.50325978785852,65.38815841206268,75.55031294844656,57.84873082807456,55.19120305094839,65.42830819906368,54.32187000872476,61.817204964396424,44.61850269517031,37.428096224366854,48.335486018496795,42.89917515513026,30.39181199701729,24.557523894755185,23.1676240380234,40.21941736858994,22.253615992833286,30.915269120532148,37.21028822090468,23.615588097798877,31.205377988071692
37.021319531907,43.950898478841914,49.36170666732764,60.282562367283575,54.073103918955795,56.9584523038198,59.70069256652943,59.83395535998845,67.6013961952313,71.14890086281072,58.93102841287322,75.91348277472578,73.48135383393418,57.71015776782097,63.398491681377514,54.22965373551583,65.62417056419672,55.10296841557915,44.68328832106689,46.767879780206336,34.80142835874301,44.5861234589267,43.628785319108374,26.55434898337163,24.605225561967714,26.664439597996527,36.45701225957234,22.209969987626952,22.382429895496784,41.311120716967196,31.9551692806074,44.2280236972542
53.68615652138467,43.124320819025854,47.351749479776565,53.23750312890252,53.972272427871914,74.15077278462724,70.96968226749729,70.17989046589689,78.30757363591087,79.74242770342424,65.73720122514356,76.09240434165787,75.43242890545787,53.41510061281968,65.44625541964413,59.88278024777529,51.30161025470045,53.553308158731795,32.096390263908944,47.80281250736061,41.66374590518131,29.471663879231055,34.777446847396305,30.94034183315619,32.626441080332846,34.81987372784775,29.706677452131355,31.93527192986048,33.32290547244876,34.693455916564645,45.905172452417695,54.94846813620422
69.9776451346612,53.004469360907564,61.347758976908125,60.62267810486547,58.4875063760925,74.77039198648771,78.26042055842555,80.99972590461878,75.9496561956148,74.22196090955629,70.93015795532179,63.047676097603116,62.35907856644198,60.65842449382178,61.14309172575134,57.238354720883656,32.966894250340914,49.91057663462156,35.37758299330271,43.87132517638341,38.05122122873918,19.974990900544096,23.037639048801964,38.02247164104668,40.36742665750689,42.547321558208665,27.388834497339175,44.020432452140504,50.08317958112075,36.60261510829804,57.970604719566495,60.537096161580806
67.41082166914987,62.32102179304766,75.10089285406568,77.76826728077943,69.68245713454115,61.8903442389261,79.63391603466468,73.47437276762797,62.13675993900548,57.6163761198148,70.08941222458004,48.23828595062887,45.87645045114829,60.021760833083476,46.46598192753236,50.09647316173759,38.123163230445854,39.70645341325607,38.219660783129875,32.24588733449362,25.23693580639425,32.793497458981506,22.869876849343036,38.04479450101951,40.29541552702894,45.17378849324112,28.90493365322326,53.40053054911566,52.201530851572926,56.45403752279212,58.66944343424163,56.1751265493144
61.59192387868993,74.60534748316513,75.60546541132767,75.6885401860293,77.62809495183774,61.706772852500954,70.24400161244503,55.73420199680579,52.46806358177328,47.449113730885,59.83616543106747,44.98347756523362,36.95581291091375,44.25667394613876,33.69585653040192,34.71592954242554,43.70564516671611,29.309473076992774,40.34429709982056,22.85548745299237,21.051575372979737,39.03126883122844,34.94414496262805,29.9443120579891,35.48999253133937,43.405046876749886,38.83851809084215,52.901380747940365,45.22242958028081,67.62087788184256,53.17630515742524,56.70523593109801
60.13923065074526,79.05771056508323,63.85926666376977,64.28076813072732,77.78983662416461,73.35369086711135,57.322519014965515,51.43324428380917,52.94503305378544,48.94656807811022,44.501205637612976,50.94808334225758,35.2632886931298,28.446056537919507,26.326312426797344,24.423372864619793,35.67661200889929,22.514411862941945,29.313425840129696,19.51531274824829,34.20146285998239,31.634663522416876,46.54770568138536,32.341963706673646,35.163776589074985,41.93144628661239,53.64035287306544,52.26430412561231,49.919403419752506,56.86732479727298,56.34733744491715,57.98123461193697
68.21025060580259,75.5935238220491,59.54239839174598,60.12769220390841,64.07207574114759,67.98485297510658,46.489723903109756,58.69570325737582,57.196599730996674,52.417122543586046,32.30419186827785,49.15143829856314,43.69494402311328,25.9167490662446,28.30958000184729,22.584030444032507,22.869512851605805,21.41726291822767,22.203505964501343,29.651041950412832,45.474589956183564,29.35763065361497,45.14808722416043,45.73949726846032,40.314205131790246,42.641759025217574,64.97733584986258,50.97855925872819,69.8616982893477,57.29378273242791,66.44534210171902,64.17605468660113
76.51528715993662,63.5040452433788,68.12957230642279,68.37081075207726,51.94361088224056,48.37671241353257,42.958675545617254,57.20087229989051,51.61902721809547,49.50795289201946,28.54418535579619,35.834547578750524,43.13799832913464,36.42091821852664,37.029841610125395,29.64263753675551,24.70909150399955,30.282861707898785,25.984303011959582,42.99074611548901,44.09550455042189,48.33935094922053,41.6259335310675,61.59595965048863,57.10288368785275,52.92440176895488,74.24316319468434,59.58149766445612,76.7193318818179,70.51286430223148,79.53924463131307,71.47119057009631
75.86332469687403,55.241703451334295,70.62618401468767,67.63393203163997,43.90971860341965,42.77535597645559,43.446921978161896,41.55486475073109,36.261000119062714,39.76231233977278,34.55180344207931,23.38210782369855,32.406232945015496,39.70112563508841,40.11790701925658,41.28333779827417,43.14345908295216,40.60996464423246,46.68533701702809,52.59143358512567,36.45876668086562,61.60934532205006,47.21126032059694,65.92355114245937,70.41598152070563,63.654347200119496,73.74214068723404,71.44222150002821,66.11944777290796,81.03173715510948,77.09378630890325,76.58610746980912
60.58158803455047,49.54233789937818,55.01122826078406,45.41337021899386,45.03457357407349,50.34120580391242,46.96132837022112,25.9906861410493,25.40611621497522,26.108758411802775,40.8886342046194,23.850143593860643,22.58821326254524,30.19323536458852,37.716346988097534,43.99047990181791,43.514475834890504,50.757087091937734,53.972939156295624,58.26710817441157,49.63210468050013,57.546875922827674,64.77540874759133,61.8086354287685,75.24753424709661,74.66294729704885,65.90932138275853,80.81047678262523,58.946652972951775,67.52128596254765,68.18386790394506,74.42312278117025
46.686379479015976,52.15919496363517,38.782192312040586,34.477027901935216,46.107663956573745,44.496583207122924,43.5240761263123,30.030217229035657,24.061418126626965,20.832407499901574,35.35327233241415,34.53397544181238,22.629271534717613,25.57771319883221,31.915645984177896,42.66039151945112,36.00408814098899,57.78203210346019,52.14410558467227,51.52840935728115,67.16691216815514,52.67486343722124,75.4882125370214,57.79452891459865,67.53991261048664,78.15619266099192,59.535727477863546,77.03934399061312,67.61854261993649,54.65378030185641,55.588681986198516,63.50851968424981
42.23125436518687,52.84034143126709,39.63444102889075,40.22016472139094,46.18147347998767,26.352018013028637,36.85556399121709,37.16115396900261,36.18866489604895,27.680706076738154,32.291228469669285,44.00163191982553,34.2422042018102,35.117929775565464,33.15437306750697,40.01627903897598,41.220756776712435,57.960475645906655,48.59124115238204,53.008916207230214,71.25484559169662,65.42607235991272,72.94574850018299,65.06681466136014,61.48516259076888,76.98728926100875,59.46426852109318,66.18165939851185,74.7438409354491,58.820314664091605,50.53293870280163,47.15488185066035
47.1124884389341,52.181276937963524,44.321650429358726,44.940862993768974,35.82859326949909,21.75438024768131,28.832126648191526,36.2516711991019,39.10888138954767,40.066109096247196,26.810919549405607,40.271779591217964,48.950010863869615,51.23406433367492,43.61013338628596,43.26951718336668,61.924281696894525,55.132095657272004,55.936590574670156,57.44235053789513,63.35086899325007,79.34920360944903,61.993041329851245,74.72983367545095,60.430249092296,68.35518267623702,60.84715731540009,53.80478694538984,61.8054067815257,65.0081277817727,56.16408906891345,38.844571193967106
50.507859838889374,38.635870491994424,40.580926061306606,29.828810021993206,23.919913825089196,37.81088293793618,22.75003343203471,28.81090210806887,32.53855098766265,45.75019593947345,31.735859388739616,34.27736413479828,56.56354363649036,59.65362479704391,58.525969935673494,53.701480578236065,70.76853979540333,56.831916194735996,71.23394882219185,67.49714700970024,62.122845775103194,71.84442198648736,58.59054808988499,78.70212953457643,63.3842458471874,55.4098398036315,65.6250584768434,48.00611870978085,43.28791712858096,52.32909379273562,54.89236723231552,35.03344181973354
37.00037228988704,27.89613175029179,25.71070094165137,20.78566254955255,21.26231883646992,39.42798353961856,23.730276470549168,23.208465164784634,30.014498624528805,41.758424029666415,43.380270641703156,40.43030959196868,53.68310346026153,54.346531263414455,71.00008720795967,69.39639553041711,62.493333630128454,59.90915648997326,80.34012679634762,76.98318852723378,72.06802679902133,59.62795594265431,68.55708536545181,65.27987927161657,68.67550811248333,49.31314675663885,63.27775857624087,51.00211113642599,42.17165317157595,33.75057595711062,45.5944450371386,36.85363024753255
25.90672431776761,21.024051387417263,21.04867654613652,30.758405484011142,25.176446644305663,28.576244850148065,33.90228008879218,39.451076704347706,37.40318224423736,39.84061022354611,56.670137279938665,57.30796098029668,51.57590106836184,53.394472502693645,73.69600490057259,76.71266790313601,59.51317813674978,65.86230575946206,74.38434470879406,79.7363752733855,78.58116861065535,62.939286939911305,75.15972156022278,50.548296256801564,65.4078625548118,46.14002032111818,57.933365049627035,52.822102470555706,48.49329543781965,32.91440642563654,28.936932503704316,39.661711800964035
18.55905496357134,23.035686884636288,31.429464431024737,43.81828891204673,39.0815032548921,29.43347197479556,49.45520009216643,58.77237623254923,54.6581816304481,44.06881014809729,67.88045169111888,69.32473598094494,55.88032847068824,65.36726629387695,67.74735863419407,75.04387730820075,72.26152312143762,73.9111928401871,61.33414878579012,72.51381247283886,65.33958788031283,71.20031898070573,63.83000398571298,46.162034862782,52.34506084790121,47.402988243239285,45.4187509411554,47.40742722045078,43.20825978972582,44.630956670218175,20.371635215764996,39.62149294661036
28.106590080284874,32.54727009053253,43.936826690004814,40.94470797272013,48.81939679221372,52.459242138514014,58.81848221545803,268.10029827858835,67.07826289851752,59.44828741283519,68.10377733097843,71.47878963924575,67.43329350432974,79.61127578666222,59.820276656390114,67.59411861470267,79.66356437986583,78.05756754199203,56.68926410840095,57.695847596798046,49.40885140685083,57.792631836623755,45.978772525227015,50.77170337349886,36.61311931852389,45.78861058000734,31.45684103275868,35.91190755378397,25.417728077986997,36.1386249366399,23.809971681462322,36.93969722638614
42.74422812774608,44.28144472427133,44.904766916944,32.86141878384635,55.659798372797965,58.55194945090907,62.028795701141355,260.7743450683263,64.21622226401105,74.23839388039168,62.49405642109887,59.53774208146887,80.00460708696373,79.32881639408478,62.52310274533271,58.63562224965116,67.5152180345164,73.464192869242,60.34761537321727,47.48710293146449,49.208392355215196,38.915575020978864,36.41437615903708,51.93983069620186,29.1838130651167,45.41759980752169,23.50144075547352,24.796843680419414,22.47026347299189,22.328742199625122,37.83479880999787,28.700754503320745
47.21353998237335,51.33113686256411,38.65375450068319,43.73558206693877,54.92185609240782,52.1011472798843,59.22094405192688,265.5920118938887,57.87764275222875,75.05317995602809,58.78596806703519,63.295508400535,76.59884905479053,62.619123893216766,68.3192960272606,57.23204937233992,53.647671580956896,60.153663664220026,63.56153154425949,42.964237513518306,54.45920658872757,37.698742607547096,40.80136521946495,38.049084626106286,29.986290844760298,40.50406931818538,22.95094385945185,21.009194216882538,35.323496823756244,26.633308847039743,42.37281053653213,27.334576966491962
42.29861765243784,51.419958240934214,43.527913068897526,65.10889461963127,51.146785137110555,53.679365549970036,58.172176799165484,281.0188595111109,62.627303189467774,66.59989179094116,64.27882514226273,70.66976940521825,66.5626473101011,55.243241965137734,70.78683578885231,60.24781568440275,54.016156997481694,48.07622064941435,55.25425157673852,44.112227557951336,47.552737792022995,46.45364582167128,42.09647074204234,25.804802172641992,36.10760717529407,30.15770269057867,28.138898952985755,27.984257883962133,41.21797314412516,40.317762862990705,38.57641650824863,31.622292691944537
40.01173452909697,50.03309086801488,60.752761679552336,67.97522520342572,55.2038170673928,71.04427461637187,59.383612166629625,290.3712331191217,71.47577329611501,58.061623466670646,71.48974688272965,75.71579185526252,55.80473681863502,62.05417533840187,66.68273754224462,62.12157164593701,58.99643836036369,36.385710234727654,37.79139808446916,47.99972572064391,29.36070563917844,37.3757221631525,37.56750838172436,20.460499530522576,39.920529286144756,22.854128759295232,37.328351322927325,36.62078573437812,32.354201938725794,44.90612153484469,33.43650001432752,43.396259761571905
49.605428738435975,52.109868346678795,73.52699213203987,58.28486867943782,65.93189439189375,79.5670585132087,63.74599655747008,282.91078663070687,79.56997269334651,61.17322413445022,74.11657597974805,68.97321357986739,50.73145500668202,65.99609096460271,54.521086455448774,56.64813198187702,48.39947081233882,32.546895338421315,27.939651423822852,43.095216762441886,24.1307754029649,22.05632940830696,23.106739830039405,29.145691758000204,33.401824958920926,20.684107646345133,43.80176407166187,47.62518540627434,29.982657330219933,38.67106666132689,41.583025621579836,58.84313328179602
64.27608119482096,56.79462043621941,65.41323910262288,60.989859710267126,75.28802685346724,68.5705070159712,72.38243809079357,268.607174383007,71.49642909148498,67.56337107918803,68.7857363376169,52.45531997758116,55.53829211473289,51.2203644568592,39.06342186050969,43.247574751849974,28.342407607012277,33.62524540011353,30.799870930974322,32.50308072415559,33.0240843056781,24.872051941376746,20.521823642313237,43.306011101923296,26.96882317830532,30.550272492569672,48.61520279773741,49.60923217263463,47.805302239439285,42.13227405720384,56.478537343768444,70.49923959978862
76.34986149518826,67.62778510293546,60.305644415517406,74.07418338679562,80.90901834911963,59.70585881559012,75.71095401691852,60.23107131894262,53.89842780967867,69.00989792736368,52.03267641108346,40.29681631297652,57.024029950278816,35.17163572697966,29.485405168004704,28.826212778676354,27.496814880682003,38.156858806980686,40.08716779613443,23.40438665395084,38.87592762736055,37.84565953521453,33.07853105475936,40.425665976511304,29.21393340012669,41.81994583242439,47.41713454674017,46.22952717336302,62.295017328427704,62.305236108849456,69.8902528120706,70.04670860644919
74.07834156274893,78.13608466577975,64.74336418113988,76.5876551405911,71.0040897825256,67.26607221863901,71.97135722894627,66.20887127217364,44.52021764158471,57.49017585795044,38.54079871038508,42.649349975481606,47.03843826966153,30.213497579375318,29.4783382218999,22.595918058664708,39.654527499241965,38.71494049505453,36.71845419625315,19.95302934610595,31.959044040730234,40.63307126269503,46.27160611465812,34.21275524375936,39.49099036315046,54.222960917500146,44.674025979510574,46.75766163108218,61.38295847816893,70.91485286029622,72.32169957531482,67.69082164504259
63.555671996242474,81.66669754432283,77.94545171483144,63.873873548408184,59.06782839028167,70.58430209953829,58.14381981804596,63.734984696329256,48.54001563902313,40.609694332038735,32.57721788997249,47.173304904608244,32.76946187732694,38.956717283093724,37.20730042345815,26.364127472055344,36.99070334786515,38.11919183251059,29.58275220974903,28.558053183825546,22.902096733501256,32.036065261223214,47.278205196542864,37.402370178663915,54.631559264127276,64.17531481039823,47.54468833290504,54.31229681781123,53.80689721262226,60.86369748230629,61.393523065545885,61.81219666839921
61.344691251771316,69.95503264533558,70.83052815927319,51.88816657238923,47.516797647743346,53.73729348457853,46.079412396523104,45.18850621184188,53.85997055010235,31.446294884356526,34.78508900891803,42.17562974276497,22.195186299581067,41.94021006725748,40.611744188511004,36.70013566077362,23.457524213817756,35.85108369940773,24.5491773662926,40.811164989275575,36.60553547456139,37.251503888667926,42.41276122254954,52.32814633877738,65.48195494850586,66.5774987560202,57.11744449544171,66.13416034882466,61.54698441371863,59.66791527285641,59.95954274512883,58.640923263189094
64.4547465289436,59.821380301153226,55.48122665987213,60.19182662551493,46.405273202787676,41.42652210565359,36.42620837648101,32.929637951269314,46.35125656854257,30.26910769193003,40.932419017964705,28.53603464020505,23.424881620359216,31.93603152000985,36.93126364062339,42.03025455618942,24.00549431508725,30.363343214943264,37.09230321197609,53.92281008339876,55.366470907101565,56.42014991128565,44.63276279026094,65.30155669612081,67.71922124995834,64.15771611838527,65.85583925583023,76.77104227892754,76.89734953373474,74.13494262070252,65.1613537040323,61.919643736264334
67.59223271103951,50.09520462344242,45.45109266896853,61.5364109338099,52.139960161343026,43.05476011476207,31.260309073978444,33.220941645405304,30.993749336148902,38.92602788587939,41.25370387009439,18.721629969556552,36.452636376264365,19.74028817043814,29.534905950180242,43.05236263814538,43.0113078571555,30.291058045883485,50.82093924351864,56.782515222716555,59.68856453492896,65.91616343688203,60.5667905172018,70.66810509419885,62.02518625287435,60.32002693196521,77.24999553940708,78.88906497675954,78.5147273943694,79.15318922842371,75.09718658096374,67.7718034731093
65.25255122331977,44.922173549742965,49.29127609775087,41.914572838578096,50.38082757734917,48.76430986038888,34.6932200699899,41.40109454779669,19.993250723293247,38.179234327868706,32.75205241989274,26.73125056790401,41.375514393676966,29.3338822058744,26.936733947027147,36.522462628252974,54.189893289974535,39.963208145974235,62.502937711806865,56.650670367918565,54.879325742845765,57.69485799118383,73.20927827392073,63.97580859764631,57.85986309217088,61.52788692799208,79.37063476561109,70.74611138382313,62.36688620971287,64.89562883189859,72.03633702582007,69.51266219212282
48.85291780366231,48.150587606795185,51.93493005754782,29.088100934997005,44.38672503678831,32.805574900743224,38.22685806444922,36.50083399012553,28.19134446589693,31.856318206559056,23.706332843100483,40.691319550287844,42.36696744225785,45.88721607263464,36.28555207888546,35.740234258326815,48.178297837902,51.706689044042214,56.85783921687052,56.13100593317096,55.9193986010725,59.011341539188614,74.26911432975785,60.61220893454333,61.9328106788978,63.19989720826193,76.83625817772403,58.74248719513712,54.986174995179496,52.2000666783573,59.63769855112674,63.514128907360316
35.38347563895821,50.559015891335676,40.08939268138525,34.91337654872166,30.16371061239476,21.597918685596543,40.3396302297707,23.94252280175196,37.55869035400039,23.734116807243346,25.669313389379305,46.78373393981041,35.76890996947197,53.961192195966134,50.51595259860311,47.9151428862541,46.49764853901553,67.48259639888212,53.127605807893055,56.39776015893381,71.53971646929816,73.53068895698107,63.16534948571618,66.84351802594632,74.39819667401194,70.24918708712134,64.35624888185306,51.391865631660345,64.0760126222343,56.410779269457485,44.16423420179097,48.09617931703603
30.226266740794593,44.17606923766587,24.06408902794873,41.179069243062564,19.173236955030553,30.025422329742042,35.85864372729307,22.987130385418048,42.863206498629566,27.95680862537702,36.356995059072176,41.9892184590499,35.78475147060333,47.483721386530554,63.48674793855658,60.6434801693313,64.83852124143631,74.88745498629713,60.88166036699649,65.93089976875406,77.99255730870178,78.6851667401007,59.19746662365822,73.62437691523598,74.76216878522432,72.07061348955405,53.867405441562276,53.467552389051285,62.60233424809711,59.54094892582635,35.28317612960302,36.18178866205218
36.99539758371699,34.31930913650115,24.96216500578754,34.91247815560254,22.808689285956422,40.39164318749917,29.319965332002806,35.50369125287162,37.01691665556897,40.72400806630392,49.167972697253596,40.70903817114394,48.54218285508279,46.19925061362248,68.49218362014936,73.74963361070975,76.07484015598158,76.21660358939877,73.66654992334996,75.9409228833576,69.56023439262422,64.67984763201075,66.77457169106187,75.52936187144607,69.1244969484642,68.62296686306,44.00634268209209,58.21875943401949,46.764170809736285,44.113150696608045,40.45443456820971,26.32132159585241
41.440900736235456,23.625047789351246,38.42855292268377,19.50132402734988,31.55623924293815,35.565935359325934,29.30219951730021,49.21530469580082,33.94299961432953,56.12067328599088,61.004432879304176,49.24106839479637,65.29841605893336,57.64455642533544,63.252098257614556,76.459774671679,69.72441630379281,70.59603097679246,79.75789158839305,77.79183233285056,57.50959136914459,56.444875582988054,70.72584451598776,59.3979801182604,55.099066798986065,58.134919072186754,41.369995856552826,54.1070527654094,33.13371967878459,27.09785037849394,43.80407588422403,25.6070028435595
35.84096802999721,19.373699300113287,38.82229469617859,30.750411454073447,44.84863873513641,29.57815625715222,34.127241761040366,49.531883188561935,45.603048851063235,61.37575374117463,64.8205678786545,66.92501320114009,75.01397041101491,72.71492904407324,59.8407218934571,70.4729276237531,57.594533390644514,64.85263384010236,69.91812901248475,73.82463684935524,59.844485341591344,63.136687460286076,63.18138198547407,45.053793019015224,40.57387755774838,45.41203028683839,43.99731586283522,43.226363519726036,35.80084177073262,30.214675868893085,39.46395702899618,31.88198116166432
23.95162589640164,25.51449186349266,33.74889778440814,46.39261697127289,50.20223598053299,44.39054051159402,44.89170158006909,45.15952794857066,61.06819033448349,58.818486394580965,62.16714709044762,76.72272755529148,73.21476801500576,77.00426966459352,61.508409455201786,62.24130479346329,65.84705478365424,57.843025570463936,56.17734900407004,60.598127164065794,66.90975007678395,64.67893383201277,46.82757322438293,39.34483483514178,35.717931012124815,32.12400381074247,45.686040081914136,30.154317232451167,41.996211392279626,39.66574220887334,27.247590855618153,40.018800482739636
23.672795304665076,37.3258149554254,29.670775728817805,49.06962598472537,47.33227295729078,60.663734100628005,60.47356706942718,49.89068297530433,70.14930087553171,54.74524442336238,57.137183991508024,69.85735024809593,66.3684644587335,65.09675615662731,68.18103653101171,57.70202336285758,76.34797733666078,55.623004294272036,52.78467484435478,47.562853542250274,57.7665744798178,47.38916916433815,34.19726837854754,45.55957719728032,38.48359979035677,24.563348025745217,42.15302347228358,20.042103662126816,34.50698673428435,33.11997746443753,20.35402251524191,41.85856418908509
35.450714317107746,50.66685822011636,42.891132438822524,41.607937127757886,46.265241859393825,58.10190629770552,70.86877536083044,67.5894980186505,67.58890280238583,60.82501020593057,60.006072391436966,61.29565051354857,60.19088700294627,61.516723712557365,75.9196987296786,62.739205899939044,67.8311502585702,57.02252840001299,56.25035024754668,41.14976811383882,39.15750359256149,32.430884743327645,40.46894837387707,46.30309963305402,41.636669875167684,25.372778882898753,36.299130567647616,23.72502604624768,21.446656850051824,21.441889996853252,26.905938550088393,38.51868425280563
51.053914998789296,55.85187213206342,59.57390870466878,48.08935278055438,51.455155684740646,51.04397941547096,73.47919909547296,77.29577511298741,59.87308586414489,71.00159687897884,70.85833555314872,61.787918614231465,64.2160174902595,64.5240233198722,72.43760663616021,65.21657143638777,46.89883376604066,59.04554216004896,57.595605635523256,43.93834324714227,33.159147147993004,38.154387113019716,45.17177654253438,35.466509084205484,39.44958298894253,32.69750401759397,27.014620147409314,33.70326768940213,24.537228687155885,30.03560166856948,43.763564298741734,36.282616797965005
60.63184620446457,56.18685567670756,62.93416110183754,68.25067641709985,60.739326854858284,65.04984040681344,66.88871467909303,68.27270625760468,65.7202462653642,80.6118376210196,77.70963307063676,71.64827387785743,71.62976501468788,71.75361473354677,61.510082199672176,63.61532225296725,44.33159734670528,55.116564424118785,45.61440902082102,45.08677226728277,39.21665707758233,41.95631510008146,37.710347864973464,23.13596984153581,30.727213748350415,37.960225216568034,20.540007604432713,43.45618674431505,42.53886349935569,47.59435093012328,52.13687464419535,37.47894034124598
56.05803639576908,51.77177764256371,56.87733116767225,71.64499358863976,73.25028622951672,79.30012724114951,63.4541266703084,58.83432570492936,72.95910466527238,72.46446502643944,74.39689539195618,72.11882394697587,68.40096469846313,59.70594209855466,46.3676036561035,51.21709659405205,52.14324424607135,48.42923646420683,29.90253105348658,46.29730133731601,41.49930560030553,31.760444292665206,24.34019718454234,20.332731294948424,21.726353009429822,42.20228447737919,25.906055005128138,45.70647062293659,47.64371437240768,50.707510699577696,49.48981991796757,44.61963236841909
51.19071142642668,55.023979917739574,58.4958475704945,63.79971222830902,80.82871919738875,72.02763273893451,58.96613937751726,63.35088895954953,75.76515265240783,59.20852737991568,61.7720458543242,61.3750181262472,56.07792300931573,42.35846935815036,37.69100878404165,36.89988354677947,45.78029513418024,33.512788421552244,24.881164986847367,35.93905678881119,30.080241123158114,20.767436427611138,20.940397887633136,32.169326405505835,24.649997446656048,42.56851493801595,34.55121003323276,39.980017297937714,40.81384124576102,43.42424229874146,45.55744036239913,57.25370632152161
59.90182350415043,63.12599724390564,74.44451175987183,61.527235706683754,75.59909820808905,58.78873927347055,61.21065917909002,71.04114667631809,64.59947581764028,50.11055126035028,48.59233431000662,42.89105727103119,37.89833614398493,34.05796970718361,34.67441922797106,26.77627731376131,25.70134233727618,24.535411095802612,29.585660279521512,24.38919770342951,21.533182333941518,28.91268380647975,30.205119420649734,45.43710691163357,38.7174373751546,39.32314558905029,48.73118542942918,40.100147825098304,45.87672001692201,51.24341571162177,51.75855386638868,69.34969613288486
74.47343340363857,70.62669574091657,78.38356283992063,73.94704023018821,64.29736247117415,61.632911956181566,68.35892906060751,69.37182940330038,47.10037390152415,46.405532363401534,39.1371418455927,35.12443786226518,34.013249365274426,38.323388276172125,38.19139593471394,26.948031298331255,22.583438368960337,20.75233035862172,38.62086780954094,20.40247020357331,28.984967175854646,45.9583090474331,44.00137089887947,47.41787179675286,51.511142173791015,38.197023476824576,62.426509316948454,47.81355393602579,63.27860256740439,69.15187217589961,63.74032512852339,76.0768505771315
80.9933138034025,79.26024389773738,69.14421170582891,77.14220159851433,53.26449307554138,68.83644010467991,67.01641022524788,51.86580840449184,39.915941779415604,49.694694425670924,37.61791781218997,41.386450945789356,35.62656107265964,42.899052875636976,42.29367904698939,33.847601619465536,34.94061714578126,23.946993432479136,38.500681516607074,25.77846632059771,45.19087045757758,41.66591285220181,48.88897411676731,40.655076074692126,59.33087004794346,45.72385279671198,68.49662226158762,58.95638533880417,74.41231978728318,75.43310391826688,79.30285985641844,76.97928782654542
72.44045869047497,77.34285776343901,54.344953474654204,60.31874130813262,52.1611968949139,58.801151836655066,60.31228200461794,38.388459943443316,44.643133264602234,50.43882031679923,42.434328286026755,43.84095809458546,38.74382495213323,34.063513722983366,38.43261190311377,39.168292192781436,39.47485447463211,32.3742410676492,29.995933446865298,41.150882185110945,46.26249854242362,33.55533748379806,43.74832491119461,43.052903540580246,57.392563419460735,55.65644623613816,65.61830857427371,73.7935739097805,68.05947365027976,64.04598861687417,76.82522036515608,67.50245980322224
59.83504172934931,63.77439830877994,56.09042111629848,47.19705510430167,55.99463112532867,39.13840489556629,46.016183026439606,41.67251240114468,49.238163639695514,39.04557825235925,41.59131519111942,36.88978122478868,38.4171225475931,21.655994810172785,27.484268913118996,39.18133720307308,31.195572603798535,44.61879499328343,31.820140221212625,50.841923987139964,39.56449449018902,46.7572477397612,44.87454026592118,57.40292425514688,53.52378739141687,68.77697814591119,62.980387257038565,76.88838085546023,57.88640389445956,62.54194789423971,67.14152253625004,60.58632684453481
53.21844566242585,53.11565502985565,63.178924747510756,50.634251623988014,55.22373119746407,37.908614418550336,35.594149359877896,45.471707332382316,41.08775911115986,24.848760630049693,37.09077733897766,20.934345449226257,31.203988261241907,25.360233306516932,24.253482021979362,35.10609348268032,27.191337999964315,50.70746267318303,42.4518644817412,58.28260772896782,45.01953697935413,66.04836816961043,58.107434178851946,72.94747708793331,56.7474280595559,74.85163951952356,59.27698096969854,71.54976491064691,68.51413199121318,74.93376148690923,57.425409095670965,55.720547143020326
53.19495313627126,42.82152897949451,55.94125695253521,53.85810542317405,50.73432657424398,45.520648378512455,23.55834791269693,39.34345420080227,26.045658210569304,19.220598064316984,26.376393492293957,21.305698712801036,24.610147125728172,38.80083015257489,30.46531882412535,32.4283964328292,41.72320037178751,53.99247462872046,59.914041371736396,57.18414058394735,64.78289183034222,67.52372841266629,75.27425872884442,74.45402249171862,68.67830440283106,79.63110668795063,61.03686641338034,59.85100513346518,78.23377672728378,75.47401523542685,56.23436720665616,54.95489405276279
58.35717798940073,40.06374077875146,35.45665041943828,41.06750159893039,35.909281275056685,37.04761737825458,22.919890525494566,23.61011946733415,19.831351949577332,30.341525029801335,21.389955029545064,32.69035087462801,26.180780724520535,49.233623019008135,44.320243555135384,36.158903291755976,61.01521872269345,53.46481221426345,67.05860622725554,55.1587553193603,75.33071771360677,57.79850714053607,74.29049500085809,66.1015680965299,77.8016431640832,74.687250999468,65.60916903761411,58.17100799791554,66.28335649762145,57.90831262150935,60.07140246083845,57.765629756351984
53.44116434675962,43.5523922123257,27.475346469562638,25.90175763688917,23.061651611555998,24.46828685304892,29.670730374286858,23.483796903963707,29.3551713026032,39.555257020157825,27.29145725088267,45.85181109323188,42.43849100835875,46.08188654914937,57.38656311960041,49.84987760404844,57.61653607359582,52.351174088681084,61.97219929728481,55.20437210021997,67.9108641263697,62.64962149559324,64.64617672997785,59.21736625059489,79.80728599795326,65.61959932030949,68.97786662057862,57.994284354284446,51.48691109323269,45.88590907014955,61.750026377123966,57.39264238090663
36.74809912929959,45.36732924890296,33.5728031574416,28.31303181030842,21.94620278490222,25.437784674812054,39.49010984825254,35.65141607812551,41.790416622981475,43.932009952855154,40.900150441780156,49.210670897822666,54.08963054154281,42.03428551497332,62.7563868667499,65.35364933314114,53.64104337788378,54.104515480449706,57.43260452898514,62.186220996684945,59.97906413006399,76.87970106320772,59.989579332697325,65.56880901472664,68.28423713009605,52.95069694971381,70.38481865484165,61.495064157151425,45.19472798198679,50.74203969171015,48.42420341663514,49.505525556168735
24.44069769839189,40.23412586681101,40.771017757384435,39.427179548445565,27.84830996138881,38.39299233226965,43.62581359926968,45.308865723936776,47.93827812455209,44.47282801941211,55.16464584534239,43.99413409863942,60.89367664480403,51.027928870992945,61.23250051089087,74.21407247712295,63.736939968914314,63.42776533624503,64.16074674890844,73.28978061442747,68.27169914525942,74.53227191590886,63.73349589206609,71.84998602195306,56.344605340208915,50.31169236422067,63.03347790098861,61.111521831357464,51.60129280165622,52.48540754580257,32.950811132710896,36.59408882005303
20.57048035468982,31.43616671184296,35.23861442886892,34.14451144530525,39.88888637847632,40.899018753106546,42.29915344424706,43.56204842713874,40.85603616912289,40.060843817831405,60.88957586033041,45.46281813478257,58.44686148382294,68.42039933091299,57.83385116045869,71.68985469337936,77.74687500330343,71.58100672351628,78.13986510566107,78.55881424663337,77.56057843574577,57.82889559927326,70.36366731301231,69.61244828783714,46.93661466050991,50.210159383187175,49.05855490225204,49.23675208479534,50.46296483976939,37.86914755978577,25.106433752594842,26.04467495964938
32.3453733421968,22.077707151378323,22.295788570382868,25.917953320264893,45.40700688004107,31.77143362139078,39.878497909528086,38.885050449418216,39.95001173151748,44.300229437960745,58.36266335383132,57.49352700735558,54.08764733742968,75.89515921785977,59.879596664737704,62.482543123617155,74.95716132881171,78.56869480650768,77.93381475548124,73.98511810643308,67.77348327616113,52.79024478654035,65.37709965160009,54.451523788614075,44.5883856791453,48.06108044869085,37.14886610663305,34.083287003366564,30.243660096580626,22.40697704496657,30.360885667463958,20.449705614293872
40.69077875263645,22.858747475355077,28.09883543332545,32.499628286885816,44.8566712067665,38.951998277515784,38.75027713618427,45.152555697745356,49.59945901298361,58.97591372456714,55.995275429725524,74.37546233357816,59.07991630663446,68.75034849434505,67.61646157330536,60.1976691428099,61.47302762948036,78.79623223517943,65.44243632721313,61.70332503370046,51.09481877649509,61.26545719600481,46.76426499148475,37.08557169852741,50.11788427131508,50.051272169163965,26.607942039066177,26.028258726034753,22.073967241995643,31.65843404212245,39.97377030759959,24.901720204144887
37.47397345702208,30.24451561578617,45.79523620980541,52.64804140235045,41.96897105123984,57.06976525795116,45.69792903386238,62.91405215734255,68.39612110634796,74.31970121705264,57.875722547181596,78.18961672086003,72.56903228132882,61.156025461980114,75.64339262958254,65.05026962129376,60.55227407215022,70.17521826611542,50.73296634203347,49.99257358137801,45.185018483359876,57.74627089484443,35.216989187227654,36.64029072488437,47.71396619772485,45.005711716621036,24.84928444334818,25.87167282296261,33.451256175869915,39.76759075132981,38.53935367665064,32.43477234437716
33.981629061061504,45.50326995980143,53.05207883833193,55.434471311079655,43.421542985709,65.27473519988469,57.676809086460196,73.98881189356874,76.28013786338337,75.95597931164396,66.02114445949306,67.51772419588816,78.90402484709925,65.0328537303997,77.51954498827685,69.53808362419154,68.92913568134725,57.32119959363547,45.760316091260876,40.93747692317107,49.199299817798895,38.97841331563446,36.26679206412731,41.09558306611259,37.04011431644532,34.84177237010632,30.75673673006593,31.24409263548073,39.895244687662505,36.15076063156799,31.391738123498563,44.78243794382399
32.59371454441305,56.42526675918068,50.83381039872864,48.64422531418858,51.35958303003501,55.19076203522437,71.56119249889241,66.89659124242941,67.75522017570164,66.31290207994557,76.02248445089383,60.087559663211934,74.99701589850442,74.62452178919675,68.20886055694518,71.1042705039257,65.19341289118272,44.03236872691785,53.17285278292435,40.19971485354701,49.703640462681896,29.901543719118642,42.271610940662924,43.255644963962595,26.15060910468286,25.228160124182505,35.53507971996659,41.01059979204397,32.31975514443887,23.97544971450937,25.88733009625534,48.67568603795059
47.32319652996186,61.107484255593974,47.205932859123855,53.14136292096204,66.65148769888168,57.61237395124361,79.33981539842517,59.95749943710364,59.84395375603006,61.88223704922966,78.30229228969307,63.537690855672224,59.68766335370476,68.62071595848752,52.93232478562158,61.55181319264762,44.367557841621675,37.194215169971585,49.99175284886305,44.09742127303653,34.334982704237994,39.539683245143145,37.29761765480175,31.706947446113777,20.545689943655468,21.5454264372594,42.42768437839058,42.100171343915456,25.78304861174116,35.778869241240486,35.18674517633719,48.888955452253775
64.25007358820952,61.114816879447005,59.77794528487626,71.34674341761108,78.51246436401163,76.12982724518994,78.0015458732268,64.9484131783572,63.27260628418094,59.94987501241898,70.70528349415162,70.6775476729546,48.387762604483385,51.29487235379856,40.74503484700893,44.270103542786664,33.892760926813175,35.42693392098737,40.25217069788169,44.34181132245503,21.962792848126405,40.70475101955013,26.859539629152422,23.188204219516052,25.552850699082995,23.074986750190945,41.163112858621936,36.29812628483255,38.43303270339624,53.3880506843732,52.37017522913606,47.85740876185912
72.02417035098028,57.96754828049306,76.02706072213061,77.6098208028729,76.85011142586909,79.34653436851272,69.09881097930189,74.3341452700603,69.42186130931509,68.14385427203602,55.71651393882437,67.88807902487197,45.305100329712076,38.88283464636533,39.23040947473509,32.02330475875322,41.80441568985485,36.808979387670306,25.077471554806888,36.135778209919316,27.394813781518803,26.92278041877512,19.306995350787744,22.754886540385687,37.82356524656374,33.33625748586053,39.8822186746444,33.88006799747473,55.79565801761844,54.597440355257284,64.15427895228383,47.819602431851926
64.133242295065,59.04091200466627,75.71996062470113,65.67852507979416,67.50718597526128,65.70648565889424,60.24341703800226,72.77729462753548,72.7355702572224,69.5214181616142,44.38257917373258,49.552387208179766,51.478456073852634,41.96749324963606,43.954765725430946,28.39592870343532,43.64909754843381,40.9263317867874,24.048515544696656,29.07712005030733,39.046178064282266,21.508806639095294,29.77481531911745,35.356573790845424,47.82758351025847,47.2894149823987,38.939591370091264,41.50128709041564,58.40836226486255,49.44298801141302,65.82287949374604,53.85125280878377
60.84969436177374,64.5873147345005,63.48075979777252,60.4775191404517,57.31678912234557,56.077773563371785,52.998006645972296,56.54805579459208,58.03971080665671,57.284583025671516,43.65173765561394,34.24691772992804,50.754082293800884,48.33789768959071,43.14233400046236,33.04713186512906,27.99630572759022,39.94435466541631,29.62368338319728,22.327472587460708,38.65976439499514,37.380111445856265,44.59067694884208,48.995989079919305,391.4183573655608,59.049262105823715,42.27510860138945,51.99706955154502,50.741298252287805,55.51055461433294,59.28092956725723,68.07686624787354
62.872494122143074,73.87708387349555,59.31878185273606,69.12094791957982,54.61373321373915,66.92158053227035,51.164280902259634,43.84480925105971,41.40301675566074,42.67770008001425,45.60337603213614,33.725282218223626,39.675235947082,39.23974132125739,36.71175556762534,39.80302803441924,18.697799795849097,35.499691477958926,40.36489750210023,26.295584669048054,28.426331478847253,48.16504775924515,50.27964698208658,50.558282464652734,384.3796560352147,63.06462306801002,50.820592012473334,70.43354920039519,57.33274958821725,73.71328944119855,57.324449492953505,75.80908944839297
71.44893719572507,78.48612221571493,66.03410631840534,71.42354303064673,56.805520590601695,63.7716619013186,53.98600053385534,48.50935121875222,34.42249538666029,29.57688216327545,45.60088492705566,40.47200500530047,27.108245636129727,24.49400510838194,29.87144948893063,39.66681107987899,31.298007999871494,29.19285806977625,40.25015066007509,37.16800258647098,32.44417832082524,42.418876451797146,45.35560046676725,45.52225541679485,386.10131932484893,62.30846767022998,63.36838383372944,74.9485081710131,74.144880270092,76.65525474181506,67.61448810140377,82.17155019877217
76.61037314202201,71.24529173216776,69.36224737017277,58.222562955995315,61.19523496701028,45.44141472579501,54.51487146315146,50.478221061579355,40.902500948540016,28.775274041430553,41.702471835937445,41.76281529884618,21.292843157374364,19.4870527030092,21.907685352749134,30.60134057972955,43.35421047379246,26.62718949166481,33.62115534402169,48.48568900752013,49.93709662134063,40.95447327399662,44.865922480798396,48.663313457557436,393.5213960377301,58.901492555717056,73.88819076351876,74.18664358037846,80.34390991359295,63.89592774675769,76.84868796381691,73.58626994487084
66.82017281212055,60.14588878394051,57.64251807548746,41.98794537230039,55.61025041213157,32.56583068141435,49.55189459082123,40.51923390082559,46.18667568857855,37.1485361378414,30.512468002859144,33.215974448640154,25.86667624934731,32.624598325619566,25.14956082238503,26.78361193801576,40.11127102476788,32.91130422158498,35.07669474432957,60.5300819307206,63.745656259698556,58.53571393079129,56.30308265822695,61.60997853012124,406.439161184398,57.38974980269817,80.32483586241308,64.12624206354646,65.57563359213765,59.623880828331785,76.28694206209745,61.364094254576415
49.65113690572078,44.54286829789782,38.24939982744597,43.04387085822361,42.171526992286516,40.339301309268556,37.41090600725725,25.39252270384998,36.5792092115023,40.44248217010233,22.09087472115883,21.923228496514398,38.49441311928925,44.01110595604408,35.81758338890105,28.265365217961175,33.9085257149253,42.30055161359432,50.25927301970647,58.715521095608345,57.25517897685744,72.7980283790353,74.27736857784566,76.40258844211618,78.461651173902,62.601689639756685,75.01457224640156,60.049012721751446,57.976595241432925,72.06918710384976,62.57092245244494,52.53719071686378
40.282537392556215,36.73026274192244,36.917234613507546,48.64943865198041,28.919310786249294,41.88846748237735,24.890360532588144,21.757990920815317,22.68153122073537,33.22591377876236,22.426361526214748,26.33834698508147,46.00770414278427,41.50996783735693,51.35953185050502,42.55466538189335,47.657832242808446,59.104580416482435,65.21758424641035,55.49399482105896,53.07037906148544,66.61096358942588,75.01669305264103,79.15685915720796,76.29091748663154,67.5332709475572,65.29060005410919,62.487265795058974,65.71748233581482,69.7736388429392,48.013645483661456,43.64936420622593
41.2385853725625,36.3385667971243,43.94114205439667,38.176876345549026,22.684092890131822,27.434696929588,20.216832522245614,33.90951213502769,22.670877816475635,25.352354045960332,33.973678926214035,40.289782275080576,43.0007016616901,36.41784263771402,57.95368148145673,58.205400048286315,66.25347858782021,68.7979808753298,70.90322271910107,55.95160845491716,65.79120054739789,59.32678785352416,67.20796594712168,66.84966898796338,67.037550738806,74.27517111302862,56.29610409847781,67.6311520053327,70.04404399993855,49.889022311397916,43.92955259391626,43.86954735421817
46.32229965164542,40.59544772777271,40.038502474978664,21.266653525687286,28.243089855930762,19.865509106327607,23.126852770295134,41.04225982247622,33.190307087615246,27.9748024217663,46.87399447516346,55.21123024521674,42.154844328345106,42.67942120325634,55.012277320657724,68.65638993900109,66.06928349924458,74.09835972332641,61.32772593103256,63.169063781199526,78.20918687136006,69.23299939218748,60.30801641959692,55.95069029286187,56.98613862299458,73.10255053320515,52.00956400254335,66.15509678511876,53.24765299243782,39.26475921774558,47.447908696195874,44.677486755167024
43.289148604752924,41.60905457095185,27.118003790853834,25.14752291945176,34.03783030061299,34.687975416124665,33.165085024769255,38.457661278763425,48.83834498884515,39.86968933096044,55.114345198249644,52.17953373723523,42.97390468782687,61.20893285901608,54.753568165592036,68.19079915793012,57.89966697088692,72.24843760369505,59.42352356983398,72.64116969524031,74.60575802652633,79.28536326745483,63.70202224673453,60.05713207747311,51.94901418509511,65.81789500949978,51.09670504705473,56.95561684417986,37.283430491141395,44.42188264372601,51.06957713198269,46.06113359485244
31.91169176548936,37.9285442728608,21.278416379585437,36.862687651090376,43.33453195481936,45.006314370333484,45.51207269968776,33.06448981468915,51.54532496674107,54.69798276397731,56.69049483501612,47.41822813698996,57.35972035413447,72.35457633251214,55.582484454258086,64.35991346659021,62.83579351002322,66.20466570854741,65.57099826987944,79.03858230158868,60.68491723235195,66.40111771378604,69.56045851905407,67.73321838144973,57.13040915774896,54.222418901080594,52.38977454077884,42.46665495637363,34.73328228679131,48.955528082760594,41.5813868246779,39.412518171396435
19.41258712939726,30.1437583868287,29.099540709585778,40.56844945992203,42.64500835749162,37.30904873181209,53.25764165865077,39.91299186689585,42.79512129892656,63.66966701511523,52.62294322145684,52.10673825567516,72.35027671971676,66.55962111569448,64.40665056075078,60.54695758395464,77.001921600074,58.75603618474939,76.79031929505983,75.29786905372822,55.923603057073876,50.41098191681397,65.46249946949372,63.138973623418934,57.75957710436222,39.95447549622365,52.19036945848432,28.316453006879645,44.34068198267514,32.31506120495515,27.371771471622317,31.392632624318345
26.003673320345836,23.20688803644126,43.69811524871237,28.8812753701907,36.612642315542715,36.36616581737083,53.205488562048764,59.78867386381838,45.2035075860674,60.35149598170108,53.119218774996206,66.74262385259432,77.084943406048,59.457218015236435,75.29001689700517,61.422988780929195,77.24118058667122,59.340900889635456,75.96338738222373,63.870376279496156,66.1015214666476,53.31774271620455,48.48516050536277,49.21091457137301,51.120981207287926,29.095578152953696,46.36737600658977,26.274031890488864,39.161518372616776,19.56048199328936,19.896246979277876,22.844548707971654
35.31638210653347,25.74465806954043,45.39721008676175,37.02377817852368,37.33588447104759,52.75777726261466,51.18873568712134,66.42472085161171,59.815812934365795,53.44707455592526,61.40952876615372,77.86149052628019,71.80680076074337,64.32016084662966,77.42886185361525,68.44530108138808,60.22556886198526,60.871203951151365,59.277195799398555,50.451722054562346,62.547509148840774,58.4409834589596,35.994864024545244,32.78022116733837,37.66858371133726,29.33124449640793,36.69841563600291,30.527976363293174,22.270816055795812,31.540375079540503,24.720031523669967,22.074879848883185
48.063715991918194,36.82782702170774,39.010048252828156,54.758333135696624,45.3674197319536,65.62788260046588,50.29161528661171,62.82254115877046,74.23800975629855,60.25403322334625,72.65426985846423,74.6139932725319,61.96156606822618,76.37308815462889,72.94633823144208,73.82572883676026,51.88873957768082,62.47594950177408,46.45599708027118,40.71764083422746,46.00721729899176,46.84148633303367,34.58147732346082,27.770851099918158,27.774667694022593,30.240807567691647,26.354277947513367,39.48189513821849,22.667669842508882,40.662040490636514,38.88721704397333,29.704519105316805
49.236610930668895,53.85421138428731,42.942784819163506,63.78614590889623,60.88049307854886,62.817119242498336,56.83445751245153,58.513875421741595,76.54673559588873,71.36250321229711,79.61169575695047,61.639964351484466,57.362033089355734,75.02623878438266,59.102114900840604,70.04082157260574,58.72110776531671,61.21696977298195,42.06875255908842,40.43736738615853,28.98093929999707,28.504771028861303,42.29862573372546,36.9888227196281,19.82902517454974,37.51176188043835,20.517565060640838,39.365728856848236,36.92484293889089,35.84073864326747,45.91417748864468,42.31574069981947
44.31820165904468,62.78178070777292,60.63622737416735,56.08598435306409,74.75122441560806,56.042997453201835,67.16786154366103,67.52935998507986,67.58647571221499,78.98535560879408,75.44435316347057,56.348997782541836,63.306573851573134,58.70972273356354,47.581911968508415,55.94569905679839,60.04721007570032,54.43702465806394,46.64772094387201,43.671533279519366,33.07963005821148,27.995112769639302,40.617813227828684,40.6535975441074,28.987562994411903,41.199641772769176,23.53253874942469,359.73041167491687,44.09718477292615,28.478514894455774,43.453505446434974,55.19711261273602
45.77908817720126,64.2253777578537,74.29277853161523,56.09181888714993,76.93241717807976,70.45531623339708,75.08454786175565,78.41722495624924,57.2901133474738,75.76464169721893,63.27624433806368,63.970796304593854,67.032215636448,45.86526994401112,46.09782063144674,40.12107373357259,44.337718210573634,41.408673758867174,48.58072416010607,44.61760792224331,40.43846685539665,39.625035123387875,30.78336768531309,34.1630422024887,37.87184444849404,38.77762157918616,32.63899136504415,358.13259062614173,38.935353193308295,42.228921027418075,40.023584536762925,61.692762372147804
59.39285830597939,63.23229424023904,69.37001355250001,72.97361013772495,70.62420357759652,81.55829292754986,79.1138383928631,72.26107407550025,60.831917033094385,60.32829875572803,50.571871127704995,66.90267749292971,61.2622950004351,47.51195807250734,46.37745663837151,31.499868608154927,27.560037762246484,31.821468318176226,35.24601660687863,36.352998845295446,34.38723727728941,34.88736761207776,20.989632597576993,25.831693875489528,42.97755428217067,35.90713472094006,43.94515219973495,359.7890434836992,35.974317753374145,60.14205387067961,46.81459102985027,61.637454713766424
73.67717974990326,61.77915482087985,60.788177443495094,77.30403053177669,61.21923047793716,69.55825217964738,76.02861553105431,58.84893672762841,70.02206628263204,48.936448980680645,44.484882947976,58.5003980561252,45.12312869693677,52.193904259763244,48.38449297025285,34.889198306026344,32.06390593108839,23.571201113689803,22.008461151362507,29.516561009815728,23.048867773165437,23.569031069033283,27.51447138044944,27.57006276980276,41.2276103874247,34.51656642572671,55.65028276894735,371.8931170560614,53.86861991651745,59.55403865027782,61.85254838572306,59.42845220101981
77.2191335053846,60.75896248142846,65.38939079576241,69.42406363034064,56.96009902313148,54.231598561442375,63.416657997653424,49.60710616849215,66.58453767170548,44.44010339319284,46.55614177603627,41.225363646045786,33.03161849454986,45.814797172122056,41.91761920931069,38.78529827157108,40.72785399439578,22.203829713718466,22.83979570578246,22.252417796225842,25.53139896780835,27.75681164551809,42.493873988971956,42.183443623946445,37.374963390106274,36.78656164000996,60.04285146645433,388.5462518470342,69.3537434183969,54.582707407440026,75.83913859036353,57.60605995025715
70.15445963494473,68.12117970582183,75.3571765303668,56.97034279095641,61.609212045079175,59.22328014013661,50.4789476956116,53.553339495819436,53.01313549333324,50.48931884312098,49.84665028161338,30.78786815134666,29.386773930937963,29.850890144493075,30.6124302256233,39.52049141878496,33.65006057496262,28.216660486490785,34.67288888553471,24.16992618366446,41.20255906269384,46.26867113668049,51.09864854508002,56.530830616588375,39.56055993326827,48.47154560869635,59.82019263342655,398.28043187399726,65.3817266390153,62.98941441719043,75.09910942615842,61.44503248599445
60.013716052451414,73.75302920758054,72.24720408768515,60.55492374925422,67.07695438845595,66.66868767043786,40.492684736110384,57.612343295943596,35.6923149242228,52.16012741420264,46.72857175426107,30.13603429012102,34.54553180414228,22.347086024809478,21.456958568209284,32.38719659322011,20.17605766671593,38.02792476537204,44.694536725034304,34.09136775842548,50.077776635153455,52.30610140283189,47.0987650575969,57.78313797812353,51.533708532699116,59.571662369866885,56.803053845266234,396.6083528068219,58.54293674501775,77.94101756016595,66.6257451325608,69.41261417000626
58.40883542268953,73.4768371487635,56.59634378109916,65.73732158045837,61.4789350040592,50.64387539071357,40.67964414359014,45.28833790760232,31.993090152781406,39.4418861322169,35.79942505221202,38.28165610440871,40.90088832616387,30.24761624835876,22.045352774450688,26.950140677305146,30.86247907775097,47.04091896730069,42.499101070429944,47.81845703133732,44.431356325668794,45.101519389541295,42.660189255837274,51.23847139228078,68.66930814001886,72.73209666778392,57.921889061507486,64.26511520365547,64.32475852336837,76.71336754503108,59.81907161258515,74.12108967313343
66.14354802474983,65.39397761711093,45.37617797479242,54.785070727785126,50.01210634620829,33.34134889205446,41.52878211243986,27.711638578597338,39.58791182183695,25.773238046874248,22.090566159735978,37.353037614078495,37.37994147887816,41.210685546669,31.411445752807598,24.7090785109377,46.58312872529015,51.45945333910042,38.1550496983573,59.67702062597777,44.242901135549545,48.190389273499974,54.73045715267087,53.88040038748573,76.65440622423456,78.6735731981933,61.755331711518515,59.01729861480112,78.56374539252953,59.32961176242525,62.379516284707826,76.09662703111393
66.46194563802501,49.58010244176917,50.12185409603592,34.13559800470528,35.83603114441952,36.156883555273836,42.794731982494454,23.63534987586432,41.3535464215021,19.464934889461322,21.654590979478847,27.66772949316168,29.22492994488995,41.06907474864792,43.759306130400134,34.15388619418267,49.12674389267918,48.48162135652957,42.964340769752376,60.92001190121597,59.56002528690958,66.78786886925249,72.12648745092828,66.38537463786118,72.90480956475706,76.93498060557364,70.08109989730418,60.90519387273688,73.11034797978503,57.713193605528744,70.05572836190383,65.57087459283802
55.604635918325094,37.20723373775997,52.829712034853856,33.77714902239725,24.88188620959178,43.74216612676353,40.22875221325461,33.79630535798153,33.18228493241331,26.725591347599703,27.50466437381645,23.11117150426789,25.410272334382878,31.349310123593625,53.63485860856243,46.87036564340394,41.046412413560105,46.665781611582524,57.81806574709435,58.653844628515884,73.73557028108527,77.80393851972387,77.15313518807257,77.10631961537064,64.91512464577426,69.17166180824722,74.85031985307197,69.43303356212564,57.19675945788406,68.4742351341329,68.30081389506189,51.946662537473244
38.452800042728335,31.743494176873817,39.35648352806809,44.239302108740965,25.484652121721602,33.86271394299466,32.19034764847524,41.09168334485958,24.42855073158169,37.993177099008896,39.48664844171009,32.858644306830065,34.747785103468054,34.02387790709625,53.811791143350646,62.1270939345817,49.43662625687167,51.38415461738971,73.32533891015318,55.57523728987934,73.56671135210216,64.51012059335778,70.13004450533396,78.95892195198807,58.57990764173484,61.200824435487235,74.82044704002104,72.12108769830171,50.53930435594071,63.86468684383524,52.84403866094025,38.840362681446194
27.645633104964418,32.95214988133693,25.785776702687503,37.0500070382271,33.24852647654213,20.310996161086486,24.83140038585186,31.754422613932043,26.470377005221653,46.57139380845069,51.33387650387014,50.256689262434364,50.32726502235489,52.72408776741393,48.4858916739169,63.61823141612189,67.5105487911303,55.16052773158162,73.91533772879237,61.94094746245821,62.2733793742252,60.61930596044214,58.188040741526045,66.1416674485092,60.342307424179964,52.77734585356358,68.01369235169778,65.82391493345817,58.73642785707288,43.65189586922584,37.581745959132,32.90854163999998
31.145829324271933,39.54823463969091,22.249609699745985,21.212254118507552,38.59385092493669,27.488899669431074,21.59224439527818,25.243864234323443,39.039394713512664,44.84355064949856,51.19702300706916,58.40276531785365,62.91855269124419,66.95716823881986,49.74372261737456,63.645452353511786,74.93663936884147,66.29726741759681,63.78182494757321,70.62998479270674,63.04170429178059,72.920948861724,62.349560023652565,53.33632670345173,66.47213315474745,53.65309328540356,53.93869969213412,51.747813711378996,56.4439641377021,32.70104375280547,30.442513093736856,33.28465530910636
39.741216288944884,39.937102213707,34.81693771894317,24.137495701434872,38.58366515255169,44.4297217741321,30.491158414442438,34.619223631073055,52.8148667000737,40.620200028173045,51.266268607080406,54.111512294249046,66.46836338795615,65.20817973235734,62.03211440080164,59.156161740830264,63.83920947382748,76.15798005893724,58.70677292661952,77.36098086320224,71.94010897562951,76.84647000183628,70.18918209175665,56.88722804553254,66.67856551742649,52.03170182444806,43.125433881289545,36.851165410028464,39.78302177292989,41.24434727771214,36.83758976829884,37.32661328681131
39.377592990933444,35.200092852797255,41.240278120817464,39.03366100385425,35.054346070600104,43.46457112301167,43.59768697458426,53.52611464060396,55.826384792588385,42.86117086437272,47.38492972719933,49.36976864928094,60.43696303644714,59.23133043030156,71.84810729302154,60.492673937224765,60.27509632387745,78.03825492374456,65.99873176289994,76.08275956658609,72.91848906608945,58.08395066748327,67.98011334739091,60.47140113094719,56.117519518960094,54.67864438453767,32.95222523543311,30.650693460181714,26.44704072502168,42.91798126219633,40.196070970586185,41.61715193968225
30.220890168395986,29.979161862020067,35.63254262153495,46.70107648528752,30.55876091376838,35.2905616829745,54.12406704795812,61.35173923080517,51.3704838002694,59.869216885587505,54.969292557874745,58.65515689893366,57.00488478303828,59.76467426224591,79.57017886744883,69.34474030609046,71.01360840542353,75.94147222433205,72.93119683881483,66.93627251492823,57.341002728763755,44.626745056551236,49.663932766049,56.13813583198864,40.47309733157013,48.749021720026334,30.810089114528747,30.61684597841939,32.282015477329765,29.729068105406444,36.8491609799762,34.89140510424355
24.5578908787872,26.124584153943836,32.706221228549396,38.825101978936125,36.709761640021675,47.273245724393085,65.52593189988501,52.32951838414063,52.82393263775295,74.07618533268821,65.80733616657092,73.56739646402623,63.757218804218674,73.7337507235685,74.9306772894013,74.8215904802627,75.96051505424981,64.74169935665591,69.02289388297335,52.058846683024356,44.35096224919894,49.432160009331135,36.06029077501846,42.58725769308923,27.61048216516601,41.06595929302998,35.14126888455169,38.25742984654221,39.76617303008748,21.634157487477665,28.601653968355635,33.69009027490408
32.47312496379826,33.177323867251275,42.90402514581767,40.84938136754638,52.0275415969876,65.52558782859539,64.93080275184668,54.617439045040655,63.42555597499077,77.60498269453909,77.75236189006971,79.51844703530377,75.390200096016,78.11502381919509,62.74470832194564,74.38215913038988,60.50014043647306,50.84964062497568,51.61070633017994,41.05964919687745,44.79043177860672,54.62638016661071,33.13701406441829,27.01889111459085,28.84824058497921,30.480735636495613,38.19297565074076,40.70582562539148,34.22268894775062,34.95789250722991,23.64033004924746,29.074953287340815
46.755703477229495,46.59375325598842,60.06301046104726,59.571865449250325,67.85142338805518,66.67749751655879,63.11340451230575,67.10831841970925,79.70914158821444,69.64106691729613,79.6070835353974,69.56882803344116,78.8583942033435,64.87089785891767,53.05557287906827,63.696896690284106,44.65311711593864,43.63042049348526,37.9005450546964,38.99864707236308,48.44773179585678,36.15982693862507,39.32531353320524,27.745798786061258,33.600793178012275,21.558635882501882,40.81060519562256,33.040331039365306,22.724640860519536,44.523843539792104,30.98104213820224,28.428750325881072
60.524327397168975,62.175875024287706,64.8734909889402,72.42134557397718,73.35866418385342,57.46423737157592,59.25375024278135,77.69471177626099,76.97821844694299,60.682636840110284,70.45804136607771,57.36562483185174,69.18397069729086,53.183988469245186,49.2870019762856,44.685661605972044,51.399954604381506,40.549723297653706,38.62856896535981,42.39754090503795,39.87336291555482,23.34357104009837,40.62254439318503,33.99632795773299,39.559553688861804,20.34633899342484,37.847978156939206,27.57095606235059,28.854847338652707,38.42012166289062,46.85970662341362,41.169978855336176
60.73297652072162,70.15173368655162,58.01295267768082,63.56934898244291,69.78625711932399,62.59052464705589,60.93356081965723,75.03669356768638,65.43935874148461,60.72224326443365,59.03743910734687,53.700308868194185,55.222408883887084,48.39796371251703,52.95731116947687,37.22325277101131,52.19476296971969,40.35484283335868,43.65250937190258,42.13768089359754,25.163995647619952,29.149895555140468,29.25546750974389,38.36689349860046,36.89960162647751,25.487595366861093,33.70869296175964,28.146499397804234,48.46131454886686,33.5384513792411,59.36543837632854,55.71961444542079
55.50794222466022,69.67903976651104,57.579231236840876,57.66516928294103,63.08829585270005,77.75851897741994,66.59193284736163,61.52595329138232,55.281703226594374,67.57099457481239,50.68168255455616,60.31839875803772,44.83696198056048,55.116652046711145,54.37839672974236,36.561852861798876,41.6200904624117,42.19597414174104,41.67223574896108,38.94103670908736,21.419454067857103,38.50143103400356,22.02205091989806,34.355962295528826,31.579584374380165,37.364367812752526,30.456208345309967,38.33178159725193,54.5735044550429,51.17975447749425,57.58198102417352,67.81090895183041
57.51850794663008,65.2593991794839,73.25448460318783,70.86261996673869,58.114161448292215,76.18715203276638,73.80273698352231,54.82160405463932,60.60808071648748,67.07062869587726,49.94891652110113,59.71199161614154,43.687984296906706,53.01238828787133,47.505593153144076,40.56517715736174,22.921125086939433,44.08347475640913,30.83851563313921,30.56989282781615,34.6324856971623,32.60461726230719,27.36289601847146,28.184472309457078,29.379881702487495,50.4936852836394,34.511328063112224,53.82041511761151,45.61248904201477,66.77271877702805,53.32966867951241,71.30263696398887
67.77400903020005,61.648160742859346,80.16797301596166,81.32575307713924,64.01990945142843,57.24702610673006,71.66923571288966,61.82309631584556,63.66256025325503,60.16437467720057,53.016939931211,47.1548718825491,46.58409263008904,36.440360008601736,34.86457220760491,43.90223000769627,24.038946858869746,37.454806756370445,22.20520176832366,22.08345041588666,41.4703436384793,23.594889299518236,41.440007761143676,30.726021302119708,36.72181091481061,57.44169170156966,46.37634403081719,65.91505474371937,49.44074920348817,64.97982194747883,55.148398786258575,71.3880657276072
78.85363318056561,62.06012943311339,71.17154140187125,66.90689279417371,69.64231983709931,54.62536033909094,65.70971619946164,61.93848753936873,58.182935332544666,42.5082818774283,53.142169044588314,29.96723038364073,44.31570234930254,22.292865920531845,23.203674999606925,35.993398858107966,38.277332872750975,29.85168851246942,24.92437474420335,23.436586371804882,33.284787146008945,35.5171434783838,51.26189724590879,46.4327172859341,52.67167264480633,58.480836072774395,60.64888667029576,68.02032577991162,66.59138119526501,56.995309703445216,68.23200887289767,65.59037664379781
79.07353167410717,67.06528576790288,56.79871135961596,52.252399508005944,68.65667132662877,62.00348487613242,52.50103684223628,49.48300310585942,43.9167173902315,30.164949234902956,42.418597330672895,25.41330479367368,34.51852138580802,28.10341886974735,21.504513608335916,27.155249535570956,37.6632165275488,26.218321475268972,39.67741971984373,33.62243939913833,31.544599502692897,56.05851969372552,48.586908061877715,62.36816610547054,65.73088848154127,58.695283534712274,73.75810379128983,61.81758511087014,78.29810485526724,66.31021815144219,78.62118668454934,59.45885682556632
65.42234339666791,69.89080921317624,54.85620584794781,54.364040722022835,60.12525297042331,56.08714474455422,38.377366934516665,34.595605684436435,29.430019328879705,28.215957963069386,30.685223803255976,31.913278321569496,23.807142929758914,38.55334375637438,28.156979262335536,20.545429036755994,28.148893489384296,26.782509216780806,48.76823503730698,47.4519940058578,44.70952395602519,54.87971404879166,45.29740429002816,62.38403846885712,70.44324935778955,54.84228095863484,78.52384610684022,59.852379487669964,70.21527746907462,79.12451027606909,76.87009367449146,60.79358417748246
53.044060331809305,67.10162506187703,62.051757707729365,59.98692468624529,42.42089575264243,34.78812852321872,32.0033819730645,28.44189906574037,27.53176887870596,36.41030752955115,22.14544892547238,40.722529619035726,22.551649872814693,41.16305392606626,40.65944042274628,28.69645460294301,30.805716320663226,34.94881262987845,49.215666700041695,58.513662632367456,62.45649486093759,48.75567948423609,55.01759101964399,58.08702085856665,65.57078311610367,58.15499654729859,73.48311729639475,62.25020105035887,59.54426419155727,73.45987671198071,64.9160687319974,63.95952583930498
48.851122826670945,56.487811043500294,56.58277062915463,48.15786509669966,32.3614531855202,29.83543045517729,29.0105014453357,38.987599089578964,37.031791549108675,39.13577382984347,20.75485308584529,36.428870020764165,30.79408325155062,30.37510323147136,47.443425077678505,40.264281589159914,49.100415965400344,49.064454807945324,45.96669534067709,63.87470951881238,64.49033754877533,58.58711189545441,71.11143454055163,57.407729807754485,59.776637397792115,64.50451170286884,65.76220726113947,68.32459669490451,67.01594029533628,58.086124556499726,55.37683136047262,67.97996794633997
53.89109040038423,41.16952018058412,38.93443779183627,31.541800905537595,28.56104223841795,39.477305062050895,35.47514315332934,40.27963026761266,39.0097768248089,34.18331880886879,33.70673730344672,27.166950579765487,44.844145749972476,28.918990968961207,46.89455176482177,54.10378054520882,57.92896234083786,62.97476450391943,48.32344566647326,60.139500903742224,54.729818143809645,75.14441460090315,78.27604261072368,68.83010072788952,62.08499619563119,73.10009723601908,58.66417509358164,76.6107421280714,74.30723405657432,54.20283002204191,51.83457581538798,63.52816139870668
53.66949449830373,30.275666407413777,25.940810726410604,30.586046290561363,33.24203454663867,39.25248612133722,39.12928690107368,27.7015553291022,32.320992788436364,25.347764295343474,45.67123649370595,27.282730770976023,49.864045426676896,42.95641142480139,44.35977777056847,61.46233552174189,53.94982078775494,67.65032244678606,63.60370962845889,57.40447306730534,62.28681166226302,74.32827348014462,70.65144963906732,77.24549811759236,69.18752361956012,76.35765094890915,57.16679407217493,71.92961476073947,64.42974069875484,61.78976060629315,56.02070775457209,52.733038159768775
43.05909164238626,27.65569536329642,32.04461386178423,38.862726924542635,39.233436983317745,24.442671396204464,40.79982648509259,22.631970245615495,23.289280672341654,26.141604631138396,48.6553225577257,42.958809176844504,48.358325123693675,59.47732356019244,43.549756018383476,60.8181142789209,53.09145635985934,70.12953089161176,77.05564263036338,60.730888154613254,74.52204883800432,62.19377968767342,58.54500724939288,77.13593572427864,73.16132026542039,72.97493552865608,59.87454285613811,56.93673643503318,43.78347913510486,56.349828532393516,55.31863006049617,39.04733220759088
28.351249404249145,32.62491982841533,40.73682701546232,36.41885559165927,38.75861707979524,21.709281366027994,35.565700451749734,31.113575079658563,28.980146905654227,38.35085394736451,47.054522362520004,59.096120397432685,45.579411155235036,61.732985456244265,54.40242332337107,56.78284715349545,66.82560863990487,67.66879248301196,75.57434175672213,67.56041784704892,79.59772003555588,62.574077208685104,61.57701244742591,61.33308960072475,71.75875533322034,60.95040704994278,61.508804516791244,42.500835284143754,40.64117160825698,37.57568439301987,45.93995951673661,26.099780683153835
20.40927077649609,38.100690245611844,35.819509346697714,23.03018948684024,33.98051309417813,40.646251430867174,31.0472719970799,47.65862286333358,48.457874879646184,54.96047867946515,45.01566838197437,62.46251917240736,48.32561171429534,57.23035349066829,70.82069435751136,60.300358463647925,79.01460350100939,61.00043246025766,63.7859612352851,77.75513211066742,64.66993999647822,72.51350060377221,67.37550714958621,50.548787193648295,58.55628151357986,49.88524553814827,59.30306527602736,34.33138696659509,47.7411916830595,31.658678232778882,27.868510201660875,23.21629472543656
30.060998369479062,40.511500929570985,26.022030705369794,25.2580304190739,26.807058507313617,47.761167570908505,33.72685690350075,54.200307983508495,61.60989146998046,61.74078296264187,47.728801864333484,58.316880270853034,63.81119788023394,57.639075348195554,78.04174393969635,66.2488781049426,70.15982063519174,61.39482676148026,57.82603466485479,76.16216020644579,53.05830030365679,68.36947144378443,69.0441240095026,50.74795496833216,41.425435748792594,36.80631982536705,51.840554272829856,35.06061750058067,43.76768244165156,38.04932683709531,22.439692637470706,27.715739103993105
38.03790425102287,36.46256563147199,26.46682238380055,43.45196247803979,30.707871239651436,40.049975057804595,40.52169495547391,48.699664770988974,60.558485153036884,59.73985136441766,59.92437454105434,56.21618954475012,77.62238082055937,71.68013847457506,74.11048069111867,74.91893380200882,58.722988275937894,63.59210062744857,64.27664981932773,69.82506630717889,57.98056222000586,48.090666707996355,53.17413750017112,53.47865457640065,34.768929737449476,30.99771262052914,39.65378802326636,40.64357859081892,29.517946659547416,38.8020485121064,27.06575168444012,36.24436125817836
41.33193924162416,29.54984929574404,43.89258747911492,52.73808986863653,45.37094439068665,41.81474247945633,53.47145910860576,49.24887085572847,56.540209452145675,56.8840832752813,71.7413778450398,67.15604009470606,78.30951034193255,81.47163432285979,67.13236192051762,77.60114050615167,65.02963413660969,65.92403734930353,70.05624453184868,52.45458229274011,63.407726044783594,41.2227946301993,38.41493136451419,51.71858930237516,34.543830354000235,30.58373407504389,27.025842998071965,40.2400647136795,21.12668890344545,23.78141046009971,37.96647619617579,41.95708688034732
38.581496844433524,30.802661296783796,54.10489539382032,46.06454610709591,59.16147474156809,60.556468066565415,67.63250374582523,64.17397584249998,56.77914530229084,58.50180456761238,79.57471632368832,78.31441875879885,67.52874496142778,69.69502224442175,57.87013144255744,69.95838167767582,72.17158584752472,66.44330381392508,61.54537633746711,41.69578864957582,50.776740384309754,48.55775670117428,33.07252830148077,34.72896309980563,38.186778429959276,34.71519025603175,19.90443188294186,36.15471815131105,32.227054498896926,21.585676772169492,42.74852009519488,41.541273159818196
35.2033900984368,40.222446928013404,51.65993488674019,45.112073826727396,69.88954146927546,71.82398790691502,75.69106957212699,77.41221728141196,69.03438674005999,71.01129069525032,75.65214183329574,78.14629470638766,56.13701280862022,58.71299734470925,52.20331500728667,54.608558975508096,59.74862820752266,61.69781923560549,45.253577066807544,35.975851772622356,33.6348643134213,44.77689986996893,37.80533148624301,21.773525962093842,40.63491850986455,40.905094651206824,22.245343019127294,27.37380394177039,40.89797244131699,38.93523850358505,36.930232158070524,41.71679019833113
43.635178164968224,53.60217895764147,48.68479614260519,61.49159340949518,70.23502603255645,63.53748551083331,75.0830240451004,73.39342589795427,79.48154627496744,78.77339821439698,64.86289200794894,63.354032315302106,56.06274977265238,53.60081683244076,59.29245226008721,44.179935098625954,40.85512304794274,53.56091893820341,33.51332246868055,40.13993157646283,30.523738283869932,26.08387810237737,40.81327641148609,25.75775676470952,33.81024915395918,37.77302556685287,31.105253898651362,24.07379945283439,36.78964970800286,48.453547909040054,32.889513645974276,40.05293931930524
60.414855688374246,68.77657805751264,59.293166084404795,76.5221579512934,62.395875960477916,58.051890275281984,67.0103712877518,62.30019567377826,75.39308772038727,76.1329683383671,56.418420866113344,51.97821729482923,60.97350390845109,60.22483338695719,59.36035677708794,41.173406945051994,39.86159770909779,39.159305219110806,33.865458673918816,41.92522921074606,37.098644123499085,20.86892854317975,31.733753675601477,35.85014665290314,24.792862536978223,35.02758833397907,39.97595793372711,31.088334420029415,30.106608456434877,41.97957509333627,40.19286167110077,42.552176174697216
71.72600672660039,75.66394630856941,74.51063145075753,69.92442927216315,60.45530785420471,72.4146072659827,61.57373349054384,62.5601394576773,61.195471688434345,63.42465659939424,52.73757668944724,52.833808889510536,61.81514255575903,58.20679360460707,54.73868851000974,42.653522712990195,46.99563608913778,26.536770235013073,40.48868445364947,41.05744163174701,37.834656104144116,35.821495445605926,20.942135296774694,43.856063432070435,26.733943778161482,33.676153225637925,49.3909365346199,46.640674401874236,45.32026820464717,41.45119522403817,55.11364740446168,52.15412123478673
69.96377428279332,72.61894731198622,77.1828604620718,58.500298182641025,62.52220700260691,78.14728064643423,56.70074131821095,68.40806824297265,52.984497345713336,48.56167945883827,56.19969729916442,57.986206136970445,54.09108536797414,43.03821484087874,40.83652463777978,44.71082622365713,40.846980814328106,21.756171677785407,40.19651209850882,32.60976951621154,25.847136907585462,40.287183264703295,25.18388382213666,37.597168745685565,34.20114808605315,32.82905463831905,51.65042532357164,58.42462334747811,61.83923174512541,57.00312501756717,71.02542753035482,65.81292593772602
62.99998821713711,64.19064329835271,63.95409963394059,68.88025247586519,71.7944119861659,63.60434523977445,59.96373505797776,72.12204777371299,53.995798305167234,44.66701968925304,59.581353381395026,54.28675618774956,38.54216672098574,28.65654503846146,26.093290971388633,42.60047700739819,22.86365265692426,25.946486640311203,27.95787342045836,26.023748330273055,21.3838109407179,32.0448732364028,39.692861145030726,32.32029229650882,49.25765778253522,38.36693316487762,52.44351812161534,62.598410596147346,62.41955436982969,73.97291161298023,70.12305112207761,76.33051258755042
59.58086302252566,61.143913789234645,58.433929881427204,76.80464257863589,74.00045698987157,52.516917568880096,62.97895452939746,57.07716273384684,58.95416557438108,49.983847621234275,50.527083288126434,39.53378713071367,26.726708017163723,30.15412558272372,20.763325799649007,29.411858366784344,22.146391663711807,34.09108211755215,20.858304679434234,22.72132582402551,36.69110411975666,27.087687128267028,52.30798110088893,38.129898261465065,60.42956488286393,52.074550938791226,49.76629778536754,61.57024535429821,56.53041745352223,67.1189068154864,65.5644575087922,78.99391255809817
68.00604579937837,60.77871983320502,66.48848012690699,67.3939144326983,67.076670776349,56.39514398287239,61.38564473368999,38.76267138854832,53.09132826271694,50.59684509203004,37.31282086966002,23.344165360468946,23.447703908832345,38.30914978244093,25.846904049391075,20.044344338453968,36.592389073163126,40.44556104153489,28.809465369850066,33.05942941052654,51.285273591247226,45.577480902420646,50.93831856785072,54.15203159586342,60.990808608978,64.8821005588258,53.33698866822796,57.31881808293269,60.489998817277346,58.91475891026047,59.66741234809446,72.36098691199977
74.12312031665716,64.79709119683706,70.87592098498985,46.60125706800018,51.19279558130358,58.6147525731086,52.80194661227787,35.77902488021271,36.29540688674403,41.11022503925797,24.66338130198844,24.093051645758734,32.709595103421954,40.27060180047668,37.70822385536162,21.250246906998438,40.20449064573709,45.786644678655385,44.66817435206186,44.63823054346395,49.931204097775044,59.317482668623185,45.14965400978629,67.44535488937979,58.22199777023288,74.50671793476096,59.92631664498012,59.15717564520356,76.6896942753591,68.74003222482175,67.03011093716951,61.86839666073386
69.63606653870849,66.49983635702753,58.92505420827018,44.260356194193996,36.25120951916311,41.454113117304765,39.979864237391595,42.572502906120924,22.934461852138494,28.829807211555227,20.400740819251755,35.47949034254735,39.886929924558316,29.136439156912186,42.77661411788942,31.244924481540743,35.33172830020289,46.75647082813462,54.267071504273176,57.157225887686366,44.53866352174079,55.73760124834136,54.71572748214352,68.02734436376167,56.58416339849325,77.1190915286178,72.16226397866669,68.37679965833497,78.61074117994744,79.38690023192977,72.05472970575441,55.80331606791202
54.99615092264648,61.260770714439126,40.21025481070247,52.51256628236722,32.748853107368745,26.84829656325436,26.61854263103086,39.921935941860696,24.858498431487842,19.928073011033163,29.42310634999847,39.83555430166118,38.370606505368876,23.717594245875322,41.427312616602954,47.21926969712149,33.65734464581153,41.87711396126351,54.77461009668223,64.88974818163975,53.96206241824764,54.81449607747266,68.915909692243,61.745578643263045,63.30196230548043,72.93537021817114,76.20478988505688,76.11552447923478,63.98470036878265,70.44908934302173,73.24497637707748,52.5237711774294
40.99083002257016,48.32284119196215,35.117532601801976,45.943912479343716,33.104932031015494,33.50290953444812,21.805156063940263,28.577547785467523,36.647533181395495,25.69145180628685,37.78431218689377,38.335602938316306,31.7101264558431,34.85849667978324,36.883270294685964,55.65582051829817,51.0764270421155,45.38044781731231,51.07245429078478,61.36995317908342,72.41134489149628,67.02922792080764,77.64830542391488,58.885038512356054,72.97125211077147,65.03506325410258,78.8241858706749,78.27311782131697,54.400223988788895,51.64508431080704,59.938993787200175,52.949339914237676
36.297126099561794,34.40537164456389,41.57600913981868,29.12831484157507,39.77016043165159,41.520371460777696,24.842283038357905,21.36621416391261,40.231824978267156,38.25704583004185,43.55218973730823,29.428661510922907,31.39254417079424,52.3790564295725,39.69235449712116,56.62213268184173,65.26712731551306,52.082797856874414,54.982546115323196,58.20264897035648,76.76459649276487,80.92774981508677,71.00338979222411,67.6364912229697,77.28162264227282,59.93173605741193,69.57685977254866,65.45337106859175,61.73460534793691,52.11077218017231,44.45208385105195,55.57702496496374
41.06742734955952,25.476389595692897,43.08083043352991,24.1906042045898,40.67243297556092,29.11554334572877,32.70942845197607,28.28392222194292,34.16125424843617,45.4037841107783,43.414607449095534,35.358048251520735,41.677449755079365,56.27040024267076,49.70018911347595,54.63236827582144,62.22500769557838,60.832039942906164,70.40925036017993,58.65998047865092,63.68651689724517,70.8327321154938,61.23008894355928,77.39607603728174,72.4415691637225,54.897191041318706,57.85653165170119,50.86028268137578,62.1813354813545,57.97414559176347,35.33822397806954,51.66553256052505
44.04829033482915,25.51225338115927,29.71870365245113,35.399267215535374,33.08045807345,21.675067535698208,42.043336878667766,44.29487709691927,28.98617923812762,45.06646534107101,38.28839930377474,52.090353930642976,58.255726469549515,51.79804789274262,64.47155734874707,52.91851276544003,57.69646777936685,74.32765762058382,79.25370962229907,64.51443831607475,60.20714439266321,60.26076890725791,58.84430825047102,72.16842422412404,59.34311944023373,56.07161249233019,46.354810940310685,41.54126823193278,44.98941247034044,48.0464318670987,40.06231310377088,40.973225453209196
35.867330317481816,32.77518025118891,20.59078338304494,38.44531234060014,27.582194311116734,31.804969681064236,45.84114603297936,48.1344385105316,39.5265960500038,42.1998293720812,40.94095792821485,64.94822501784346,68.3154269257943,52.009281263242386,75.26351028717583,61.968711672668604,66.06513250941916,78.69987988303315,74.9488675602723,74.00035254326446,68.81557590874064,65.64683885200029,67.00479659606648,57.39631032267766,46.131543720400266,56.6117398975269,39.019579732540045,38.52437207307856,31.797633991942856,28.94114803723216,44.86748794887146,30.74980127460087
23.36283899687574,40.61352577319364,28.05859326347609,30.47618592244573,26.959660400654823,48.266331865258806,44.718928754861544,39.99611773640805,52.98435408231562,44.736912906193055,50.52126275671631,64.70477388075113,68.86946839381255,65.78096398779559,76.48187828775644,298.0039009960285,80.36062548472205,78.8756775989395,62.58830684449044,77.80429910272319,74.23131664403249,70.64731234969257,67.51010189962201,43.48321844819353,42.8616630524772,55.86414382214941,37.764248375052546,44.59223218206,32.94758190571123,25.620368762624786,38.54192362303285,21.338602187221838
20.775431254627343,42.43857953985394,41.36512903057308,27.222220547581585,35.7748351724219,45.65816320046314,42.810864612275616,42.35885274395866,64.15866055763213,57.87976639173613,66.66012292282375,58.29680428125521,60.67623917439021,78.84515554044515,67.67121399407792,302.89129176025256,72.52438753244188,69.91365631516092,54.3676719237757,70.36372231002379,63.09991709549656,58.02922538320269,53.48936492367884,43.09251124890835,45.35812245598782,50.30769409878375,40.19383642009168,43.626507591335155,40.61577690436026,37.005631152981145,26.704893343194566,20.923240024134806
32.10272561596027,36.91626955122153,47.257347467668716,47.20607905598764,51.8261929019305,42.61071881329434,44.80829139322395,57.981110876422086,64.9163017452224,72.37896723408707,75.97336544586203,59.51302942521054,60.76487326156698,75.91267593837924,60.327284200778415,300.5562644985328,58.36971412239626,58.31404851416163,61.62084833953894,55.558703626573184,44.74114180669451,38.579484939643024,38.97834529768818,49.144548123436415,47.971860345050125,37.95931212938526,41.29695610109093,39.48326749465409,34.155076837599196,38.73472740561142,20.214090370919433,29.17766973270489
44.91069127579591,32.57048792641217,38.90740003880352,58.792216807500594,63.05359717477429,54.60709045889628,52.6618733247866,72.59399162222712,57.86222226908313,77.58522712759023,78.05662479234351,71.11705282771213,66.8893270853591,62.16176284863126,57.628670682141525,287.44579758678776,55.805972696155095,48.07488579428592,62.92362359837653,43.01793294111708,39.36960073847863,38.65621051965531,31.779401545866325,44.76153367995211,40.873518536969684,192.74151637039702,39.7582216748181,26.878568699581557,20.534020296997554,25.97927289848075,29.654184079258897,41.390804520761755
51.09729208669146,38.593264888475815,41.594484791654594,56.21807910831272,63.66200185148995,69.9007037840296,66.78770182793386,70.24643345209391,60.81832603663709,71.05369903352056,70.41491330197378,80.36503471868247,74.71135275447773,56.154027146813206,60.39415080482988,275.8435207408892,63.96152583971642,44.50257131032603,56.35170379421428,34.52786329197108,46.64754463592091,46.58821020331982,37.35287624173442,31.470928634912614,30.341258529064454,187.61478263616493,34.02381820656213,22.239445733880988,24.896538225999986,24.638793267127586,45.47445070863878,50.09112901610203
48.376873766876365,46.72592771656394,60.45746069050474,51.790516660544995,60.08594439754445,67.28674900025224,75.06563093049077,60.829962459086154,72.42134731460001,61.537328510492564,60.501922684612225,73.40400406686628,73.11101451954909,61.097690299024755,66.60217826632936,43.435160497553525,57.38188741067725,44.70819125774912,37.64483270057741,36.73919516749362,44.052628280205845,40.44183779931297,41.67999626865158,20.309196518880587,20.452793221274305,188.50120508265462,27.76886677244394,23.108119095561047,43.313951502493126,41.96296232551714,52.27812623717271,53.36499331341567
46.53078912986949,62.37933760385968,72.59694632938434,64.64824197175935,57.629376413745,59.73134766684074,79.06581635111816,63.42244030231949,80.14074932065334,58.747223622714266,56.07969083326736,56.6108396534772,59.88213534655036,64.8322382116402,60.349711512813585,44.81511569744063,38.44504255932112,45.58752832451342,26.337444808292283,41.50019240175416,29.52739873720111,21.09391155361282,34.062936701765324,23.452827286740906,20.881518370577453,197.74439580674527,25.34956112333147,37.379973787012474,49.59589802503981,52.527372246635956,51.395188253592295,53.08001417954903
55.138058350426974,72.81491080311054,70.21069522422485,78.08559509799916,60.12211741481431,67.33696981315059,77.36235359377687,71.37129566093334,69.88332556104577,64.94923954871085,59.337544193151665,46.00220331644061,44.894172661280834,51.4512215142217,49.091324456588616,48.800872302546814,27.149329419639457,43.7575514398957,30.783083194587626,41.0441301933391,19.700222695669705,24.16184756848461,21.369473659055817,38.34292533120597,33.53721407303571,42.85466172139107,31.29678089740478,51.588853863703655,42.947775613520434,46.419500155572145,47.03477307114845,49.16756214362749
71.34016695782955,74.98815436912092,60.94728259670001,72.25985976222894,70.98303155482569,78.48445030226776,62.88854786154613,74.64518718260604,55.096870032196044,68.18076924801932,60.64908893767153,50.68510240421609,37.215464414943604,35.223813698783765,33.78472872550868,45.18771304457816,36.78232484029538,40.48914088914409,38.73485356801836,34.79863105110068,31.09443841118909,37.166559229042136,24.65615213948543,43.86509390769781,48.21602387570865,51.08808077222779,42.41248591608798,56.01150702640567,43.382720089379866,47.06310188497215,52.6766668423206,52.48742853739688
79.8659510186621,71.73593899531532,64.68722987867308,60.28688027941351,76.48094470077622,69.72733663045082,52.40764784685119,59.851828739776494,47.02639404805445,58.80745581426042,57.97975877397209,55.26023657102219,37.327095477034185,31.017557954504184,25.450279887057818,35.267337281760206,40.762967708442204,32.26099866602642,38.58507526342079,25.604757306860314,42.39708505231412,40.5886442751879,38.952923415586795,44.03087825733022,51.371552643401294,54.23114992447976,56.59937114791935,57.014520083878935,62.34500375900568,65.84568604117085,66.01756747767747,63.16238368156102
74.44627876723841,63.39042282925191,73.73128082633045,62.472893473388254,71.19773298818015,53.17262346268964,49.43468770709311,45.52709716964864,50.00605490240643,43.75030421224547,44.85555155376734,47.2497822963979,43.82986271275395,38.74687035114806,27.861014401128735,24.130247784005267,25.368589630428797,24.290160980596774,29.82943391018007,21.55849594897009,40.42270147212428,32.15701742479228,52.8205347527158,38.73668737265609,51.18342224854144,55.089811165233364,66.94271079035497,53.68904321327099,74.89225584229041,75.94883463349791,76.45182550940568,75.25200280469772
62.838733490047865,56.93314147522976,75.14047482189636,70.44938520512852,60.28263805497776,50.45920994856417,46.99872182678534,43.8053597169305,55.048076757455895,28.306171874430618,31.807165510516498,30.755526218540787,42.04659805436042,41.31176498137301,34.6286258231179,20.87331100245033,20.585463831588896,24.51995437316843,23.68391843191099,30.788060567259127,31.97782837280851,37.62677288852519,51.624443711801426,45.50277875167066,49.0892198783179,53.0389825500931,70.44632103958362,55.15226184757156,68.347234761954,69.97894685950996,77.04110692193453,80.00976246129437
55.45515759557173,55.71967887458941,57.76136014456847,62.48222866960296,46.004352200569855,58.93009993068475,50.78526506448733,49.577003400599196,46.4384482109516,29.405192754894586,25.52592321405851,22.695820156636113,31.092735795411237,30.512341046857255,42.40261449219798,26.292494570303152,34.4635818855147,26.9340216078068,36.98059229681104,43.939768335719066,39.11137120836907,57.63871441358336,46.5940193306859,63.47180075654552,54.67491160763463,53.129302186667246,69.27138523180845,65.87760239885061,60.155707706766286,58.30809089461721,65.96524804663099,78.92002405437931
59.82946175316204,61.278617468634415,44.33783731188588,43.18864443201726,37.57924384027873,46.43445132758425,51.637201706993935,45.27692222109173,29.91464323467441,36.42528878611289,25.7261650675725,27.41271074489411,21.071520765443832,21.236210847907753,38.83290405687317,38.7278132224003,47.41275977684356,38.25275141071289,53.735008638293095,58.50208350974897,60.634271299274985,65.4307322683808,53.43784128350671,74.85332612372066,63.68620932920193,58.78386409223767,64.99235960039731,77.17119983643431,66.17362246674526,68.0080261178068,59.92715489766721,66.59850053446125
64.03066132885324,62.26145289650125,47.33187731747016,35.394939807867495,37.848452912670155,28.208844326139744,40.57163647430149,29.323786279300823,20.092521786395768,40.86156387317759,32.08252920861035,39.49458359876476,23.748178848641906,28.01645145190951,33.76722980044499,49.75461907853535,44.34507618010062,53.23114975392406,59.97769769013427,64.36306563711615,69.55524662740471,57.54455741538791,68.40334938382327,73.59466263768847,75.66015699362252,69.07778292096661,60.50826946551677,77.09185954591602,75.39337221554891,76.43287036859692,57.73748292805747,53.30790728622879
58.98689784601095,52.89808118058095,50.009083319698604,45.80799684063936,42.91223855494086,26.035982685833254,29.18779116581987,19.21195987415716,26.121328954223436,35.16491910149779,40.9933998004897,40.98994238423576,35.96970776758619,44.00031204105833,31.942474355486752,52.142964809997984,40.50813680172944,64.5731199564566,57.58656079338527,63.17871612891003,60.83080694766124,57.99855560073121,75.10374808359516,62.26384079061252,78.50011052958001,75.0329380490656,59.704992644996295,70.0055980215823,71.01191347161569,63.71609140686712,61.86734267543904,44.398582829871394
42.045884259988796,41.09428080992249,42.63420129812109,41.47436868382262,42.79633031161897,38.63018879407004,20.776124325075763,30.300285145433083,38.00714633171848,27.607027943076396,41.94508746224633,35.567147067786216,50.178703103334016,54.514958200670705,40.28244134240173,49.16153383548661,54.10208810845862,66.29590606981958,55.31558777282004,59.653644235194776,57.326885508950596,72.71318544648021,75.42792809723277,59.05130772572062,73.0820118806031,75.58096674370584,64.92555893681407,57.257469671637544,51.188875830348316,45.39083591797741,60.87437178872503,41.41827539750289
29.313702485237727,27.861551014753413,24.673244126778286,25.02719580671264,35.14255777293752,36.01333239632131,21.61057024586165,40.20503590853554,43.250117236451864,27.87923222372019,37.70148035506217,34.477467374656015,56.35018837317198,48.61896513780678,56.93786244790071,47.42315424803641,69.96916090590607,64.31517676061281,61.69535037457889,59.618842829636115,69.39529721160281,77.28052703200808,62.201990803820884,67.54335437774786,58.72496792983407,71.66900414849435,66.55662236397605,46.98504202309221,43.705490566773356,47.141188798397415,49.823037457919554,40.88855764676128
28.45422243596018,22.568596820108386,20.936706875852817,19.296839726421783,24.589532421466295,23.57905364484726,28.9763454709487,42.12794812056435,37.168233231609925,39.195289167880155,35.39531550835958,44.06295086033951,52.48788420939001,45.69457016986679,69.86152619242077,55.45452331483512,70.45006507174426,62.38487994661448,73.76826059645087,63.899157364158384,78.75238844617586,64.66016156728261,57.460016737146404,71.8976775969082,51.51927612654977,58.003966764239784,65.36499142294669,44.469192109552644,52.005221792676096,53.17437796239035,33.61250964510571,44.14439235230982
34.59363331299917,25.55908183913592,32.30648766230945,32.457067935466966,22.492927696526703,27.81903878720569,39.668196004904026,35.10360207019879,32.765578346942085,54.079600394830216,43.41212990702226,61.32413089543685,50.141384662849106,58.387002928242254,72.77136764913442,67.05425470653579,60.04617157439944,60.32954223185483,80.68346565209534,73.07554320150503,72.48385278801045,56.05278706821589,63.51464218191471,67.86549046698201,50.518136607798695,44.74198365518471,55.38608963174548,48.48209789394817,50.038565055519825,41.272519109932254,26.078671074303653,42.314754314124464
40.39091431265238,33.468159201772714,42.483658724919565,41.649262161865465,30.803212943732255,45.3181546673073,52.27466013943773,36.43243413768062,43.92477890117238,63.781333598540435,56.179318734805555,70.47034339760643,56.32160457357504,74.10595166262901,67.0609774916467,78.96654996263115,61.15443461155732,62.78301151391052,73.93948139901684,75.08068364575685,54.767849742468094,64.92857857125583,66.56203177340761,48.31132615425579,56.729603908673454,35.92300086226732,42.81915567365958,48.97414886512143,33.142552947311216,24.990055036680662,29.842813621085934,34.5642894660028
36.2378727662868,43.44527860847467,34.539963683226716,35.06845523235458,43.33522452574969,51.38355262548905,58.75403435374531,55.211603510549736,62.74744335864925,63.3126723691884,70.18600240943863,65.16382464302217,71.1062219303422,76.77370675314206,60.33989090983116,77.62150955231036,76.1757362476322,68.17056332043053,57.1501633797842,70.46373863798219,52.680475810965824,65.11473468226232,55.61275681920946,38.80357602177959,54.954041613337125,32.48194282111661,29.333306726372204,42.62427741997103,21.523331171578405,25.936862626760707,38.81131826007529,26.13264915973861
27.222005159258536,44.16047097982662,31.39399294632468,35.07977527668494,58.569186658616935,42.37427415747741,58.90520386633445,69.12038367474395,71.82356031388372,55.66243908446554,77.07481076729789,59.93186422128319,77.79066104683545,66.57612038428061,61.43241909585192,69.53752353033552,74.88283702007806,70.27580148950297,51.49809082139691,57.21585682195125,60.06653680622395,47.47666310584219,37.344407272888304,37.46877052127183,43.76193687799188,36.48049596584806,22.461006060055354,28.70399410759187,29.815823499075947,37.350887372064335,39.10533015123477,23.32219282458443
28.755653557388328,41.630170345458076,40.34023123978304,48.81553998261078,60.269184786344574,50.84497695799602,54.476575840284504,68.25944858018258,68.02160417137007,58.54481394118449,70.82036351070587,63.25349566562408,76.15215523609896,58.62042665311557,64.6049862787204,59.436256455058036,57.247675623645414,67.99192398540137,57.03793756145648,44.20151481939964,54.704077737101684,33.51572531152614,29.118282627662033,43.75049256885617,27.163607338715455,39.370294438424324,22.363588634033874,21.259454346100494,41.316166798317106,39.5274739546635,30.753180984038966,27.001088675913195
41.96581035572006,38.85876386660653,57.676778094839065,65.57951071837317,58.0391375170865,68.52034312769,52.960449498700555,58.412222204223916,60.59975966465988,70.23760899470459,63.78305697788814,76.08271483803694,64.96360681931196,62.86599167454314,69.83699730014733,49.01393773244773,46.48332732333375,59.9789636038033,58.571998765512454,35.110124005513946,38.16272870916319,37.85120926949602,34.84995085600712,40.88923737195424,21.589337810683563,39.331337446670084,31.433139699939865,21.715135434931373,34.95847080211915,26.408383413371077,26.572071620063422,38.910484007379324
58.26101172754058,43.74513403098483,64.28094756109319,63.103055383996896,54.60996182644266,73.98922621867216,60.363284819671364,61.27316333562462,64.0450613389451,79.01040034769225,57.201914986221226,75.17490815133444,54.98152471488384,70.41376443995365,68.86829889795193,49.74310200895415,52.581962426359446,44.26499741329577,46.721554870322066,36.92528172207241,25.223024483398238,44.181131887311416,41.62011640080644,27.913772399196944,22.838882782000724,36.012696853100394,39.700579384461456,34.05348475312761,25.55502524703636,31.478101856789515,35.91858992478337,52.45333400216355
64.05043977434146,54.774700289381755,59.668619614774215,56.13852223567048,59.262052202618946,64.89319625891156,69.90997469329321,74.54657899422817,72.62900621808957,76.4620965589558,62.540613808135156,65.3603682246212,53.83556073809531,60.767084212721564,54.03353100628008,51.86419572611233,53.401999230324456,30.585393154066967,31.072115380314866,38.1952332934333,34.41436675776804,33.271082958110256,35.2168749930472,21.86861606754259,35.24730371747526,30.083977181570763,45.127273465122755,45.657011579961505,34.25141296477199,49.34516768575226,52.3174651062747,61.455680372271054
60.79182414562873,69.1584004130658,57.23574978518732,65.4246356472776,67.10393948457113,60.51698899401261,77.00347089170965,77.9129036450768,75.79178633080365,61.5381607339799,64.60388755414162,47.52178752536054,57.73695400203422,42.33871147838017,38.79697786965552,50.276465417952465,37.07164006303121,24.909371289907128,22.21694256651602,41.32954553123541,40.34703468452254,22.262685449580438,24.574280552077635,26.812651563950208,43.95206430666876,28.051377937084446,45.683233870625855,51.909476975127525,54.10123449716676,59.26136737169313,65.20323261267515,65.81417518349598
57.21473085988956,79.71155792894864,69.38958953078227,77.9263506895698,76.97956513522843,73.06198658725727,76.69707941659524,64.12081552534531,64.63184240197273,49.19485186548246,64.41250063485056,41.25872280461625,56.66499689028598,33.517402403266075,28.787467319572677,43.72627920099357,24.030229388848753,26.361459413652224,29.471589134593238,36.8162044817135,33.792513774061256,29.754299996371984,23.62856972027528,39.82802263272835,44.81013869892933,31.497147984029745,42.73874877705108,52.739219503384255,60.07853181016245,50.9688178247311,66.04706935185104,61.81433585930624
63.604596951023325,75.96702510168545,79.96592676293766,75.53558817069315,76.2800549816199,73.17907513586127,69.16401298835464,49.53919815762163,49.14957525769349,43.9622991233987,55.02764193187822,48.06856877245811,46.58260019052584,39.868919757548056,31.190400445168237,29.16165515531222,31.364887468406323,31.430122078740343,39.99777233369204,29.29637911341089,24.57920686333432,44.409241393708605,36.36629499303543,50.79863932943345,41.02210738250296,41.36738101042821,44.15324243173974,49.454371761325156,52.03368216022556,53.05119787965769,60.817683856615155,59.062594401824775
74.7217817286762,67.38000694625507,72.64143095414698,60.13242270299432,67.13015587055351,56.162657003779564,55.71493612886922,47.90667938297583,38.55062339609177,48.44076830501315,38.85140765697634,48.63131269958204,29.757092234175598,43.420690297858386,37.750590214151565,20.780693497823957,41.10464128220192,39.092909072500944,36.76533568010641,23.464132426244646,30.48077292554795,43.067217509600326,52.51314792413169,48.06848718105011,40.223288215640245,55.67536420763349,48.91677418338754,50.36757995363378,55.006167598333214,68.70178295031147,57.88192298516028,58.838599866423095
81.16538032115311,60.6768523896744,57.99904879156283,54.433318073513355,53.69518452125593,46.982264726338656,42.135027961191135,56.003809362233014,44.46054603584743,49.05247796954711,27.597981012169807,36.87723065024325,21.34707730639402,33.85390804910826,40.705235525293226,21.107797628294016,32.05178536422195,40.44778439290229,31.535953922517837,30.543469677864724,47.93117593370692,34.91394551580742,52.90307741500578,44.45221404385776,47.2513032000386,67.9440373087662,57.163935182424225,60.891898791427536,71.49887971322696,79.58248139588899,68.09935976906297,64.59997630511945
69.94441246707933,53.82917267077223,54.73241024064207,63.123212016171586,43.82671671750768,54.27289470777694,37.51730087256146,51.45876112347002,47.63840996535369,41.068451309958704,25.719102230057324,22.12590739677646,26.019235394102324,22.0610590208108,38.01556345629596,33.72736583871496,23.98404904703244,42.714821378698275,27.55737161562959,41.74798608831696,54.89049013157125,47.87210367758378,49.11926729475604,50.800010628069735,64.7148391923657,74.72388942837445,70.36814161285285,73.40189169715954,79.1944659826257,67.97684487319026,77.91444246011636,71.91848278917821
56.398646878880456,54.19495060632869,59.61993665717301,58.01573684138496,39.81381486316047,54.80141545599123,37.50318135119455,32.76613472649907,38.508899101045344,26.325981088709074,32.30549189997779,21.14742828468991,36.355606055412615,23.35317233273782,29.84474455047815,45.518903705801584,36.22459666091526,40.7002409005635,40.60077929906537,55.28719146329808,48.41216576228217,64.91944568733446,49.87445086674996,66.24101225973111,75.80011260885324,74.5553397717714,79.19763294228063,81.18914997986315,68.693666377216,59.996562667131755,75.77968634245042,73.66783807043475
46.66103875020302,58.60369956510152,56.50575763143854,37.67536980492549,47.698289659603034,31.630066229985232,40.62094056506205,23.326575931992874,24.78845814969107,21.43474605179947,39.54642163777763,32.99415469765582,40.25140942591776,38.32115890539529,29.496030560825183,49.96830938201255,52.53836536034576,38.1189534409825,58.9000213519201,65.28532909284353,47.898286299530696,66.61669302926818,64.7447918075144,78.66206030969462,75.73340264477444,68.26027383862787,78.92527803716192,75.54738759462585,57.83642962152163,66.38395947823201,63.0874093889101,67.5556752784239
50.36468176689162,55.42596499214092,40.5782569730073,30.86257952861111,46.10675867262121,24.59072843102733,42.379792887788206,30.372486309703362,20.985336858334986,24.372686822645193,40.321880109125715,43.6966256928829,39.72754139093356,50.05544397554364,34.69584058164724,47.330416253340545,54.09508218359422,44.93666560955347,66.55502188263512,65.40112193118178,67.07768830370914,59.12778846000052,77.66806287455904,75.22413072803117,66.93656854858519,62.05582522680318,72.34892300028488,64.1384300482477,63.505936768551194,72.23921331100037,48.30816488422651,56.92308034816295
51.19890870592122,49.08178958562005,27.300276238636556,38.02708636345101,37.73851803118595,33.337588370789334,37.39591441920062,40.08866634293547,29.432072159909282,37.51158487409157,36.02777441838262,43.18186867410982,35.02176827463286,45.6757150375976,50.009721353127,43.26087969312648,47.62284823059873,54.13480158582504,62.662668615338276,64.1009841942834,78.06076540403978,63.081428043389415,76.45099957836766,63.73030048482681,61.37114941281502,56.90195056385191,62.032606226947145,52.225106946588824,68.66040752290111,55.80017221901353,45.98978975799975,41.32394131075552
46.026460388048605,34.71918512287689,29.141963239622804,42.70171317716901,27.496186634356302,39.016790280991856,32.16621040185505,37.92555716978649,42.47208798524475,46.41801466743127,34.48059361810626,37.64533642795841,37.07667731681789,42.10724218174314,63.28237420147255,49.216423990605925,53.9438256177148,69.8779458192299,57.31145023000468,59.982244181271795,70.60619173514765,77.9453460082063,63.77696348834589,57.81977240041746,59.21695614395085,58.031052474982225,49.65616212608064,49.75812287599068,55.825038676452905,39.379117764240945,47.95052077761116,31.10785333356715
32.19004769832019,22.753133354007137,38.37072490426538,28.346227169922685,20.853691662138317,28.079994270622976,23.665274792104164,28.624195440680595,46.45514556180721,44.87754855973089,36.566565516975075,39.56960092017305,52.993479140330166,52.68971491562522,69.07625892182878,61.60914991594664,73.10871243663827,74.468633682401,63.824631678111786,62.709368301107496,58.37674185060063,73.48353511579437,57.52393053108537,63.37878451643265,63.012279165890035,61.69146266653201,44.48675603342385,53.435691447293614,38.774079226108434,43.50824614715828,49.83004035969776,28.494393706510287
19.377865578375605,22.974972511796274,36.939787664235496,21.17041108291689,23.77711418367572,23.636416102472026,26.67219432815805,31.36706553366389,41.025650390298324,40.33466319176409,47.15547808555078,53.221384794861216,65.74311274806942,69.5908301535269,67.96573173579635,72.17797176237367,76.25785479764643,80.9412384118509,76.46111462539756,70.24172313881158,60.31145296158325,60.28034791186957,64.66056226302861,69.55940711131754,64.27922136677007,61.78100596584733,44.183086187713755,53.20309648240756,36.176647631837994,46.85362821054728,40.379804885720134,31.723499812343473
22.63718899877982,26.888126162683825,25.44831187725187,35.570535040570356,37.02004034626312,42.49193007839486,37.20323168020926,48.29554562268441,41.26992836750761,43.05207770175887,63.54628390803611,68.76764465500182,73.23135670968806,76.47129503217754,61.330689806329296,78.42618508285246,65.25795512126095,74.28174759818133,77.24532425916568,76.221286571298,72.46037097514476,55.30467161580976,65.22969475633978,59.776390750565746,56.18377314965686,54.99054672638927,45.15045534665454,47.62977867124918,45.49727933646407,37.60185432354673,26.19568609032254,38.375236323186776
34.02116852246637,39.05113757953874,25.754661518414608,48.719112208255176,49.12114790759306,55.283526657609706,52.12677946522383,62.08235788519036,52.044261835650225,56.12082502637321,72.65149462952272,72.59360040677956,69.00735638389395,65.59459747771659,61.81410286138165,75.33859418195122,59.191942545191026,63.17927474142826,66.31711948794151,72.57106073465675,66.20840976663601,62.310615485158,56.71914045631064,45.15805289860397,44.98209245937247,45.45062358675291,47.69860819239477,33.50358619183949,40.21069754837376,21.918410479978633,18.781673866807466,38.44497029891422
43.96280977712342,46.710696738242085,41.000071230178975,43.06236900393656,55.300104898044246,49.51488075345354,65.21651759496743,60.47115115890905,67.21825975591224,72.22500040697895,72.35340042294514,64.45710853477642,61.72220100754129,60.20246456778306,66.82407670022243,64.24135797624551,67.32789773403125,54.2881368309951,50.30727340203295,56.319471680439136,47.76047934000808,57.49087134011611,38.76452131431201,31.345803688451603,30.32955112583997,31.241064407641957,39.602039036280345,22.48029643839078,24.04371596244715,25.174827025185603,28.0058389912248,36.98870894477699
43.0799520148859,49.47742141572512,55.10012043041857,340.731201116737,53.4588976353797,48.32137049026039,69.31697820312523,54.13317023712898,77.02908001933636,76.84065204721315,64.32541212494012,60.86173510903954,60.32660937151003,65.4938638196993,72.60389320819777,53.18134211308398,71.78212300163457,49.085654451867555,47.36786416318283,44.98847477735297,37.94119166429695,37.59085311894459,28.109565734272724,31.90907176505427,24.316404450409426,23.33571259451516,33.21299401144076,20.246530290520475,20.468413208501037,38.65282357314623,40.589428174546995,31.45857601391429
39.43361793910278,47.293746096537234,52.64443990045711,355.48617565057725,49.94459828461381,61.532371525673426,66.14590646814843,61.61194258105114,69.07633351500247,73.08138316898957,59.71877001458221,67.21613372274874,65.77261506470293,75.77434041671002,72.3451181378715,54.22572668758592,54.92007411722357,48.80918255125695,51.948733838060015,34.61808106828746,42.11491081581601,30.619749481804767,33.42048815796776,38.755342171271664,30.76113054830896,20.693144476425775,25.426229211272872,27.217631229111845,36.576812843418026,38.71540366584872,46.20786831039026,32.271486982204344
41.25804293914271,45.022530080521335,49.38587839552429,373.71859531176193,54.70412503376907,75.29267804253116,63.518177887922135,76.2368349866544,59.966323410811576,62.51407939847125,63.16649752205507,75.26784510998783,72.08869016371894,69.46367292632966,62.32394031422025,56.858575894515155,40.5280625043415,50.998982202224774,51.54184386420008,32.12552580302579,46.40438301131023,37.859396158476216,41.46625702541516,40.08207193139037,38.5611893494166,24.82412886371637,21.399182713435113,41.38512349346335,44.793274690266934,32.02787443943039,42.657245505684955,37.77544940141448
53.81966831844013,49.95434914267771,58.17079071120833,371.97102952914605,65.4480763918651,67.0412666479926,60.73803360614987,79.80584536274004,61.31542798336026,59.36648087371675,67.59528261794321,70.47867700809729,67.64706937714678,50.24620796916429,46.04252623359176,57.9733631539327,42.64148607391607,50.661881112733155,40.70011258097048,38.65942616525145,33.964710274694184,40.38861646500215,35.99654649306859,29.401152534846624,40.6292752941412,35.70187844977611,26.014138461828278,46.674527275288746,40.769474322687685,39.765268056894605,40.143902457774225,49.97373645322292
69.06890377615612,62.88701578359446,71.90132735998921,360.57812923542537,76.56310075885308,59.289282875141794,60.27510096833077,67.62476630788213,71.39725601599372,63.47052873114831,67.11215162268462,53.33424455826033,54.05062669691034,39.80973621873905,34.2497307446589,48.80755492563578,47.35765752549506,43.73859971838988,25.633382060244514,43.08703696235742,20.73662419611869,27.014937653939523,25.10579872257285,23.875296806092365,36.12998059026455,47.79129464404073,38.42850161827927,48.14475969713041,36.11636051432464,57.97964038658444,45.75257021115765,62.8828781683347
75.27277153595873,73.76546215774458,77.1886223593473,365.99956169191273,80.53221879463017,68.32212454974066,67.5389623522488,54.78159780840684,71.5453412154468,68.79220824943538,64.35781536096856,41.285010372702565,40.118969355227414,42.74282631606295,34.64688251339894,36.269721506648374,36.62168648960941,37.05135291728096,22.844886007900218,38.529854049515684,23.778915434642155,23.120330984702367,21.452463949583503,27.807656152304332,31.219686571584415,51.07482732908631,51.5744288851264,44.25405586715631,51.892441805720516,64.57136764143678,61.52841305775868,74.38081266592502
66.62886686653408,81.87360818455949,65.39598439103871,77.08426318671226,72.92666192150028,75.76685314922592,69.27066475718206,55.507283019587376,60.03224645392859,60.244977562018526,49.882358456216075,40.41028455760999,34.10212128618584,47.59053931035779,37.48543186939846,24.684223414354665,23.064903126396814,26.835349507778908,29.557426105732944,31.727527150826113,39.12129452223325,35.1380555434913,35.12608672940485,44.64686863736131,34.764790524656796,53.67987122271052,62.53499171878969,45.47071920799565,67.61127265791627,57.074774470011924,73.47023263588167,72.82363791838357
62.34101686368085,75.79385305671354,57.87506327304021,73.33142723111847,58.97000535245289,62.49499648641846,66.80402346878516,62.124030661235516,41.37942211909141,44.565378666117255,33.92132959914751,43.153370194373665,36.333706923360296,37.7746582006286,41.33828244151058,21.088088863735585,25.803351606741057,20.49297394527442,41.11945221603801,27.06959448838722,43.9940300512406,47.944508597739414,50.96600558692731,55.89364454110474,45.955009995058134,48.42352650465275,62.52310344507682,56.66747656761494,68.95042661123755,58.37120169732703,75.50287392721648,67.92690401144411
63.394256325215736,64.53103150651249,63.98223267727011,57.61271097874989,49.97697878315332,44.13828987572545,55.64327183526268,54.75139855619561,34.7752723416901,30.915005386078,28.307650331391322,42.77246834281304,40.81974070497615,24.39619166531608,37.79724930581032,28.85862766760774,40.03026932771582,23.1506505652581,39.86769786782235,27.25504978191027,35.0387080220788,41.456214624239095,55.9254302891307,53.81292627836902,62.98064155178527,51.1571766628125,62.448714018725056,66.85824429410357,58.02132924963319,75.30067120296965,66.44514611678599,63.18965920438996
69.55144915676983,54.57223527014157,68.47205632735584,47.59743061938239,45.351766597635525,48.157813110520856,42.840569329739694,34.60203286022269,41.5339991996963,28.8632108531281,29.573021439440275,30.36867788773259,37.65591514736611,20.893197621814664,28.495110509441393,38.68156800999559,39.358692068186095,32.13739036562805,34.93230168453864,37.967653489183554,38.77505274135063,41.06080392775145,48.261594241406065,50.10642950402204,70.74286235868102,53.10257628374479,60.63837602805945,78.28216198315494,63.81667500384287,79.28032235704582,60.558583918385935,59.15102045571406
70.03683809869209,48.25638290043292,58.87545550600245,56.66506059088739,48.77297681029792,53.078902536856305,30.370234263524257,28.27086907382104,44.66731303592247,35.429566971251454,36.67861095538272,20.69791769487228,29.84621586641198,33.635549701194165,25.337337470694923,46.64599321244538,29.196680445524375,45.863061442830265,36.31332961492485,55.52946847767904,57.5116740891729,55.97131636764521,50.139183228358654,55.64772092303894,71.58798996635736,64.8867972122745,59.49846685410429,76.26506052422287,76.53928081139514,65.17055801666714,62.13381213670886,60.85023924440255
61.99051485281744,49.76041117392941,40.11330278807168,54.92491560074673,49.49237101537082,40.82975008643292,24.635942059432708,33.314324911252235,35.86352632704374,39.51286031711371,41.48335167215912,23.56177371748136,22.38147519463285,43.557692653643215,27.366143366708904,43.44514727171298,37.48878870070283,56.35275422006446,50.55636162929401,65.17443816413784,69.73033198419513,70.32141866960387,64.77204704926777,70.19182718030892,63.937532237110254,74.9659274344152,63.875795394354455,65.7362933972108,75.91073191506075,55.49651099051203,68.57997909525189,64.8183576913332
43.59052362701228,54.07348577930795,34.347448346526804,37.31264995502667,44.74268156797823,21.873255023411296,30.086999950615212,40.60508207298472,24.1332578318392,35.88424285576285,35.79927262701381,38.32732099110671,27.613825684280386,41.350121625036195,42.25950480441235,39.22971474508526,57.014123676174925,61.83070429762914,65.6308731787529,65.98556556990815,66.99673794754639,68.77688900713304,76.92173544259347,81.0161002023458,59.32020072869546,79.97849420035885,69.34069088849343,56.35331725396507,58.79782187621629,62.603092393631684,65.90843711059375,64.39353830814058
35.37552909647469,49.538317287555685,40.940572058327,24.361960109748775,32.26733429944666,27.97532993664911,34.46702515362345,35.59189776502617,21.53669423541582,28.84625646171361,28.107598469574494,47.267034753679184,43.5173327004533,37.33155229830825,56.82022484932254,41.644238068215444,65.35920183671516,63.31020734917796,71.62112203332744,63.07930990808353,59.00977031928769,59.87927238672086,74.98750969071953,73.51674714554223,64.18366778703252,75.48318911180709,72.71694428796502,53.87935285912712,49.41130891418107,62.111354611941906,55.097594316820484,57.65062846908347
34.90748416560583,39.775218881377185,42.056080936715624,33.93397289633191,21.977420263775908,38.23666974618702,40.842210746378804,23.324140060804297,33.857801976180646,27.14221977152947,29.530829700752477,44.78045593280245,57.472150951200405,42.33770687158393,63.94801511919226,53.268932263902364,57.09044312225255,60.624085843403336,62.39751641066776,60.20628191690631,64.61683331394434,69.08553469841542,66.38466861050085,62.22309301847799,70.13317717736714,67.42888914063519,70.08817992777244,55.82997105149796,55.8760853142289,49.34878415334402,38.478746573359935,42.44093104735488
41.455819861768056,29.194563996713473,31.006224379848163,40.492518440486265,22.434256763374737,34.52199733484318,39.33190281816858,28.026753778881016,48.6735279124622,36.453973969909015,38.88542138336345,39.93385913507204,60.020591516933834,60.534732171403476,61.30774957755062,68.46759716796025,57.450353700445106,58.37411830125373,57.72405335651531,61.32203608700064,77.91993757681387,79.00853179694316,57.86724595673579,54.502191611353126,73.24534165078632,52.937678050156784,63.059783153908306,59.794547329913605,55.778784229407606,32.939983372310834,30.558265838602566,29.477222396349166
39.56309902496606,21.89788719591474,19.800837170227396,30.44649071107869,30.175339060816885,25.652349682660137,36.10964820300439,44.238004873094944,51.279030150113776,51.69733974920161,55.572468639306116,46.97162550876455,54.895343592948244,72.09911724120802,59.122955967126956,75.97496456685268,72.6112494032,62.529773152713005,64.62427085758237,67.60413987386814,77.14484631914927,67.90427129510455,61.90392874971842,59.52400636318259,63.524001816341844,42.52525727780444,48.39091138960096,53.721344706837336,39.84365277002078,36.96074334374549,33.52914683996594,21.627820118581653
28.93315880751257,22.66593976261696,26.885982045151287,23.278321118063463,43.838778528347525,34.7152333032119,34.95058681332796,55.747107421961395,45.46344964817251,63.61669079334475,67.18533863197973,63.15848942843273,54.85932003962023,66.31735182932042,59.39151809477681,78.3573688228112,81.4637935113862,66.82392655834298,75.53597292799691,73.89705748732739,58.13869120684648,52.44190007469583,64.58989788011318,63.37564570981728,46.74193656908822,37.07011604447242,34.60406561503077,40.83573825992034,25.572251313699343,41.375062483589204,39.38498915541244,23.85720017322159
21.025196527166656,32.57499296165135,44.34265506798023,36.83266812669431,50.40951719518348,52.62516077413323,39.14613543355646,52.16478965161785,47.56926229421969,63.81561799321273,70.45153741974066,76.07953425240615,60.11524081945022,58.832976215608,65.37327311932474,68.02212209708708,69.19923183179513,72.31602115496872,75.00772762843026,72.14566194363019,48.86573448183813,51.73559572723568,60.54511602369455,53.935842511365124,35.48665575773134,36.74607026745382,27.30327870296574,27.128883432264413,29.322369763766236,31.720138046014085,37.17490751933099,31.521579019896013
27.66705809315837,42.9077356654882,48.57025148471918,50.32846999738624,50.77986408386046,55.620117520584635,51.06876387767534,50.48639592391166,400.3243318748946,59.6904353788873,67.43535678755018,73.15733984183767,74.69200894520884,64.70270061227947,75.69297742691644,59.33224000106949,56.24525780414994,73.9766789646173,56.92608040789114,59.157644060387895,54.35465222056503,58.74874287459506,40.614740054252415,36.98802026706414,31.924033449757054,42.20199763560833,28.22648177015138,21.275291947480724,38.541300587126855,19.506174359276375,28.961576814558015,38.556109892511216
41.055744974925865,50.09890058974039,39.386039919801775,52.803378512257034,46.80439040990861,46.79120630813425,63.71071583767598,58.04206034526336,419.9150668278917,57.338290690513,60.939962046055555,61.879145764119826,80.61366132332819,74.00507151089772,77.42767820465384,56.335693915424336,59.342195966504086,66.65613111298806,46.474285292452336,45.82116457086404,56.631065071346946,47.34166890521047,29.074511165869147,26.936106755484737,37.649556080978286,41.6603078748155,33.912949393938796,25.50411046337477,35.99941965487097,27.50936301333341,23.401174409470425,44.21534545610623
53.67288324985735,54.10263792866843,42.76421296312326,46.27255901575432,48.72698405459905,58.158686313888566,74.82797447491427,75.23271204382377,419.5088106807048,67.45103615378508,60.16032066319378,61.84630551202471,71.59997948755161,73.57284061742592,67.20373639013435,59.85474684681679,66.12314657617544,54.43194356829836,42.28398940888792,33.31793021537257,40.94918388758649,27.645340870620892,31.70688819682006,29.01804851119821,41.908438917359824,39.56269629796723,39.23340840111164,35.223104551930525,23.77493054458053,43.96578861826616,29.70076329666438,45.67693780312287
54.5389209573736,49.787803485080545,59.05599475254366,56.38357797781283,59.8050703993624,74.6832819350689,76.88895695142554,76.28956023893316,411.1835240626174,77.04254730868732,68.12131287501104,67.44376504194585,57.664619708798725,61.00684764335559,52.863116913271725,62.07764440581611,53.23694371821529,37.94669043592339,45.79342074991742,32.563205872126815,27.905674369125023,29.679174874145176,40.923475650235375,37.57106611553593,37.15937192162422,33.299934496251076,40.30907009714162,44.35631106516232,28.74658388642483,43.21146486857869,47.63527043096314,42.02594722419033
50.36722995093948,49.897362775163714,71.72407812914196,76.25960697333205,73.23852404412071,76.26435970123238,72.39122188255223,68.04990988299745,59.134301079895195,77.92254773979975,72.73244573429795,73.62065372871066,47.27093714674049,45.89790344461217,42.868596886738146,57.91693696973472,35.31254706013248,30.394461179334492,46.986556865147975,34.3201765110281,28.09051423945972,38.712459864805155,37.62975490460983,39.753845638497786,28.89907467617458,25.859000932021345,40.97780066137405,42.75664128038887,45.90953055562611,34.44118686588711,57.566697980455885,43.41660823450407
52.7959773096057,57.94570168484718,71.43984425570575,74.05942551847828,79.0156076938208,61.57245037358114,64.01057835315689,59.23436765631896,60.873664067342524,64.04478777066609,70.19736500162341,61.903118170421116,50.96628626855544,45.462361438852504,38.72140311908131,43.643448317569664,34.852108408185146,25.380261651382952,36.10684578805244,41.12472672164408,39.38007723860613,36.87893603608162,27.497667074034958,31.695341797675862,25.32057920561584,27.77420119375907,36.32837581684419,39.08831924457006,57.43654878255179,44.09565442226879,57.75317635324512,49.96233221984102
63.354730248735294,68.39968924030912,62.60357125576218,62.103489564684715,76.19558566529705,61.84396791133134,56.99098355973944,62.99810514240578,68.91047001788415,48.808732764277664,58.46032613495836,42.96050139742292,52.54845754687762,51.93236417962453,41.19038611077375,30.206218960269478,42.03135575777787,29.16076063742674,22.760000941297026,38.593562884861555,37.028683377609056,23.554151382327003,23.030533061584023,25.18960209813426,31.09706655064738,34.07109837541051,38.16093160267607,39.88276870702951,51.40231243148798,63.658999974921855,54.51668817547832,60.50745930436422
75.7463267227939,77.99258680898558,61.72026841735877,63.982078793420044,64.06452466352427,72.4225256065468,54.0183667882616,68.67143302653528,64.68832519207642,44.50527681107715,41.67407617310678,35.318160084823795,50.957620111802534,45.552577593083925,43.285026009115384,22.277110823504355,39.41743606353651,34.879576336432386,23.074878730899496,32.03970527137153,25.28538003332854,29.267185317276336,34.11057043101635,33.251498785314425,44.28026726749473,45.216010608972724,42.55800076880346,48.52798543105005,48.74787601592199,70.67570556911612,56.48926557397962,74.06806460768117
79.83498400108921,81.55868306563112,72.95585518131296,72.02509630924219,52.14118491554324,68.8577669142841,58.56659259785617,60.45568672856616,50.9668395570455,46.681096468002785,31.8190425666716,38.2204888339236,39.31998188539007,29.736970893770483,39.120480994084815,26.55683040553982,21.14807762409487,39.271467584305384,32.74908097140997,26.860177279746004,25.51069543932374,44.94886970534407,49.611557857066266,49.96408631289637,56.88895740240481,60.46473899551643,53.906281150033486,61.97295307384334,67.08877311011629,60.966423553445814,68.40218327405135,80.65328878349736
68.1978507061609,71.1808043076512,75.59199856103517,70.16304080243697,51.40758789492291,47.67425237599347,59.86176255320313,43.75762313779396,34.18156524164391,48.30857895237743,31.469937412982347,43.34579476754211,26.59594197321303,20.864140067298496,29.21755728421411,34.67281879602431,23.701761051015186,39.77359700660983,44.32334916028924,26.81283405065086,42.6933328740209,50.887874597776445,58.26040156274709,62.24815252941049,64.35704774281818,68.68290962537718,68.74203197380001,75.62715472980226,77.71809795938769,60.94152631667346,78.40488301777997,74.98816925987062
55.915247892422556,60.11660522648418,59.2672561386831,51.982566378813154,54.48388046816303,42.54287965834143,54.447971634792324,30.75145424937825,31.341469176168296,41.92528149896433,36.52484019907838,37.78201669854846,20.529928937016287,30.57473932654343,21.152255618460785,43.048996915639016,38.63921940905601,36.84755501981743,43.165254742554275,38.31947912216551,57.16829015582575,43.55052542080662,50.082030745034075,59.0164136956987,59.38849199248261,74.0554393278792,76.88111184125631,77.71136507367048,72.18150495002567,74.15100486310898,78.72573376229646,67.1610476843588
56.56238700545404,48.64924787004455,45.24219481128656,42.46912934673558,55.836135883311236,49.2768071141066,43.16286415610296,39.024953646072525,37.657039724783736,31.114355571602726,41.60645565001441,25.962084562853406,27.76835924521515,38.7416657670349,22.16655740372154,40.32438222469699,45.109886021061754,35.7879377378504,40.359202479968886,52.42086058934476,54.35059783829162,48.993477009252025,50.862363621823896,55.31858955977202,56.55211941165724,69.88712411522128,78.35116849631386,70.32321400456124,60.310093928542386,77.18157491404436,65.12347785435563,54.38731917588203
60.21380193246999,44.95317936050446,46.02652700902672,47.994534853859086,47.9042216269485,43.37564253642691,32.88162160106912,41.62120604031329,41.065874090104366,20.77625261631655,37.49243519710213,20.256694929212607,40.08392634072172,38.58827422187771,36.73237826948415,36.44612684068728,39.680581000991566,37.891901000589264,42.87097677542993,64.60100391136089,49.97226521546333,69.41066854523717,62.36152540053191,60.505375276867916,59.31122276448965,63.299583256839014,71.30643823551002,60.5860891046583,64.60486216395395,60.73627551520162,53.192698874804535,50.30941017195263
61.17605815994489,47.960350433434975,51.56009640612067,47.30663051103429,36.74088817465752,26.708633927300774,22.68386633120192,33.32363653548033,32.709211895527254,24.0541976205266,30.697351165146383,30.144343158966567,46.38452874246268,32.274688595481464,50.790544004646385,36.071587118820744,39.015669746715574,44.585527060595794,60.493298653839574,69.16982086403009,58.64944787329575,76.85749782940286,77.5860691143248,71.66666321642363,68.75345633702938,60.90289001704013,63.90973291142505,56.93309910441244,70.5783931491665,52.457143167622455,50.550780872279326,50.654158752397734
48.26804854839615,48.81278745088176,42.142432492541325,32.21855860733278,22.40033739600189,21.452376186540427,21.004898385159557,21.324445914430992,22.81008397988913,36.171622430535876,25.70110640962979,46.40924535682825,41.75130382782884,36.04612827889093,56.822221661810985,44.58796301120379,58.13091762449301,59.4937648338738,71.85362682174997,63.95682909843299,76.16895783740392,62.353272373352425,79.59802635127805,79.24018850828465,77.96249995258252,58.42025855227923,54.93608098897393,60.109712250509816,63.79222279486719,59.968604148987616,55.36318927512236,51.86601753174658
33.94499371424014,45.4721840834802,27.889089181807247,20.65239651448935,21.97192859113629,35.62659121899151,27.189321078013634,354.61012617184787,25.359909231346805,46.68704129366074,32.06572618143419,51.7142982585646,37.61986010071064,52.07375318864953,57.99515614716947,60.518400050923965,71.72226900978544,71.91510655330003,73.02856287019519,59.11855544924824,75.5707507127239,61.12053184141513,66.6057176963461,74.98773163349277,76.45755201350254,62.40020789151098,51.74397576065982,62.68404428803976,45.63778392775424,59.15363701910342,54.03051745157823,53.80825822521567
25.914434009449018,36.68773827715075,22.694998500565497,29.762749319096798,25.994555932631577,38.51851418445862,38.038693115838875,370.7511893821136,40.57901878239883,47.134997669100706,45.236709134386466,47.75353493280639,42.748140770053695,67.17392365184057,53.40269664215174,72.25990535341998,67.08969881274555,77.83391512221309,64.77780894528287,60.85853419946685,64.13286967116511,69.18530067134293,57.595242093138275,59.80167807008514,63.88444990523617,64.97269443416627,52.56782844218968,60.57208548768669,39.56570588207322,39.45146317863149,44.055359442069566,44.0863497041352
29.07038362861272,24.80921457230368,32.138801663959754,41.12294116673637,39.55822911320712,30.179142874722842,48.280944728666846,378.8965753433846,52.96513656330205,42.74151656329681,59.57071952744362,45.304079710028184,57.80337263160891,64.72315222779838,54.976479000807785,77.49086771520531,57.541673401124875,76.83615458199533,61.369701850074485,66.43445655452676,59.4083489973981,75.99454476650082,61.11895000051797,49.517046723881386,49.281231414304216,64.5847394297127,54.906902500752835,49.36690715049824,45.305352496860095,28.084125048713283,30.28430482388785,32.917619861964944
39.25451131855477,19.64911250814304,41.47677929683733,35.67744030033528,46.77978063585493,30.005439516734267,49.61881350183189,376.76828437936945,54.722150000911554,44.04329224863849,67.10388520182211,55.96057651866932,73.79422229529553,57.89308730896856,63.277364888614336,69.47089410670046,69.20712617008141,69.61877064249866,65.50430115085965,72.85098175273544,65.96912471095413,59.586192312644194,65.26945106137946,53.513271233998644,41.095781614304116,52.14300220468942,50.74745079849947,34.26789327353155,44.0597516018547,35.399215859813374,20.62676792328509,23.66908899424645
40.15972306795338,24.274590072880024,35.16159754383112,26.221212457072955,44.99277221214158,48.8770823481347,47.253050860418696,370.97832115743336,51.05623784464112,56.73949709445915,64.6750203555735,71.10140951570737,75.85714827214427,62.935702618766875,74.12330711526263,62.13741233978373,78.76512846983174,60.917704985750305,73.40971176939784,72.70880047830533,69.95851752833403,45.61943289557159,59.01260058620054,57.08394746132955,38.77529445261,38.461723230307925,44.46700756002834,23.91297460895715,29.408068594378086,40.01450509068216,26.34669729671172,19.39736707504912
33.990946619654785,35.442986357969225,30.866354686781577,40.59582722320898,41.2940252575454,60.51721161828687,47.2227398531361,54.82340813967023,52.02101123074197,71.12222101489817,61.06180696311695,77.75681946118083,68.25474451172448,75.5593909155993,81.39533882428869,57.88242234771595,70.75856027946008,52.011800649148086,68.94672079786862,62.84015104262429,55.838325124506305,50.92231247344847,42.666716445544765,48.99941261326658,45.12904832691237,26.672086472385867,34.56462495930403,26.70757345318299,19.085382289489957,30.49723831071252,37.07626280014262,24.26876885411246
27.749936471945695,52.12798307346982,40.131589470636506,58.47752976891405,43.562370686476875,53.977762045181215,49.847805985401365,71.13111169764585,65.79625854178887,76.93881330749154,59.46878167811678,66.62647021998144,59.83787818439808,77.51696716974882,72.97250678985327,62.367034354345634,52.358056853879326,51.49396245998093,52.65572301817721,48.37623731184135,37.92155778081193,53.08991870449249,28.288513609000383,34.36125372157942,41.8183552480561,22.747885623949653,22.518839810443968,35.71890719874371,31.214726034918694,20.72048395678154,44.61087787342356,36.19742751652601
37.79234271075634,55.96771130298748,58.27609137452253,61.91106301522021,51.64988020824604,53.03804203064969,61.85173261697994,74.14105946963628,76.94721141397774,71.73762253465374,64.77226958970131,59.270124421594566,60.10470936509127,65.02358488883866,59.25305189423862,66.19520804695583,49.58095633752862,54.594964050344615,37.906189807443866,35.21362144302895,37.05944280218721,36.24770035744343,31.12415885835599,22.640409571842202,34.94016233159924,22.77827286581925,20.235621322382354,40.23886775634371,43.408087617486814,34.7546769127377,37.366312596814474,49.701412112462116
55.014859605408155,56.84622453602649,67.39820262595394,53.42349993627982,66.83629040250588,69.17598946586196,73.2595983543735,65.69960308955989,75.7636570869457,60.153949931046306,74.28415220078156,60.05506320875526,65.73282025190949,51.14362724818356,47.30083609833805,63.69072965645123,56.7392715211689,55.17607289852453,37.18141488289936,28.633473008259966,44.06848830417202,23.80251897389397,39.979911700598265,27.207777349286374,21.75122966844743,30.76862767448987,23.889158744141913,41.13731526077443,37.95321373977954,47.31615223060406,32.980965984604524,55.198649519147885
64.4193430230425,53.97510916468343,59.51338759837643,60.30923019550981,76.80556407633284,77.00906635669229,78.81814956029594,58.471056426488715,65.0612825448401,60.15935818386909,73.90074928936117,67.81910640394136,68.33623749010513,50.08727446396047,44.95918564610582,53.52423555723675,49.31942181902848,51.02743031914257,43.09738223943573,32.17417814466806,38.568252799655646,30.061531276334982,38.67238468603676,38.33440151566863,20.85656557216234,40.83821286487268,34.73053325499226,33.39747692697053,31.700939508534955,48.58726123765653,40.866542979443715,57.6247277542428
64.91548367818795,55.02508177755463,57.67520234849585,76.24315650856718,75.9122686817953,66.58473835804293,77.62478709542073,67.61436252915465,55.415373168207665,63.41851986649819,66.49435269671204,66.53545124028558,61.651279874398824,55.366027182523595,44.82443893205351,36.27170182043963,32.06652856808111,42.064519797544826,42.4615163321458,40.969211349348384,23.20169112511456,40.89769695108817,27.080495520854967,41.91605575323497,30.041709864958527,46.23500626254313,48.679176357474404,32.57309316269424,40.707570808222755,39.74849833973371,57.49442483733742,53.19319802772802
57.7486705739719,62.21424141568698,67.38528159070106,79.03715088705616,66.88614020210862,58.44075582288144,66.61623330414356,72.81538817375167,57.9392147591869,65.92942937207556,53.01683835871941,53.131646401619086,45.65697815158943,52.953068031659996,47.705011441238845,27.064821855500007,27.2298765973744,32.209476089865476,32.058713220359,39.68621805059516,21.76447089429435,32.619446062328315,24.062185410439614,35.22645916264075,42.50793808140067,48.23206988328573,53.64597826418742,41.009536293310596,60.80609099146639,54.58307637464673,69.65355207458234,54.523547254451294
59.10210297949448,72.35466704645746,79.41830928859932,64.08594574312025,59.39845751623386,67.91229162201533,55.55718793382898,65.39385108240558,62.86384404996885,60.74244661068005,39.26974926224364,33.89967177732012,29.53651762722186,35.72352527693462,44.932509037833476,25.35474576038403,35.52400620622929,24.053967111217602,22.703886841832652,35.41793218464321,34.355296948531475,23.636922079702,30.798304748528714,31.129821892238116,54.7805304342968,47.15745205695324,58.60450963585382,54.467850470683636,67.44247985882409,70.04491011481971,70.47272319451505,59.944544969149305
69.09949534319529,77.809172676087,73.3450240273044,57.8458524855701,54.598366482738435,70.6050881462859,46.34328733255541,45.89552212638524,59.72414347743779,44.99043795259108,34.33494096923284,30.92737281056704,29.703785444095644,23.782930737845707,32.44111370169344,33.25288820775356,39.67487777099584,20.376722487806994,23.579719694211015,27.782436037990493,43.82916489771147,34.833201110300365,47.8913125282548,38.535664540541894,55.66700099609689,45.63531538275279,55.8571849657525,71.49775880859531,56.65050338255107,72.14733365928798,63.39763255100549,68.4496350616522
78.82991113245014,76.46560920466833,58.051632594763774,68.84367293335544,57.184369039307455,54.641167658127,44.60172526689987,38.648366800416746,42.64805450597267,32.66685727877716,37.794658622401556,35.60875145116392,35.052857429109686,26.56006245164129,22.30422115506189,38.452715548994455,26.078404797346455,25.806016620259918,38.42458523730606,27.597336870657333,41.178983882773785,52.23981452926289,57.18940529748875,57.11960494622214,52.002428064319126,49.68682184207525,54.37312101627383,75.51538481679113,61.02054197601062,59.53908615204947,59.241700584805564,76.07129290125668
74.76793150018389,66.39834133482856,51.932198588546946,67.21859654661404,61.313698056200906,38.66950771423211,45.67775311806034,44.91030911799947,28.778599585392154,26.056964340200864,41.68833235230387,40.0148574305406,39.92798546320496,39.66475710018247,23.239097608760225,39.05803305899589,24.307238282870525,37.978535174221236,48.7137620732107,35.99693341978829,37.044872165911215,55.61240610641781,53.50186347086707,69.03059093422803,52.487201681242794,58.907398114397566,56.10503212209667,71.59763404729179,73.98138010456815,62.208687097696526,65.48419936234853,76.4021523679159
62.14524528721604,52.071509067268316,58.49022788227289,48.78992240810447,57.71710876431709,43.86694835915188,46.18822040321644,45.63227294555731,27.970246329359863,33.90314270153095,38.11913595226793,33.7791527315698,36.28740207548403,35.72509629877565,30.7210257495849,34.54163923987758,40.43285691508442,53.04316718869865,48.65736671722344,53.74753899626007,49.16977641373669,47.29878276130635,51.034787760441496,65.7446648340109,59.872517616361364,70.53923635420492,64.72391969308181,62.815961506695906,78.77242462291511,76.86954827338431,74.34201499641739,71.17771007695578
45.25814229129936,43.9590353684148,59.06855295035188,33.44516922009841,43.91684055113529,48.78803889964767,44.28899309098256,34.279847190075884,36.48562092725662,39.64776650153461,31.352160733231653,24.787840642976047,27.452563228741877,30.424107852481793,43.020445727863454,33.38710493685796,52.355493652055685,55.8581635027767,43.29348361509968,64.77184572434861,66.49283462829415,58.24888660965829,60.3171672113913,59.837134517168565,72.86811722723667,77.1968899122102,72.02905408469458,58.460155908521166,65.86519013968699,74.13949413839366,71.46242166670557,58.757555926075156
41.61446852172136,40.31998259702871,42.08579654546284,38.4727471516855,29.481161026007737,33.49874279883105,36.84488152613972,19.745324636887275,39.78910730054108,38.036627350284995,25.89738648826803,24.75630144839802,26.09111014935018,30.082282580112082,51.948639726083144,37.20549503178923,50.18893431192874,58.748964797384076,49.205110953849925,69.33948900096168,70.7764700347017,77.11157921135589,77.01284318256609,63.42976789776023,79.85426257907682,76.44125406946814,76.7846620744574,62.397847589528254,54.3170767656331,55.14863142322197,61.38932684113209,43.4823641487186
47.75912530424807,43.235779445483715,25.666936333157096,44.58637050287079,22.696996103746446,20.691389333782254,27.117288540631872,24.614062385030973,33.20938668284222,29.057314062509846,24.359687180775246,38.62665840928814,36.6625062386123,43.80697883281351,51.483744941521536,52.598685879664274,46.98755830006538,55.99784857064427,65.59869884338356,65.40533719552846,60.29161547446166,74.06599996146333,79.12843144006504,71.23526850866183,75.69194155779788,73.7562318178438,74.93060899901405,68.30460036732012,59.403638952184345,47.92244332229697,43.80998053482888,37.95649819762245
215.4532655405791,45.04711477870379,30.422737964286735,32.23167819834426,23.821521332558643,28.993666831412355,19.290362073061655,39.78090998871715,24.443181253168138,24.74772210725197,35.49719873442133,52.73235421748927,52.50468263979945,61.62720120143021,50.66169147876284,66.0131831080336,56.53071840524336,56.19948867394383,74.29550024762358,63.58367438830668,61.046969196882365,61.219763225881145,69.49827905959724,79.23432801342385,62.710144843493005,62.517907783171424,64.91218150766734,66.28331585230913,62.22135822720043,55.34153919916307,35.68918247934769,37.61013913916258
204.9184505245824,41.91539684828644,39.87294892583096,19.547708028293794,34.81563100121356,40.57581410629708,24.03467407948631,47.21869013005093,31.775174156527665,35.71328477978226,50.3680292360251,54.23884869140621,62.45653250462857,62.137802118154454,51.0290659856551,72.8967157513569,76.98551977317541,57.31162427114972,75.4389998699519,59.947491302003776,75.14371068563453,62.40246276512567,58.09044912065784,69.05018013592692,50.8798004228704,50.172389733394645,49.44445034590525,56.876755815289265,48.3171922773584,51.33121311407378,38.45799427103641,41.92133884885932
189.3130730572259,32.222640859848106,36.38433353775582,28.34466854040757,42.633760441052395,34.494669349851364,33.490865238791685,38.50175318747571,46.52571461935512,51.427667821017266,61.48206687225125,49.20088887337517,62.53576518878511,55.60396909077095,60.56717222794958,72.43059444521292,73.48032169597101,64.90789440016363,63.6540713661181,65.3833772580829,78.27179001781118,73.22280992101872,56.492162733702095,54.19781861856177,48.48549739303778,42.869247840201986,38.86145287283636,41.29487060883067,30.780964919749252,32.35134151241584,43.655919397725754,42.03292493871363
187.09873404745966,22.527793549590527,27.477797117086386,44.37408074167388,43.205623524627256,28.441339806064246,49.2350084682897,36.903770924400966,58.66551517862268,63.97913880434004,62.72304412087351,51.84818951856806,56.5873529561917,58.15424501374728,73.32482133030878,64.19505360007956,62.033571981572756,70.55741378924705,59.26118875679213,71.86681243453882,62.48053135200122,70.00977223134201,63.93040904693896,44.418509522703005,51.48414367748382,40.31467468328059,33.94492042562274,29.050834807673724,30.386451900377175,23.893795971572835,38.95161962155789,39.57965729059771
194.9242144409545,22.963075616832224,24.681633536247457,42.48238765915588,36.49757233550034,43.64764321676668,314.3755619023139,47.608966558262495,60.57492535225869,65.5799156682502,59.8242179205673,63.2655530995113,57.10360830210534,74.71927073335249,79.29934892725484,59.22382154196613,62.83930147551225,76.94534843727257,63.1955755241042,71.74911389533878,47.905038145042404,50.239489478374395,62.98788674892904,49.39971220075961,52.41881498529611,43.186538119141716,31.761260583711692,25.540220669890374,39.94589372945123,32.756109883287195,26.742112273888125,30.227722657772095
209.645450568611,30.02535561677455,40.50483680101975,33.23986789865396,36.67745572611793,60.363173180272845,316.02750363356614,68.44121007687923,53.94165275613869,56.940333180377614,57.49657486675403,78.3134722760046,68.51285211280864,81.32419403622222,75.65389529179117,63.3089829156418,72.03547482876421,74.28808451923514,70.52261434181804,64.92509405364325,50.20666296062485,42.11965585526075,44.27988522553092,50.92433881380028,47.06277486537978,44.8207364300265,35.99174897832072,35.11080563746234,38.2591052534749,40.21792640012714,20.453644177527597,23.346961745664867
47.10225893195954,44.00232070133157,55.52351569222271,43.43645839935101,44.244737270840595,57.87263436556136,314.1516310444646,71.41313788528312,57.64988960880258,57.50765454035845,62.91806418216508,76.88039725512738,75.798227589954,72.34837905773836,65.11621964853633,68.43173229732085,69.51071210591424,62.346387276275514,63.06435238498769,49.084448700761946,54.35069599365397,50.47669372754646,29.232943725492675,42.84621687821791,31.710308950375307,41.52415230931634,39.5710319822326,39.12580973331188,24.11503903893379,30.534835485233316,27.653420355888546,24.894443521407904
41.598996670616806,57.56174974762306,54.80888208735083,62.344543982374624,59.70765207699497,54.49589966821315,311.922120963872,61.78037563185177,71.60433255901248,66.32176415381409,70.43895828375564,66.18398326199123,76.28873903181601,56.288940508001396,52.88527533539256,67.62538305205345,49.90334598675469,48.80261929961394,45.488953495817114,34.943943727339615,45.00321780199226,45.77703961654496,29.38941311303722,28.953663434329023,21.852933684444125,37.42928699218959,38.22786639673993,41.6395451582908,24.104932681758886,23.62841977740869,42.10068277342375,34.12304359519056
39.931544498867744,63.72887005841036,48.433702412334476,67.72038898252309,73.2158013975089,64.03767008106993,311.64251556832016,61.309919180474004,78.67691485024407,76.36322195152894,77.18270694810374,57.600373626531564,66.75412152286316,53.97512006747373,49.518541094970544,61.81103554788808,41.62439143258461,36.81767576349877,33.13988533324531,30.859600068533936,29.604558047746107,28.590511852265156,37.159243021141315,20.716242393562155,22.66312626302064,25.89460319818486,34.312430393289354,33.77095544020791,40.037782768169244,39.48596934121682,51.738263522557865,49.06776178082538
48.47031526629321,61.05180999149195,55.27413136496615,58.777161335663656,78.34659552901232,77.31184527194029,320.68367448210455,70.22479962877483,75.76100414718748,77.6829768369543,73.58994809859703,57.65180876438701,51.47296506629344,59.35694435881726,52.774292307392585,46.703809873148515,49.490842783899566,31.1062104421334,32.60392827081324,31.819033493103465,24.108685468810442,21.581991476955608,38.715950679633146,28.00543998133652,31.877767308042724,23.826205408017714,28.693268024561323,28.94911772479238,49.39289863128146,55.1944221216111,49.76221187054425,60.91544878672611
65.72654599359068,57.956918944155106,71.61680199735821,60.1672277368473,70.70946975437957,73.05435379222149,327.875980964998,77.54356411878594,59.55266731366272,64.93651738207281,61.52744676123101,64.20487875567599,43.5584592037685,59.76778503649796,53.54359707647362,34.2087367090848,48.292245779044876,31.418974657673367,39.70124492320629,38.18829809642146,34.628897394247964,32.878594689413774,29.960442510884523,39.89129718525645,43.52838048134519,25.761048723739215,29.440909815436672,34.39663559138066,45.292480379246065,52.96938006885695,46.47064398074072,68.04728396977835
77.13465793360392,59.93334845748184,77.94607666914727,73.84656251395748,61.839984992762396,59.62750159568716,77.40154340316914,69.2531467593644,52.31093870279982,50.69602882374365,45.96652074129758,58.45578847891841,46.91979953201726,43.50724401248416,48.87380686082471,28.530963441813526,32.936396136905934,36.52915233544274,40.25488319472152,40.407903914813616,40.23842725815962,41.74104994310174,24.862102998541445,46.6073544913136,46.61703230228982,38.13833832959052,36.88160481200215,45.53073249263912,43.26478233389431,46.74388983601675,52.79794719169226,65.91118820815544
72.30254616705795,64.9012769333412,68.31750383661283,78.12179834672344,59.27025402503985,63.31346841524578,70.65282677074445,50.8286589938912,53.07386169856668,42.80533131339517,39.84172711250314,40.823869965231125,49.558516519285256,26.912188594665576,36.43929886962259,32.25443463330495,21.30952518407419,40.70058233470222,28.339029843938498,36.847436077332375,31.4907451630732,31.642800160239208,30.942960658881958,38.94193852086811,45.56146418978433,49.454012077304895,50.352512441069806,63.737559329238636,58.890063228330796,60.37375720031847,64.58953710723641,62.004809310966856
64.04717299542457,75.73993949751083,57.77750627476401,62.501927260570916,61.0663358931621,68.99091642097825,59.12660367429704,47.06014103353952,57.682539647628225,46.28107105392655,40.76697403775266,27.984521460299593,44.33100138263439,28.20949981423755,25.0725799735714,39.48195346892537,30.231271608243237,38.656989926365746,23.333354269206474,28.335995416552418,25.25439861682465,29.27342158077575,46.770768288907284,36.32341676517832,40.982989284210724,61.66662518990454,64.72700560090401,73.41949958864433,72.82634404320393,76.54134512076021,78.20139624675765,58.976157842822445
58.86365657972016,77.5572346599823,63.242163121530666,49.83771070597728,66.29599252447215,61.07170663194705,44.039077724867965,50.70994002885784,50.8918191506713,49.88208170684915,42.42062553366302,31.804306570413665,32.1722360626308,36.772914214913655,19.650487156291735,40.279573691631754,40.79038939149805,35.58479375965127,28.51323963244574,27.430377823896958,38.67975877560441,46.74561431422265,56.501547732320695,45.86459852771656,46.56126661724917,68.46355709223688,72.63143362693408,67.13737756689662,69.21354643263274,73.95307001662029,78.30645973165662,61.290596279904776
63.85245518186831,70.05139302750399,70.80718859138732,60.886088672788226,63.40620901068037,41.922326142352674,34.34932596636276,50.41047259482827,36.52578589812449,42.729130668694516,42.408313151148235,38.28821021201869,21.13434417797565,38.96105998757521,24.85833465377024,35.60757250343763,35.22871782220578,32.90264164257121,45.415685638377155,34.79071816732231,57.40514306727634,59.13948657393873,57.205026557024425,63.84383963577498,59.67776150540101,68.87922090344516,76.77139144140338,62.63922478068672,61.05187192308666,62.822414152391886,65.72833947394192,69.20091241211884
70.00162431685975,59.73440886580615,60.4695852161834,61.81780598699318,50.87596768223356,37.23148403693297,31.330192657203053,36.10449072564383,24.89748884488233,31.17749459209724,34.79945734052101,41.34379996579617,22.57017118574656,28.051941021441376,39.302123469246425,28.363235377957082,29.450538389820505,30.692562131770497,57.2322518599669,48.49914793803932,58.44568210930078,54.79736817143631,50.85317066894035,73.61682565507444,72.9486105692279,63.72883964030397,70.15890432780328,59.885558631035565,64.41241413940318,63.82706276480376,56.35791255768647,71.38610134341994
63.6141820988912,45.244867469124486,42.48543510156838,43.996885771517725,35.33959269602192,45.70202482199122,36.5521330258681,23.758352526907583,26.337911033620735,20.72807485346235,28.1091863003183,31.682450023536095,32.40233610082828,24.32473469053442,47.988878553458235,30.203820961089946,39.47981733630864,36.83468228803138,52.529069197065695,63.95827497025834,51.03351857915653,52.73773330202341,59.364212013519406,69.50081560213476,78.29815887811021,59.98669420920872,64.17159446945982,64.87859138541747,75.0682664423303,73.22423359399943,58.31128900736697,69.3487474844388
48.12388132747416,37.553540415873265,33.8625600137014,28.92946919953888,24.420215926520118,38.081541447929446,38.862512533648726,24.60566542257645,35.72279530237373,24.23494024154662,21.16439644224939,23.288925537167287,43.11683003754008,36.79656952085039,47.93113534676241,41.25909795166264,59.267751974366995,51.30653025436932,49.11544574235625,71.8335126790574,54.79986275172994,66.20587775198076,73.09483699117892,61.16384677561868,72.32442816615314,60.296701770029344,60.417364012745445,72.9115558647442,71.75723979202556,66.36911188604559,61.68763601397329,60.4968824067279
33.0548700816769,36.26852151017294,39.887348188336844,31.601366115083955,26.09326705744101,22.550122847959237,39.94450867677887,35.87116110288389,41.95283595499223,35.24564245157116,29.903929387317547,30.638463814494752,48.89358281032393,53.04512398848023,43.47007693822143,58.132993202888585,62.43665448617416,65.17745659842815,56.20415362263524,70.3114968159355,71.1882339795447,79.02271452866292,79.95788148245188,61.268566649922235,61.37061224608902,63.731356452786635,58.16300853476284,72.64187017875878,54.463584727499324,49.29689438265484,61.48026660268699,45.72681626476131
33.58966449020175,39.30103849820155,43.0184055689883,42.64791942913997,33.814592350207164,23.724931218543084,34.90848138545353,39.78237663543621,33.206487055562626,46.64381371709201,40.83760017503222,48.41740699275178,43.86097714714125,57.64483222882779,43.6284232896354,66.81630061734518,53.14655264620556,73.63169174998914,70.98898644317374,62.773400206138966,79.60350947092455,70.81737680646823,71.67360004711395,69.97792327495333,57.18896497735874,69.34530100968712,59.15982609399583,65.84159906392095,43.68315719262086,42.21782239670343,50.897057924912,34.226098446779694
37.92687956547348,40.32961566761052,33.097249233255624,35.10687972581828,41.491204859086395,39.49693019949626,28.11975288874941,32.2938463824778,26.796157162954934,47.6678517408804,53.77568724185724,59.554515435276414,45.899245241224016,52.34679393478792,54.335761679580976,70.28557146339527,60.86118082978857,76.15846574454739,79.09933084793501,60.28360220450332,66.65966988531561,58.187901004519155,57.18871120500415,74.2610918303849,57.859179552513844,68.51697385529317,62.05922535796215,48.59468851190701,49.798638086186145,51.00857659265286,33.56277057381996,27.766290529810107
40.278771323927046,37.77797917394658,21.306964223089363,21.741744005021967,41.09373415721132,42.11929726841437,353.10400618753806,29.06565011933128,37.48681727048449,43.264537155927925,58.92413322521567,56.986684819181505,50.69352991259671,53.35812262868112,67.96334285678184,64.68469980678282,76.68572705128908,71.39180755548392,73.59412813463784,63.44018993099765,58.28760401033488,62.76813460217347,56.83409264848237,65.47405337746969,62.313937091039584,60.956575325616164,57.80274151187937,35.62688027443402,50.802552391704864,43.79329394997303,25.420416989433484,29.04986653547251
34.44306069175128,29.488812580543804,24.595629212599945,29.62120094681843,36.60201446403009,30.966104717862397,359.86095926586773,43.15682901522394,53.31504738555191,44.1654212774453,56.405340066065634,51.18415201675538,66.38304581608868,65.27578887695086,77.84438432523423,60.515938272351164,78.58000843215716,63.36917927365112,61.25720849243145,69.79179547430095,62.34979440913925,69.18681478215512,61.26230955591872,48.63465545573285,60.13193443258301,51.2127336381408,48.541266709507916,31.15795856906202,33.929108765226616,29.134851407929197,31.280250532211028,37.79343345158355
24.377620829967558,24.065777424153175,42.50384073702041,46.13714092273442,31.80371673010235,35.413892778001376,370.831451249282,63.5863717689031,67.1272211123796,55.47606734090353,54.227295474190576,61.00506406288706,77.76905651198207,79.10331288730029,79.62072527061132,62.517340495068744,62.500593853151294,58.350068032024716,57.47225239131513,70.78587223839135,66.42501740558967,58.26393691241355,63.38804502859716,38.181072812039815,48.45132687203282,36.00419121989337,37.93464271723407,35.972455177278896,22.04407040298262,21.585978746707234,38.540619358229044,40.61271264673609
23.982931939748706,27.317428380986033,49.00607360513577,47.95103238148513,36.638677502574,57.4828383934263,61.538103099928456,63.669636980919314,64.09038389004516,69.02148229071977,57.20717247621153,71.48392857895325,76.21800542584369,76.50793241945382,67.68026171667806,71.00960075783931,56.656668235381346,54.11672192721025,60.571597159375386,67.26067483604415,57.69479809634565,40.456915275948454,46.802585626616406,40.45976792846855,33.1942597492476,24.74034133452643,23.7912787865891,39.381191638042516,28.348408598132984,33.59889480160319,39.91901824646664,39.253988325902135
37.36500836788708,39.25284300165263,41.330965292701414,41.52890210722131,52.41995651318406,64.83151471390123,69.5806948400304,57.07567303972013,58.771809535825014,79.52613319821421,66.8600711936299,79.6377467830739,66.15306383534093,62.43507781790179,60.062805396368894,74.51051935352689,65.81642777354857,56.35491208773132,64.21815014129714,52.577798243840846,39.693297016087634,37.47351333044325,30.104733149978898,45.569592906655686,23.51537558647167,23.39197008800462,20.9734743906072,39.8763394621869,41.40001430630887,39.90991862294476,29.472408025218037,35.37096678546109
52.95315912076242,52.75566374370036,41.6762156169006,48.097718587838024,66.83987704827469,56.39488461525569,71.73037108148978,57.96893489866189,61.96561001775041,71.47883796123168,78.24801698037528,73.44105836975122,58.361179784304156,56.990080250364,54.17016658116443,67.8670905715599,64.14049423433413,57.279701404174865,54.39593780541354,38.03795284054162,32.763562560956665,46.557110112644274,27.558282240238245,41.596676619147296,26.998629024813155,28.122511328856895,23.491697764614152,30.980984868121503,36.139865196637814,32.538302735664665,27.307562493962834,32.83524614613879
57.91615248480606,62.55622826809996,57.39464684430754,66.64547184553763,73.97516051615955,58.2919863894271,68.19832641423206,71.00938781811101,70.74347389054563,62.17446794920421,79.50100063368387,59.24425127620685,59.643791176920814,64.11781854119121,54.817833775331636,54.09598360520356,47.508443918501094,54.532517709610616,38.1649910879827,30.30714785798086,40.910444326121,38.54796416859908,35.64289265639009,27.229002627077666,35.068005915205255,34.83382795443799,33.24393124213375,25.663584158746488,27.625729870700276,29.702951312343085,33.54701194585791,35.9693948836338
54.240389944639205,67.6441540813204,72.31398466655203,73.98220924368346,71.68265649648693,75.10276346259026,61.209379317730104,80.46522555430947,78.31116543132009,57.71264406363611,70.01233096561313,53.45876849438175,64.03616925305855,65.87877232251205,59.13691427619615,38.94424720836276,34.154485111659845,49.05611658059613,27.26980932987577,30.655763751613826,41.593248429513636,21.309421140706082,39.47738168420119,20.704567234367452,40.93689313555144,41.22559547279122,44.02748972077307,27.288962098422466,35.43292538072736,44.75268673226138,52.44198210420056,45.6229800027914
51.90158676523088,65.18547824084582,73.08043833301089,64.1469466376391,64.21670670235497,79.87370262396095,59.73639929205575,72.07405720653414,71.21467105956307,61.94464362772391,55.50387374277187,59.06073439473661,64.58933578985675,52.76992315732737,55.83844598013612,32.639822227683446,40.35055590442837,36.003326370371425,29.73275617556954,35.02312889672136,30.22692772344316,25.659007258436887,29.74183832456719,29.67174486483247,39.54438189525028,44.96292396435338,49.5490078868873,39.83931014383284,52.83431498514786,60.92912422595443,64.42284597943247,62.89982271293549
57.29063563517072,59.26627347882619,64.36198658821742,60.629689535428206,61.0442119631242,63.94715336721458,62.041864706664136,55.81623892210957,57.098875987514205,67.72728053538172,44.76317807260247,60.29862885340451,51.0668329518225,32.50450648428755,41.97268171081753,32.57785038540151,44.202049855295485,25.754197201920046,37.89481091655578,39.784289911408656,19.933917919316038,38.699095942667256,24.01340191693414,44.55748587725618,34.69253356458925,43.34631506479407,49.966537849821194,54.90228131269624,62.64247983654443,57.66005596258809,66.46494619719027,72.69471666278034
71.61625904289694,60.212840332032286,61.062844027620116,72.22944676463987,63.859962809104324,56.629957428613935,66.71908318953888,51.47364722438622,45.97334772375815,59.634262671580075,42.17443203103107,49.25980834667912,36.208128305744516,28.843623217934525,26.84506696077274,39.98766381149216,33.19446863060551,18.67450802205806,36.23467984724523,36.089961953098715,29.08357460648697,40.79031893751274,29.626485740118014,47.82117455135903,34.44626898747578,43.5811970589599,47.94186752298637,66.54516167598996,56.11605235361183,52.58517542823427,59.89174087072281,76.67528917697945
81.366776099405,66.19214362636764,71.14154373746611,75.34714593608618,68.83454087409437,65.25825078601484,64.68289536975426,60.36016114248084,48.75778367704974,46.15534600784711,44.923217530742484,33.158300628405435,26.019233124034727,39.19173711722397,21.429256702573515,41.662276264060864,21.48950186986695,22.028428838338442,28.240702017789992,32.205996142288065,44.06698586332264,31.567481455052718,47.0727564991926,44.38194680557446,44.61053771403592,44.8140512384514,49.00284698689568,65.30161747801564,54.77100441147759,66.3507368587684,58.16576754481082,74.3661932321198
74.85704295874119,71.94246048487557,75.30369857289244,60.421047067895756,69.79469734000153,64.25637443811318,58.45725566120417,57.097470970155065,53.3822891475295,29.4744112126643,47.09804135593312,24.10519051217024,28.11829736658367,38.95644619486144,24.72173784759367,34.04299703890211,26.57022249091328,32.6433726619156,25.656791718391265,28.576722195634247,46.92191431655361,35.45504295940113,57.841981750712534,42.1097613580261,57.335034421102506,50.94826020265016,55.3075102074742,59.61216187932934,69.62875053292586,78.7454484200057,67.23026115053072,63.62753155760899
59.41045048035536,74.16611321036697,61.247172909337074,45.645157788156794,60.47172395595331,46.77451477801576,47.9494368461742,42.74120082125079,44.82430417320199,26.90798557536107,39.16471753308861,31.466079080277655,37.44731434093493,30.62067543527149,36.02701254048007,27.04818478618073,42.66972072006496,45.70080852630203,36.2031285571367,34.046333958026594,39.419078529565056,58.186967954429136,55.96523466005183,53.200955651322104,71.96979760229807,63.50945114502102,62.16937291423965,57.49927582171584,81.32119729018638,70.44603225858168,77.6543717156685,58.89440940454612
52.72813096291863,65.22644925407128,44.67811121409168,51.28565815559502,44.13676601884566,33.63864758637171,34.490750157677596,24.34002845804556,30.01624404842566,33.03542290925336,28.13579991278326,40.08023996357817,39.941350672871465,21.2786053860311,43.70089527435139,25.396542148155213,45.84089990810665,49.64303822126473,52.59591488911525,48.57918040847629,45.952059184449595,63.97959922058054,51.82000771586926,69.24785376555775,74.85212477480685,75.37414568690116,75.25633779158589,64.354510484025,70.73327065867333,59.53305851794711,75.44420431888821,56.47943596545859
55.03972174177485,51.423010371125194,45.701198171253274,52.375921633646655,32.31915960346506,41.088976794570115,23.89819069593948,28.652311074351573,19.435448816295995,41.01222520653701,22.225354138152202,38.237574978049814,35.31793904752358,28.128177885262605,41.98395020447047,34.60130693879832,35.71613847123626,54.69466631595461,61.51308494533019,61.77085469602592,64.51899665144487,56.58883769173521,56.05603852037149,77.98551828210009,65.93460422717065,78.37423321522898,80.49482902761723,70.84057438594114,58.008623335131794,61.89194997005549,62.76085424223163,60.330327737952075
61.47776571598454,36.576211921527104,49.00738635609133,42.22654667313168,26.328505214851578,42.36514854863629,24.30591067302391,40.18209044850048,29.010549193601214,38.0497550327878,24.75000390655507,28.33003392784041,29.823861003689885,46.171494480856246,38.312535414193036,50.35755473824698,44.407851295627474,54.42807613442791,57.68180980988371,70.79940847869949,71.57366136836869,58.6341999808685,72.45788163463237,70.7295325400127,60.58716325441433,76.48796946022492,78.85430375341055,76.49163835632282,62.86511675711723,70.29742218162242,49.83978721675013,61.82750515834411
53.36330844796161,30.49681097518768,45.253311110670325,26.145877208370194,33.543132819988124,28.959617410690065,31.211971639408045,37.6498825362901,37.32736240214007,31.19667114191334,34.43353533930505,26.39688827195414,29.393066731090794,53.52566496712445,39.486333956796464,60.14032308774885,63.883186794595126,52.068778706690885,54.48553112598264,70.77212458513561,65.06777998333266,75.36947270968915,78.0514314829224,62.636088940511115,59.82375689485259,68.56112227827191,68.5820183626555,70.02202854987372,69.60557156355368,61.73629730915298,43.1634099152827,58.2943501244737
36.710607438448314,33.21796274643301,27.51864649646438,27.107430354912328,37.530681466203475,22.31529491075664,39.338347294667145,27.496773571445882,42.216431417033654,27.275111934864995,48.48536030788395,39.903319226516324,43.9917870655509,50.48738434127104,46.43430178324553,66.00561676605977,68.27731030629589,55.53726262224324,60.53003908356676,62.992999846553055,58.73353904148667,77.98392938970824,73.06224253803322,60.202495018917354,67.2683530792545,57.284479171896805,56.84146314925875,57.08198057434693,57.840862636336375,39.09391010142837,47.56440643501701,47.98532484300144
23.273067967257496,37.28493064731881,22.693108362812843,36.28731173088635,39.6536305360533,33.965058213347795,40.65778313830188,25.7749792451005,36.7629040359129,34.70697544572161,54.629625069173485,57.32834197534524,60.246649760527156,46.29919292120363,60.930882156002944,62.72999368153744,61.28436872266523,60.438871438435015,75.64678572517515,59.99143481905175,67.14975798192381,64.60571572112487,59.34508255913037,68.22296684711043,70.22337290705413,48.359883207876145,44.00279747967366,41.88245104897291,39.20116825618716,36.529124058840125,49.10142045646066,32.718714145296694
22.816329224250932,41.85652069013466,32.84581092597506,35.74482140416281,33.001484847472454,44.18073168533128,40.78075253543962,39.076603294053974,35.975602261975595,50.055209616120585,53.12208725146105,63.652345624138626,67.65386945831054,61.061499172116065,73.12980400257818,57.44974368587954,60.17065991009771,70.4503775252692,79.80096828056823,59.105117486091665,76.79141455529688,57.62199866450001,54.242503156041586,70.93163427629493,64.69769885882167,44.45185423818882,39.2236285488471,38.38297141294953,34.431518351587684,44.00678040046792,43.66125761049288,24.732724703533822
34.3520746373187,36.476189840685116,40.667768291897374,25.35380371139711,29.14356866813364,37.26823975709554,38.370297665130266,55.33676109708074,43.132830055551274,64.14286288223525,51.96791793650551,58.833645293796266,66.91724155700841,75.55311573419102,77.30747406770182,60.089549299589144,73.81264076877557,76.55779454975554,72.56968026955167,66.64683996255667,70.1227137335011,64.29845784146661,61.74341056033085,59.44197719004744,49.87969845071085,45.13297000215948,40.99270706845753,39.53034819462926,42.005806369432754,39.465746906108826,27.133556225946485,22.93359900264732
40.22251867197457,30.783574489574722,37.62192459310849,29.88249166449229,31.13581598434277,32.277601818172734,39.70858811462651,57.17648569929051,63.94941620705605,63.56036826297733,53.59436858902894,55.26523869137123,58.88666089938585,75.77951024797616,70.50117180811644,68.7736032198047,77.93147947911379,78.64416085020144,58.092791933321294,71.61364919847946,52.58051181189661,65.85104362810212,61.67704167068936,41.27364864966771,36.19885816797605,47.30706588224152,42.92301810164573,41.537719074800115,39.413101369907515,24.359290401476834,21.22865682141083,27.445271406867843
36.55014137945895,28.411232806235947,31.919828269478657,49.35671122973295,41.69903818318671,52.559700994563194,48.47211659408846,50.666649222666834,72.20073682980099,60.83414226479317,62.231791548098215,63.68898110249084,60.46320985217935,65.9301380527888,60.56539190832229,75.2296640560618,63.43234345323114,69.34696261359711,52.70635159933102,66.74665322243123,45.23685697817459,46.45830092076097,47.23798038415393,33.10794471450971,29.388967917888117,46.43961181798525,42.66371646968339,40.42358506864651,25.385426337427035,22.55570158042171,27.83509442974708,37.57655042886171
31.04505139482207,31.175978131578894,37.99162928474314,58.64030527043587,59.320647859952636,67.03100279593751,58.2644923838044,56.252922807130794,67.7539329456488,58.023163307888474,73.67385336855533,73.9370661249135,69.26892474133459,59.62902116871494,57.75898884911038,72.87542041874227,51.30273692879628,57.03832304008285,54.56572222910765,52.98578152282164,51.73390610635271,32.769352794864446,29.381475277737746,38.09133294750089,32.81420999320938,38.619518709203184,36.038980930272324,36.27867600954741,19.26474706191357,36.74781944636424,40.78052190616839,44.76951032931486
33.14577835723873,43.70277605862459,57.08782999978719,50.65938789881786,68.49864512081234,62.41278326363186,69.9338507828487,70.89676569158944,59.17733459707438,67.09852636340005,80.81225592705242,77.60510400047899,77.59322214765051,65.58117067964875,62.45409824121525,66.1908827642471,55.80214584853726,45.47817641081301,59.2076969103064,38.56544189514487,49.552593476773666,38.11910244383813,27.0225027456979,42.34768910133985,38.92037997147561,32.73148186845349,30.77925026597507,23.504680957910455,34.1441882093602,42.475463564496636,46.92721146263733,47.17585840028939
50.276883984746775,58.7151392830612,66.97289597621953,51.35549797091544,70.371186429754,55.91825586481194,78.86561132657211,79.84740861332337,63.0665767060273,75.50106275419722,74.15502218765033,66.24423005020395,72.86434703474693,70.99500924593531,63.703402816836935,48.399808118097404,61.10822117754722,35.14933355465495,47.37322317408271,27.81423115747309,34.00836505953896,42.51163107974713,33.74188342519707,36.50017550193264,40.012002824117474,25.297413340217474,23.949618972230653,23.34508507753416,44.67151758898864,34.737171023570255,43.7516504641786,44.42113587452276
65.4836096986788,71.03242869861589,59.41632641199126,68.02193818999034,63.773051702953374,68.62857441485042,78.19890109128971,72.46157561517333,71.77938102139518,77.4859751726905,62.00615192325,54.30027874250801,59.84693113364721,59.96450528332176,59.42914879740297,37.76318718316137,47.81855350862333,34.27840807227715,30.41612915489071,28.424424156903132,22.3853322246907,29.45135201249026,41.15521352416576,26.430402641186838,32.8877766358868,23.879723679861073,25.30756096275128,32.75071023412076,42.187828260848654,36.08762232409087,38.42281360418972,45.25584148551648
70.14907671231192,70.11576431134463,57.04951592473384,77.94217864094017,60.29833598801098,79.55827397145578,68.65417972147723,58.774992285001744,77.44641800899473,66.3332866746257,50.051562892354035,49.40649345469425,44.93681714497917,41.425050147751826,49.5881388835351,35.111652015321404,30.135623411760076,35.01888542233901,21.898433980086583,37.175941615070876,29.59204845354163,19.545153742543484,33.89880611850677,21.824518866948285,28.36960916438128,30.125006917855227,31.996693224430825,47.62299534507651,38.97908075792575,54.195619201911235,46.702382649596274,46.51142186489296
66.21290072920662,68.09444562341969,66.20680239324041,67.49517205727402,61.887725100259445,70.65408683574907,58.02679957211969,57.753675424238274,64.46802650419066,50.88616619615456,46.635661525393814,55.59381060729542,38.762310817601886,35.104392325523754,33.822828201580165,40.62170543396679,30.67715717976161,38.897980105464775,29.837425483542248,41.313626871306504,40.54505481347808,31.175679088479406,24.363892615998953,29.98139823023926,27.299740767268283,43.96541671557001,44.52715339175395,57.409294969198626,51.00438322124585,66.15349269018056,61.81277862486165,57.933019887008435
59.49563134364214,60.079079368170696,78.36119936060011,59.847914653318384,69.39751377774537,55.39789152684523,54.21920585954999,65.34553962680761,48.70710719918867,42.57865328219703,47.61551939625248,54.71843117539716,40.9452233934906,39.84377053220936,24.082580737939228,42.20778908666498,38.71292756682329,40.3576697027413,39.15214148412477,39.05584223471105,34.56887219903875,44.16490474002732,30.47304994810065,48.488444104608845,39.007887059734884,54.74246501645716,61.33202806464555,62.393598898799,66.06176974560987,60.36606824787041,75.33027778148114,70.75359740847675
62.61442651566948,61.067166219472114,76.22417369599573,66.66525730466302,73.00195788087325,61.69635053591697,53.70205222653655,63.01815415578464,40.48745381377727,45.40951914324101,50.08646314173983,42.45775573741547,43.70875054699474,43.289549505145004,26.75857347201707,35.54743613188915,35.267973401719495,34.96396633724144,37.42457919268961,33.91031914420275,27.800080654556883,42.70200574316753,45.51589835929902,54.887036863262544,54.64776374909788,63.052775500637246,68.68690276464756,57.381032255599436,68.66191370349043,54.939049308565856,75.08771625996872,80.23784701174603
74.73108329409729,67.44798668864752,57.688088588211336,72.8891507000997,68.13450793309966,65.6944736901094,54.22917900685945,44.77695250754134,43.77384268497617,47.6542136357143,45.494244821556634,27.215087323596702,39.944618907511824,33.75012800850259,34.92449387343383,27.135792107966978,23.538023641542036,29.93737365008367,29.429171685486217,28.83845432686044,34.925113311959784,35.19277541065522,54.75736661853644,52.03328703035276,63.99342347810493,65.80975355766948,70.70953000645908,57.61329224707799,59.70118148745238,68.86322874010622,66.81197570987072,78.14559058022655
76.71917082088068,72.41242112910741,52.32436579374275,60.00802942919372,54.60604839491143,50.059901519055124,55.15309504468838,31.144152051232886,48.61767061005443,42.807963793231366,34.58249099308996,23.10653814445492,27.65348049941663,21.68748361336786,38.199701993769786,23.41824051879683,26.044547314045676,28.462358231947128,30.04200044357767,32.603116478420006,51.82925793999068,46.583614607876,57.92456030538044,47.87594716719725,66.40194928401289,62.8685870133642,68.45153955323978,59.500241430233615,60.916055984469786,78.22856410711047,60.39539211210984,70.80374904193191
64.8329105196144,70.39596985703021,56.8917757158614,41.80309830834948,37.6456680484376,33.24866849034877,49.219798564272075,32.94292272298091,40.315300164950784,32.6702445702414,22.0055858116992,32.26728830635829,21.570383710966766,22.64516487474239,39.144930493027026,28.881809369855247,45.10381458515988,31.32429770189843,42.9241228303116,45.852790982191166,63.48195656190239,67.39860207918291,51.45925618563423,56.435177575650634,61.027717698436,60.582954781365565,62.47677973272191,70.9144786564286,73.4890763814682,72.14294333249896,59.52457343491839,58.66724879801277
49.40562905489863,59.004415571406504,58.14270667496376,41.68498644216681,32.831158897991514,34.23111136960084,37.88629890055987,43.237868421547,26.82661498460759,21.788042473094876,20.324154139784763,40.05594379455273,25.910443799234038,40.470902961774286,37.03150095526144,40.437839599243,52.88644257118216,43.36607501922539,59.40266570469238,60.13959200775117,56.510384981184615,66.9913770103096,55.838486974041025,73.25582101344811,60.24230327057705,60.21715741726188,59.25104194595399,75.8059081404423,76.8506532172966,55.049667399628895,68.61759276255506,50.746443758899375
39.544014847878756,43.87141522023477,44.83962697686461,48.014194231774304,31.913659944977425,40.70337720503467,25.28713116522033,34.67418334200312,18.418308509346705,22.57559652420503,28.795064322334753,37.335090705930384,38.64041479671092,48.699858519757704,33.54494613813381,55.401495525457975,45.853035103582485,56.71962743937242,67.56483801424812,71.97763267234784,54.33354408886103,58.85163462899655,70.50036368767859,79.74247061267573,64.11880368293725,63.626849878449676,61.68642317471024,73.33369609837862,61.761058239924374,59.57696437084509,65.57305569977274,47.188728022410906
41.06823830952398,31.36867863109816,28.076077772773445,38.37848447766118,38.177793544666876,35.689276151017836,19.715481533619602,24.77679345960237,30.3807758513426,36.106673496645946,40.28808165675297,30.139970509292876,49.58109556575238,44.48683974361233,41.04925326245514,61.5262247046286,47.961917755902434,68.94325433791468,61.54223675580651,73.9093544858216,65.55147085070233,62.87122910468811,80.23790653277872,71.42657540199001,74.66682224054189,68.73478853554397,67.94790827604119,62.59383373412196,50.206393606926106,66.68940447936379,54.06804851958002,49.189478084009224
47.61469883794703,27.695440165088662,27.91171071411205,23.87308779244525,39.0616050643272,21.402940475543062,24.873374120348174,24.01867789887451,44.935823330087786,45.7569365974779,51.086701369936925,34.526879694991884,53.6913903109868,41.587117563100264,56.33615067089747,60.52612860805997,63.76340450341432,75.50782127927633,57.26248982937011,67.03744221261526,78.25319247352917,79.20863997780252,73.85349695903146,59.510118542679415,76.22787401940369,71.71113778359893,66.7417128703742,48.53133626036887,53.23721896400694,53.35702775011314,37.177361596457665,49.09244556545514
44.107543438416,30.39011698936648,38.43660125191373,23.475000363231803,32.57317499638286,27.84029637744246,32.683883850117525,36.04934017056447,45.624959011455545,49.81961642183097,52.53032821559819,50.347533456193744,48.25310914479013,52.06290459498551,69.07014944502724,57.84127202382463,76.91468834149214,73.10895332569909,62.9081335468326,60.99985049256284,74.87491023474665,75.99677320620779,60.81575282745165,55.82043802280483,67.55493844772097,69.99062953229924,64.33361022445277,42.668353255592024,56.57535615849591,34.06843870785133,31.96107534919177,45.172917179112446
28.091331014759223,36.612936125946014,38.24680528833644,38.32134493388366,24.914699451431716,43.525766385047305,45.595630167565346,50.81900789834019,42.71636293745003,44.493730161646226,48.93891181566615,65.62047216393503,48.367361731083484,70.14349806223197,75.00270839710075,59.23666098096074,67.29105809799964,68.27188252087201,74.08183097361788,58.801543859539215,60.59794897849689,58.454303358824525,54.83817534466291,62.62007562014113,52.753567271213534,58.77232481935963,51.3448901255483,41.59638254938313,43.2338579634254,31.159569062875047,35.237931998205134,37.655883104927184
20.948456106284617,40.26355538888153,27.57831366942084,40.63108950724104,26.271919403826832,42.0100664001799,50.693334975669636,50.2930020793722,39.75598566348423,42.967008686889514,48.0355294547255,68.33453212265077,57.61595318432023,75.87919354847484,70.52039574677674,66.6933032523237,59.059359450000564,61.53773734865262,80.04516928372108,66.01856347901976,57.01727103575115,53.35309424189613,59.966143591106594,63.52891451970565,39.33876390752826,45.24407599047533,39.715913480355496,46.50954328414989,26.272153892627397,41.077549951897204,40.18494457411918,26.32451677653379
23.83585799494449,37.266099891352496,23.788133768951248,30.832868814592732,35.26610732710997,35.30618286894312,54.07066783193103,43.80544676895759,50.65455709712901,55.907709028054924,55.533292165221084,62.11692555955315,72.39509938960882,67.47597238977308,62.9411405517496,73.9458296739766,68.67183929699912,57.51787679243482,67.60173991283617,68.38651938998707,63.52459715166362,62.198908092850445,61.66096314054358,53.010951698296424,40.01683684365861,32.134968350202534,29.01586676142455,43.86640503234332,28.61852020947618,38.60644532532228,38.54867861999086,20.76352621417324
37.55750750078948,32.10955826901038,37.88246442871465,33.413617128952,51.198855705517715,46.5671593727053,50.68223755344852,48.26553767536805,68.45481015385752,70.37377973536309,69.11057087657278,59.132834175033594,80.92395209993899,61.33604457307899,59.485512865092,78.08209887296624,77.22705008277276,60.736603344518315,50.249871980444155,66.37940272356644,62.25257041202398,57.489054961827335,51.15735310663846,35.15875686484231,42.74428622211802,23.9030331930612,23.75148855723631,36.55101308867552,39.04023216221798,23.00430104290223,27.51193035625827,23.438608909076947
47.65156630286989,32.6787010760376,57.8443825458077,54.3930684277943,63.65060237923535,64.33195653818386,52.262969412460876,67.89453170320101,76.40118867348858,78.04070568543203,77.98717394200371,69.75171541636627,74.4831217757303,66.96916853217193,64.12494034659697,70.98561582631068,65.00860638271543,62.282133965563986,47.24558709693817,56.361803663621465,45.54377593648588,37.296100410308206,32.22457833581327,26.862921465483602,43.01806185741318,24.62355153546424,27.272387767897232,24.559394027963133,36.372204986144155,24.01288366542192,22.583252812447704,34.57400508648997
47.03176489347911,40.58051999684009,57.68088644448282,64.4956778797914,66.33257373017175,65.44594825901912,57.04992665721369,76.50875552987132,67.75091039057511,75.01682685369167,76.79291504107002,77.72652671452256,61.849915619412,74.16084305902588,68.62016937110155,56.26351044669605,46.90002952499991,61.17226751114681,51.70269162822619,41.22669572228363,32.70406836124343,29.928186174533298,25.513518572112943,34.35081045731706,36.97815349829584,34.47321314953089,35.683926303085364,20.002516401046762,23.615808558930876,41.983143835631665,31.728778861127452,47.141252668493976
43.43256438243578,53.74641009890619,48.78657416053799,58.32858009656075,62.74010196671416,58.2959650090774,65.38682740079867,69.40952686811947,59.91743411655936,63.254367715069975,69.8509198610682,75.28695001091556,52.6602893904581,67.12030931537004,67.62877700257158,44.63280647914234,45.76327427219025,55.584975210564146,52.069732485309025,28.593489334557635,34.73952400770621,39.53343622830361,30.921449563839957,39.45450001193227,27.656765253135507,38.39780512327319,40.641341059224075,25.240377400104183,29.146156476004656,47.70277945956958,48.993670156162835,55.40347962181129
45.781159072303595,68.97354513902927,53.63653421848203,55.47937580980049,58.472386535365466,62.997947317670466,77.56779443123865,59.812330689336335,63.25218664411221,58.413879737338945,56.3297926266424,59.81112231270644,55.752410438917146,52.168406306861044,55.17303367199291,40.9150597556813,52.38606906591606,44.96628889790573,40.4001745024783,26.549024014656954,40.20640688480105,38.93116444351444,40.93389112310693,37.43097715576924,21.69338530313921,41.61902434407831,46.71637115393987,40.91171642365466,44.850156353084635,39.14863633342688,59.24574427727446,58.12535301469845
60.6991995703344,73.30660802064094,71.67146217428875,71.59808540566456,60.30662757272189,77.83941543117078,80.98886615298751,64.74247300558584,71.10656536187264,58.139655591985395,49.90542947378446,47.93213203944914,58.63919108548225,39.29763909830366,39.843746357618045,43.83426461692234,43.28031589260685,31.617777548122803,26.055085959071846,31.625537271378413,35.181943723441435,24.631440329700837,35.40114878677309,27.242897398805532,27.159075788741983,41.654821996802475,43.07366876527584,52.92935067574657,56.615373027164914,42.16708283891034,58.68105791285509,59.13452289904377
74.59677513225972,72.27547079366914,79.76550591454348,79.07907503930116,70.9022212944966,76.09078564124476,74.80838879809097,74.16901101324746,72.23052427778126,64.4394771340632,51.65423448826166,47.55794683800846,56.81192055668604,42.528960828782836,29.31323808601447,47.012375529310745,25.32762428479276,24.244161411523805,22.356197585529202,37.450364401750875,21.67642519611229,21.92843967944763,29.190838288042855,26.981115022066877,38.39783849537234,39.45558877809192,41.72972465369636,57.669092702691984,48.9869065526499,60.22895886392393,56.172277453257855,53.83774396792766
77.13762324045604,64.68945932380238,70.46227164507155,71.06520295869504,75.59198133701925,59.04270534746575,61.234930499511805,68.54260962639043,58.58186244089621,62.84200774152522,54.53201271835365,51.59163265768307,43.55579722130852,45.521758808052475,27.561608226454666,40.97604895501895,23.349163269649097,22.244736942997033,31.272219823171735,39.31269428192653,26.207367641464913,37.225053835589385,27.434032761917504,37.474892473889454,53.225366606211416,39.53895347136734,41.37130588428353,54.5678388410691,49.1152062824102,71.2086839774077,55.04738090947023,57.28845912568801
67.56190378385067,57.952745915254695,58.44128878440352,54.92841104147257,72.41560697781816,54.309177436221916,49.1751571310861,50.45316535640467,42.13983163112543,47.44305090739271,50.90834283135013,46.16259384614329,29.69769865907972,38.768262049782486,34.03557715723469,29.913215311431077,35.88260646431347,27.79817901535657,40.996089203101825,34.08167282276766,42.081256638653734,49.28508482013063,43.30390330189523,54.10719819833405,56.76386833259885,46.12255323007831,50.60191390882521,54.26747074978459,63.93236441400582,63.62358996057764,66.72568168726112,65.73215904014855
58.81836997505679,59.7498606017048,60.99136985805977,60.99818297702236,60.78396451642851,63.478242816855165,42.00850160455406,36.49082904706762,35.24775451277738,32.37826071701727,42.182275547386176,32.59338726231271,22.420862171183586,23.87476312467208,39.51441357381078,22.740484270923,39.65282588750595,36.168052631225194,40.70738240785383,31.87367841634178,48.972883799294436,41.23886602050864,58.700331460104856,60.806815813964725,56.23939237511643,56.714247311569075,61.6588268509205,57.12133445952889,77.84305043603631,60.038465213368305,78.66338885620607,75.29238641857847
60.47539693841543,63.86353465926009,68.83746960254328,67.03789587660665,45.10019682245115,55.191047481962265,40.093693415732965,40.301757978378355,40.983354581728385,25.019610077055376,29.56128538319645,22.946040253757634,28.114019074460963,19.80953672650833,38.54726454566875,24.15022379857498,30.352676000536157,45.83038836030149,35.24797068830009,33.49013799758601,44.0258325523035,41.95922792019845,58.86903309894109,56.946492946635665,52.95753709242183,67.06057915734536,73.92420702123641,68.90985220582684,75.59270307935024,70.20988978246722,79.26286382670307,77.45643867451975
66.51966420406428,68.00837735030736,62.23780028848116,53.46856293985781,36.65719802280901,37.20318389369392,45.013467507652784,47.32959356118947,42.82852758133373,33.57673885714378,19.530653624976054,24.534264082587,38.37493546500988,34.22177007129433,32.65685479704748,31.885315273700947,28.57242452946506,50.42383352976093,35.96452012965666,44.31004446280451,44.51352317434321,59.5058640251566,54.4506115682374,54.99573697302598,59.33204353032817,78.13990887778677,79.32106239961843,77.48351500662645,59.96792911028755,78.8082150660008,64.59736602780957,73.31104290632587
65.20201754016608,62.58098083803525,41.300947016249694,35.954686097109416,37.48329977246332,30.345312235082016,44.406602252506794,38.462873487336886,36.879826127278115,40.17751286805988,24.57451239690227,37.76275830186845,43.58106395420893,43.795322392329744,27.587140330334275,47.18330417591225,46.7139834981928,50.928668545350746,49.83071169864178,57.945002898234584,58.46004201822707,72.35693151459719,55.905504765279495,62.786149702122714,66.9040798391433,78.87644455481902,76.82501761129541,77.86214355764486,63.48383248464748,65.19780773570635,55.15451873043393,60.64615647331144
54.136999727685534,48.781968101025186,32.56703121587863,35.13194589910661,41.797430678960126,38.009653446429425,37.44558631061248,21.83111989350014,22.734605870670322,38.36682937382793,32.2639975638926,43.71627905324853,37.8844490207903,44.21601581225995,35.034879119324984,56.7587669938247,59.75846697099723,49.41588356962754,66.1488315804004,69.51655764080039,72.87080983822747,66.50153753096338,68.60560777081321,75.40520580726444,79.55354741800208,73.60012314365515,70.34794593808749,70.08333962156327,72.50654590510277,50.22620829798278,49.56568011344488,47.71586329225725
37.92362184612166,37.05169381532775,37.05151609973517,40.25028950898387,41.28197484180196,37.51980034296511,32.22352781396319,21.69329978480779,22.74364008623454,30.76499138513781,46.253973266768575,37.71570873905792,32.61262763499424,35.365229668555564,48.78935156123949,57.42186772027219,57.56967134000085,50.21397755804679,71.26382133515197,73.7271400685162,70.02202269571973,58.48712260639978,80.72222225447851,81.2743556414559,76.51535069332004,62.7149209608796,57.313546755345435,55.80570923272477,65.55537734701112,53.80679335203396,55.377153353339914,36.503208667870204
27.018964306712856,26.628013687113782,43.047237253604386,38.18291686758293,35.29000273811422,23.914912504923496,23.963763571829595,34.63367281561457,33.50730694288941,28.010630878193158,47.332275366788295,35.15744233956683,37.971205955948044,43.24820341180304,63.179528435409324,53.87463148283554,51.850210114429615,56.36281578106175,63.740446589162126,68.7200800671616,60.50703688558677,68.58713538621367,74.21204664508072,70.35754527840932,66.36739426699023,52.67467911879736,50.15650622103169,47.8240641952184,47.91544493494352,56.70957097272882,55.49813405811546,34.129811616667084
33.07774123030951,25.241004209334772,36.822612687355615,20.45864434955651,27.473163879637834,21.963627433975073,22.880127203155258,43.70997846554985,47.75394514016838,36.37207856697142,45.33420649657275,39.50126420717564,52.41105927076544,61.01288675948079,70.01771239097253,52.73220844620879,67.04184174190814,66.83481659474549,60.29964118594315,61.74153015586623,62.67144738979217,78.2606899096692,61.31406398550858,55.50057587259833,52.47699825532984,49.119089859988286,47.32501248588585,46.61248998995442,38.01969229398021,44.89095403568552,43.245205707700464,38.369434196145846
38.80521662643327,30.9727388549381,21.88661808189372,22.124582489767324,22.865417089458184,39.856110934777554,29.8024671698391,43.370899906420874,50.07287519453491,51.441346349658836,41.32359349094391,58.710139022926974,66.85098985025544,73.32838031030025,67.9077658255101,58.574916995025355,79.07594807010162,74.58979992005096,64.55657436439341,59.42200672217094,74.84592064182678,69.03812258417585,54.95847761037706,50.69032239621398,46.90229783134908,47.71952692798761,247.0455752400482,48.689587181762974,45.60158582827189,27.05167441054178,28.073915433324753,40.4068752313591
38.90286621130964,37.91008898964341,24.32920621351906,40.743774322460006,30.867944770286684,47.18972833374881,44.19139450551503,37.987212081644294,44.51178759168745,65.90105358322685,48.35201827013427,70.13303236850152,72.02181080873544,66.28949430136149,62.87710653174301,71.04766132761571,73.12449503542943,81.15171717641363,74.94725361488739,65.07265693484881,71.80365419355283,51.331521028268085,56.940634671781375,56.61727498849245,46.3824400000797,51.114397113506946,246.272634121012,49.93529943306036,47.47559819656928,29.233882454294086,22.551408800351183,40.95105615192272
28.643543549265985,41.573924106593516,41.3610470867676,45.68635896705931,44.05294984444898,39.47064859884576,57.74931763379636,45.21253246417971,44.48281550659245,64.98020883323792,61.193944535940176,67.29345184943408,66.29365443761066,58.872561990629364,61.29236307839846,78.91039386844136,59.0584334505027,73.53988704248005,75.06023845016404,68.45254516914154,57.41408122158661,51.204318144176945,60.753373858358245,58.04754640443795,49.42324071782836,49.33304345445142,243.8224975102799,39.57035556228824,30.984213808477158,37.41418325193378,29.285276181832756,34.3014910299657
22.377483255165266,40.60657408583116,49.28895340209084,37.64969640436141,57.252455967388315,40.98900760035124,64.64694154835655,62.76294451313353,58.040906356935814,59.63394517293893,73.93353027461512,60.83666832673039,61.26203061992683,65.669244395299,66.68028245352357,77.2771161892024,59.66285982758427,66.53946777732125,59.06357038957904,68.88566124096297,41.91443391060093,58.87518160366924,53.700280160904136,46.37596101173756,48.22009626475266,44.64635792857814,236.4117931800522,28.70709953941455,19.96537826962852,35.27788623649393,36.3176141865338,26.457961335055053
30.18856747236361,37.92798556976351,43.99909624448746,39.63410397926245,60.062128584414715,61.70329655083107,64.60346930313052,74.13669658287058,73.9035382738432,56.980667687018936,78.7324459056679,62.120959732362934,60.79672090759766,74.43882673007133,72.43767614090366,64.11315074634187,68.85527548001323,52.29408398766493,43.67306397530948,58.31493960670726,49.06371901538502,47.78811012536414,34.36659260841504,30.826371634990622,37.62291171538454,36.424565780151525,28.665465206139526,21.650935782027513,30.097190230795853,23.89140584291811,42.0528691009797,26.92619004876201
48.168780872769,39.21803353578041,42.18246859566718,60.13466938890217,59.86241858260237,71.8114971699265,61.35330099758941,66.43457487222241,77.65866983014244,65.4164611663438,73.08549140982163,72.23602092077381,70.84799416085185,75.00100820111874,73.54180061950268,50.71054556455468,61.92547453424297,43.430007150619545,41.9894109803526,43.74102804988236,52.47552046264877,28.593175469451005,24.670878588792036,22.229729398999734,24.779036525683207,24.12718654064453,22.540227756274035,22.823240035892518,43.27044505207027,27.983599419092727,36.615855203531346,30.43837506305231
60.25834627258204,46.70449316201455,57.25674213532894,69.11685726737132,55.78857422238775,63.38438815129624,59.012183947510344,58.29286005666768,69.00071154560884,75.32501811557603,64.35770220511134,77.18239337911105,74.38111969692189,60.31918365062793,64.68483727427535,43.92332448438353,43.57303515246082,38.65629586942701,45.407728898504324,28.534974000371893,39.480586158606314,30.016148122141814,31.88051667408984,30.173125750097384,19.908012440962043,20.116934935776627,21.678837778074005,35.80748858970211,38.64436684429521,46.80039610718789,33.28834660217562,43.981321192114734
59.27519118455256,60.36020057897898,70.81915010793642,63.71146628356393,58.01799458407217,59.52829919972496,60.53265306908397,63.7151024109201,58.70967733427503,77.23466864723558,55.24838799013407,65.76342973065158,66.36879630210635,45.99542346703314,47.223040094563,46.68190186675401,35.361774478284005,39.610575501751434,45.62902699220567,26.364903910244664,21.886213990090706,40.02436778332227,38.82623712702082,38.35307288987819,28.578833185996896,23.92630629732946,27.712924900863932,46.97929347216913,31.70804340758474,51.258157169541164,40.59392602541695,58.64551932417585
55.71552147363001,73.63987915625233,73.7509684083107,60.26160018107959,67.93238958002901,73.73351933643839,68.24887097211602,77.30045856164838,60.23874462603186,67.91973958213887,56.02059746351657,48.75971303434398,50.50924171976987,47.25682191785212,35.21790947565749,50.25556775608727,43.7333760953957,42.33043681445662,36.05820094468902,29.930382079125685,23.76932595951623,34.676905010427575,35.35548656795307,37.12039016897305,39.436825844010414,33.9795189543684,39.88268484570731,52.589245067960036,41.64590101619566,42.795522600316204,56.14231925270676,69.37889896737448
54.9753687063817,75.54702795179733,62.17939097307075,71.06346011604303,77.73737657215955,77.78110608645628,73.78925586430763,73.17008032645293,66.55318513690062,52.89435713441724,57.427814522864544,42.02031279792162,36.57042313624241,52.60577112864414,32.481420436273226,47.24564108236554,44.049193422346015,42.622403250112065,22.11959420794362,35.832630513826714,36.32182671704386,22.78493974857623,29.028412691126125,30.1233860272645,49.047175432821135,47.68356039700997,53.05534406213612,49.01798329491937,60.252832306020636,48.85024333208309,71.86515374004361,69.619535386623
67.7114773986008,72.65106007505192,61.60059900486337,79.01118381417703,78.1390040594738,65.18370441400583,74.52325593672978,55.74914585669021,66.19147376050594,41.1660477544973,57.65602575236614,44.51421432444417,34.60440573096458,46.399492806131875,37.6693918265391,36.803233498179104,27.303160818893687,37.26059700545978,23.091496596428332,42.033447872775504,39.52451783671057,27.984568622722815,26.181981850905995,30.6446258145908,49.03096066381817,58.19288718384163,61.43172829836603,47.69315116533952,65.87454766724824,68.40062306956891,72.00781123576847,65.10680165875245
77.30010181357967,63.35507988936022,70.15800680709583,67.86844164080942,67.14564720524494,51.438997683236295,65.71548085927483,43.62673046236142,51.97252486776388,43.397605355975585,50.72584663591683,46.87799632855043,40.46731838194875,29.578149242068797,41.70455915297223,23.230696658295212,22.444199288827214,31.83421336793395,32.62491699057688,37.25619453994104,32.617177218455545,44.439948153976964,43.916274949666395,44.17530230148868,44.24835954984531,62.563117768084595,62.50261809978952,50.24693278171589,59.40043848144006,74.10391940461938,63.30205586524935,61.35789628944856
76.67824105706161,56.98407347383446,74.77778526967056,55.039051448043,54.32207050282118,56.48041871053526,49.799937910755425,46.52411638471058,35.977207067190236,48.787008511578584,34.223228268759314,41.340205588119154,41.38951919895504,21.532932997931205,38.0776110036896,19.787474022169192,31.545006824979293,24.59376351806406,44.60837005035747,31.755741159536242,30.27671165375089,52.196346542114455,57.10784059072648,59.38690038305392,46.7555384962267,62.36342025728741,59.45890796229647,64.88051742007957,59.39706052189217,64.64069468159941,59.492534634495314,60.06274907483362
64.6141649649366,55.77122777787972,61.758591277281646,54.4129229753277,42.4913714522735,61.675393362294926,37.92643718255591,50.10053114296642,31.8379634607154,44.0122586689596,22.861565691105664,27.29642205889401,34.55697233374886,30.929146192410506,28.876158119013727,28.27509433526518,43.637772167783226,26.419642837447594,44.75000306149281,32.75633487502565,46.3490162983286,42.566990488773854,63.5016625512518,66.08163854753828,55.237684943965476,59.64881573526768,58.616427559372404,73.39256637650128,72.38527718526252,60.37576815303219,65.43321526012713,63.59395106241415
51.24686154082487,61.23370658011167,46.33257557390469,60.19594724314649,41.46572084926752,41.44096830432963,28.915424094034375,41.15948015219655,38.46780009591585,31.664888070209926,22.85044208808569,21.78723457627285,26.558105928291106,40.01295482582588,24.761378942434494,40.27117556217586,37.87292685643197,35.389394191060546,37.69294801057625,41.42275927195827,62.81034047522203,49.982932607137876,54.16699224907745,60.02401385190735,69.88369394927048,56.90569948640295,60.43151246273137,79.53370674168086,79.66512535813315,74.4867899914357,71.52637302310436,69.12909999308317
49.39986205797316,60.920310552879634,43.826759590382046,49.36665375567143,44.36304457504945,27.267934639136936,31.03597759239995,23.353671151146237,42.66584968386284,22.561966078069297,27.878858786550886,29.46749707115729,22.511217038950015,40.05526483308811,26.957094722696507,48.49073743173387,34.81964750516364,48.778316200238685,43.162007150300276,56.30692056368614,61.67364549525644,68.91449026192446,56.41509889203312,57.85402930365893,79.18900400054848,61.40104879846697,65.60790664305677,72.65799859761745,66.78657952894046,75.68145795813939,72.75666387917413,68.19168141403671
55.34524643871893,53.798394754465875,48.088740108600405,31.07368555534134,45.42808885395258,32.085917426534195,34.86158510976554,21.0942260110524,33.48039661141373,20.624904536318883,37.36768830809094,42.75928556071668,29.687734748581466,30.797480944827303,39.20858732456648,53.171824376481446,45.688535230787,61.622925728047505,57.8624262438243,69.75830471302703,57.41244565773086,75.68427618953702,67.65998959789678,63.50072469700134,74.66192085056785,68.05137133148227,71.32977062388035,62.213916625246256,53.080490547251856,57.65888452166754,59.38830606901837,60.52571056097286
53.24060614688917,39.18399855504345,45.529277907292986,27.187806592240445,40.08808964317923,41.696547076878296,38.5378185923663,32.80967342926226,23.891580509233126,33.11412949724746,46.27920600194765,46.552482895499985,45.4087068687894,35.55597629237551,54.48446337598503,50.88928976764161,64.27683391551248,69.37068195551713,70.60207433909491,76.43144444849115,61.1206974992181,63.84048201431719,79.75852280456533,77.40871211882583,64.51084046457046,73.68000060570408,74.96470126495124,54.320248123162756,56.50115706633062,43.31408357948851,43.105557701805274,51.068542880903394
43.04058479711582,28.669468521735958,28.8110774771876,38.1365822910265,27.360806622490365,32.38996770122379,39.41246850736333,42.42833457725605,24.80914994005744,46.01248736136807,41.29491455672105,38.9342557502646,55.995729529628086,50.31750589114549,64.71688969485962,48.44051737925904,65.54771608378806,72.2577865758962,73.93123532273866,69.94497143776374,76.90661589967257,61.11060319696502,77.43373611022105,78.24718844304896,57.42825494190147,72.52704127328042,69.4796368825285,51.593488168993794,62.638823237593435,50.1390979148392,36.96842147017889,35.05825294552122
25.97994464276624,23.626882050633498,19.38881179318711,39.543485108067465,22.997040807635173,22.956325934235505,32.00498577544621,37.06916267295843,38.38901344998496,48.637849331821066,39.42154452779852,40.32551614997728,56.61455405544202,67.32372215319093,65.21983582313946,52.8314732343672,58.93918257374328,66.810688594946,65.57119476277687,64.8506613093508,78.34531012745258,72.03902078682472,62.02702729305494,65.68672145583245,53.80689782153906,65.12836834799432,57.03407568116404,57.096094328452665,49.88132602293614,55.550889158209195,41.23973575992601,26.59991389567964
21.97786567513284,26.114673690108166,29.102764802851382,26.451983914983163,21.977309357947295,34.20190101571987,28.9480552944294,31.900608257796303,52.905213561898385,46.09445277316586,41.65566334966109,52.251675389905145,52.7505335274957,64.2926143160567,59.286547170010124,67.28188301570707,63.663060832803325,63.985863356436234,59.375319267438755,60.156946409549995,64.33285331868484,74.11521396041773,51.7879419006163,50.311378377825385,57.54516180318299,53.44997376212143,45.14868718173182,52.89172085495834,32.20238659832123,38.5000779309605,43.53980482305436,25.378474189949376
30.23972341989908,32.903618109384794,40.80701193877579,23.324229087935304,35.13206216230061,48.557390637290375,32.17348469610561,41.2856318217833,55.48438210795752,43.61446122635794,49.72507824590285,69.62400537768593,53.991182975560264,59.061191457186666,58.70365398940246,76.96472312198189,76.37117129350993,59.576886410808484,64.10732889869702,61.974967164196,54.81946040174314,57.96955242595928,55.85239500870036,44.802673038013175,59.54015409962409,41.90479213956356,33.189923326243246,44.99334132045881,29.348059853161264,23.19955428276002,37.63947802301458,32.93244275290614
37.04034004287384,41.30102805426544,41.99749753078145,42.62808517222291,49.52935487544431,46.14672800805198,41.74043032909513,59.58153561380527,50.40814105150771,54.64998096935303,66.95617866067126,74.62964030041339,63.8362704794387,62.59789840139658,66.0643928984787,78.44774029387213,74.88746343706131,59.65455178694432,73.38657284802234,67.05350008466014,60.485260241852075,46.394751594751746,60.573467794430314,49.55506176584121,51.33524408407062,29.468238054235,28.09457459136439,31.91520869229332,39.98782147468222,28.683468026022908,25.926549506663953,38.15101448401867
41.308244119409224,45.442557825982846,32.40099322683862,52.98563814162029,56.74775841136175,39.37056524375174,55.4286872030423,67.95990106074684,54.00880237476266,68.31896123027596,77.37505557106691,68.5375222541079,75.73096977316064,76.147968456507,72.30877892821724,70.15471745312695,61.483900066489454,63.61084251071702,71.21744186765893,66.66122569374689,63.32510739929331,51.045715235402604,52.182909960084714,50.996760085550605,37.618202822977075,28.76236159488719,28.75348531683628,22.30425652328428,38.21576204466418,38.7080185877041,21.254251188891445,38.565407897312745
37.166315384142315,41.81146788695928,35.98386688802773,47.921060695969786,55.12468827675186,56.40015738791756,67.12145844393706,61.77869233473452,65.16324063782831,78.79496102584893,76.65664726602756,60.41202436137212,79.2215374211097,77.32669316412307,77.49101378965352,57.80784294082942,52.85075756825697,66.3873315777717,52.51840565158595,59.73456417643482,49.94865341358208,54.44725685418468,35.69452430089003,39.739053408164914,24.76696368253916,32.5703053977052,34.98788917858346,20.433934224108746,24.496596593489606,32.47939678631927,29.786592047350915,38.63089194066198
33.957219753806434,40.85915597341755,55.23257722680876,46.95931944438996,52.06214661477039,72.43225728668523,74.0623455937597,56.48697611814422,79.08611642878763,75.93932963061002,68.66692580037181,62.47496241489107,70.41363664780575,66.69217595126281,69.51461406491167,49.87063904495596,60.01971820692335,62.37719422779555,40.17904702073021,44.54316187802758,32.01862616206261,37.63229264269391,25.17466610203173,24.48636903001306,22.731088756839085,36.7196055695005,41.847051203707125,29.565435855889152,22.540931968398656,26.354480930061452,42.912715192258624,35.5065390782505
44.00759940399243,44.74526315681668,68.42398788487398,60.26920735609415,54.714458861627435,69.30250485060225,73.27956774694462,67.38691439533376,77.03069904339728,63.89323284884949,58.79244652333467,74.19833309489857,56.421162847063506,53.54363293984604,55.51456911601976,48.694880534207606,60.67742955854147,53.88583692327109,36.313986582890614,28.851706330744022,29.820274219679863,24.03194581976261,28.432359687797096,21.594954647573278,29.394971261682198,39.685845234929566,38.30379329810974,42.06457608838714,37.3932767340924,33.26873778091361,51.05985261391189,36.24352760564842
59.953149448813505,55.86325851821202,64.95184942560621,75.65294316144896,63.60649891354483,61.19627862980899,66.62211055624105,80.10229883941929,65.17294263397689,55.41489068815685,57.65321552695949,70.97861432968037,50.81681874683627,51.24472987045067,41.5637159557308,52.48528349632412,41.81104564023394,37.41657107738851,43.260771168995745,25.210100264448965,38.22218889185761,28.84989781653711,39.01984296430715,31.03197202273119,39.72093268531626,40.47098240129368,36.20643013459905,45.76619147140342,51.43704659308001,53.91768203727211,50.642367430038185,43.93880276631019
71.83917014383105,68.17952900496147,55.66504739342443,69.68240715276947,76.55546216339916,65.25243788344994,59.91754398670042,75.57148171395662,54.85145476175417,59.92260470520625,59.77303022238843,58.695984447673666,52.13999072342123,57.12078732232619,36.712218733812485,49.849194920086894,29.739753935083137,27.062982951202315,43.32645903039572,29.217085487953064,38.44917872597424,39.69712257058789,37.900334379901416,40.82141423955234,43.84028868164343,36.986354630968165,33.54148217153424,44.28137284650987,46.969549363787046,56.15780609434703,48.77432148071867,56.68296191359324
69.94662018237263,77.52335273416185,63.56817825223976,58.68405161842396,80.59144457863636,78.31316315053277,59.653437547495294,61.424885858032624,57.384437974571696,64.76372120637582,61.5397612540484,41.512730406749924,53.28797852131049,51.87392430040605,40.60534403434651,42.84410846272411,34.01585686289306,20.98844373861131,31.40061711916091,35.766612101385626,26.34336730938005,31.504368472901152,28.51706678553631,43.75673515637656,38.52743888915056,33.87283153500014,35.72154563656031,42.0206416062372,40.564535867637176,49.5808918362505,50.58624034916177,69.68175692712244
63.447789797652234,77.17639800328989,79.92807298021549,66.46938163359762,74.40535308802252,69.87230788435177,61.69913804889326,48.70151701776471,64.10686845900621,62.686727740045136,56.421592639727756,38.84080192090553,50.50610082552929,34.43737716400045,45.25136179956647,26.548780111848064,39.45197146995447,24.283294881957595,20.770403979389744,40.87661175985996,22.909070790084343,24.282910895123432,27.816010461009867,33.78451596421205,36.716506567693834,36.99122910525106,42.369282908788065,45.25115088054239,59.8254611480918,56.089361762154006,66.41889803124931,77.14296122806684
60.736424079408074,69.32118975123743,76.28309410258245,78.33510781346084,59.53142021005864,52.88223142944581,63.253686603263915,53.35762818283607,58.938673370448576,48.478740121867745,43.034972903456705,44.40250249804318,37.01772961377126,24.132073227728675,41.189359955516274,20.467094999175046,30.90247496001819,34.37841822091964,24.942011401627706,38.631099326032285,36.89313862924234,35.83677783176901,38.96383600083878,36.22309492884847,40.64393612656142,47.28176920601843,57.13469292885747,57.96770810956691,73.38771020024049,74.19212585104682,78.99607809602081,74.17587236249327
68.1986369594927,59.68648072945124,59.34187153354082,65.25187694259287,49.23426401932333,50.4648304922122,61.285325910695,58.34175669385131,43.76267522790925,32.39619449576628,31.14766771510961,44.67569443083738,23.206667142751503,26.73152436894157,30.459829235056155,23.43144655733448,21.46317945217836,39.998302240757546,40.43665147409818,33.238652802638796,50.6509244193792,53.77511227262669,56.30288731020707,49.58375444556706,55.12386100770262,60.82354201021556,68.04962676849468,70.07247220728709,73.1739948533514,77.51132228920818,77.06998964519597,66.02020099683703
74.32342381051821,54.122962357626754,51.465436914518065,48.50718579281096,45.610108303077894,56.32126990227666,50.66728104317178,45.989697578549155,28.777936660531967,27.960881616452408,21.562737617366405,34.28665315710521,20.129679276057953,38.29814575616783,21.405080670195858,31.873190311296142,31.527644862136302,46.6734205733484,49.84899750300531,32.07748129326584,49.34724208569279,55.20516978005943,62.63256262060888,65.8970921670575,69.30082907189312,71.60166653829238,77.14815723902663,78.03807868485289,60.450122272356396,64.76607130120088,65.94139601959068,59.59445763657843
69.52996404957155,54.721703711004935,53.02519403306259,45.271760115069796,47.60332254890138,48.59577836888967,38.267285104966525,29.862244244682245,27.554096044738444,29.22281174739434,26.614563708841093,22.25396367157647,30.64741988952248,36.476122126441,21.74589290778324,44.88186798208404,49.06431649740567,46.91091200886435,48.23249882564793,39.42090970937697,43.47266528132459,48.166709968737706,58.50420638422819,71.31590706807285,75.75670648440675,78.08724160295311,75.83681375022843,76.3833528083615,61.04738838435857,60.620568375807196,57.748118633174535,55.36233866291168
54.05128115464816,55.742288583457295,58.370831911243535,52.01715534793444,50.43117669796685,30.45439348925284,27.627261481924382,24.666417345848537,38.53771671394889,39.1915666309046,34.93496071699731,20.503470745512328,41.164931895230744,28.51386574154545,35.63062296602951,50.19132623804473,46.532303903424385,44.784250201516,43.832035636612694,55.710318173508185,53.76489791142825,59.066519148105684,55.402105679472456,65.52222314497214,72.0857799888035,77.2525135473531,68.78623101078396,66.5070978966879,73.64583852217949,70.38195703544476,57.73744336816031,56.98677533539819
40.7242630807942,57.32525383664879,45.863723252448764,46.190772731264595,43.76085603464077,27.378554371358256,22.547317397430586,33.625762742809776,39.696157408192505,38.54352143773709,41.40379467374844,35.946931189617,42.83935353650064,29.895522439438036,47.93528099854401,43.792737543514086,42.36974109662447,45.568049664282036,51.34296194638146,66.41623184914711,71.1096230165141,73.80834286773597,65.97989736762429,59.551748997597436,64.46607097717762,68.84076284247568,61.875819373942896,58.31140435847966,73.22741589963273,69.15524232560773,63.45707246254315,58.29683217792625
37.067617463239806,47.757730315389814,29.34092818248816,26.948803893583925,33.07277883874683,39.36083734497846,27.094054874627325,39.760197920736644,33.74642649994741,31.865758036148037,42.229492289656186,46.44507815286674,38.13193870058763,45.17184531063686,58.0221879928819,44.5128919709052,49.010721718468695,49.10603567424273,64.33814044294779,74.71463217574689,76.0732067027264,74.54610897928545,77.71896541704648,64.2146527980607,59.42861206352039,59.586481991285844,55.00262865641728,55.58535562077608,56.09277244195123,51.213281154489415,63.596329893262464,56.19650389764722
42.94862831133551,35.17159273866843,25.126982872967712,23.012326604354918,20.999576137940142,35.42908800741666,34.189880362535355,30.902570366745387,24.778140629481836,27.05497482639136,35.9493835324355,47.705768071802524,37.41741089690321,60.520473181828216,60.387895087760626,45.89539790462045,69.93787531558979,61.93780899989369,76.15967308495286,71.72976985252649,66.31089005210076,62.718583701923095,77.52201840696996,72.86999852592616,63.044410860219116,52.85638716408022,54.610358248649554,58.74186274481282,43.67734585292366,37.37090939303873,48.86234144683906,47.76267353562884
45.89079691881442,23.140039200452772,36.36838772955235,33.847688467437,22.63327270297082,23.784296315308083,43.820940968208916,24.63608562358936,31.15809085343235,32.911195456746704,36.31715013287782,41.22842470525121,45.383439751536024,62.003816851890726,53.77148025574019,60.40164189670304,73.18204104655314,73.45064884194403,74.04576283560698,64.47354117624747,59.46088701431364,64.17163506863741,64.10029768992123,72.70349878817613,67.40522942039132,51.2449346732929,56.43863208147713,60.4991439110707,46.90666886488673,45.46530061741405,31.268131338313857,36.34327833017189
35.73324238080694,18.03806509980073,38.35392667651697,37.808042363026345,29.08023090131513,26.73951627442998,45.350132712414634,36.03136983409383,47.80187286152837,50.05177776429418,43.958353024871094,45.02763882252054,60.93148628337606,53.35043335436198,56.71458435201246,73.6255628523841,62.3131693858934,79.00359695878203,62.53031871459672,57.43129172836674,69.6017754173414,71.75429685583798,53.2862765685818,60.505378490869944,67.71027567891197,56.105448022741555,57.755814238965314,52.74961550638177,48.415584677310555,47.17742986766922,25.459258114739885,25.95465301296572
22.901859062319904,27.293759422127337,29.926749878083996,31.568922847836312,42.958480975156526,46.62217792671226,45.459964718383624,54.045900397853025,60.192792280094054,64.87586078667238,58.537156311600974,63.15031851725024,73.71456437339317,57.65184411391769,62.27069242078669,77.10660292888318,60.78421562696181,81.36048089484288,59.09427331026884,60.39398496872725,74.16179073145977,67.6514025687537,53.91705289316031,44.60955074159821,55.12182629450469,53.77440813508786,50.984244340619654,38.841300898786066,37.08342891557314,33.92189386217368,30.85254732052338,21.847560608864814
22.675066489911128,38.06523828353706,23.89986750809764,28.8133460074512,51.569283782857354,51.97494069065241,42.02615549284944,61.268784493127306,57.92594885166856,67.15690258763544,74.10031712512811,76.29381697623428,73.57112641058484,71.26498305166584,72.20702661321005,76.76159022300239,71.82071654476914,70.9563329214888,64.45446641534747,63.15991888400754,63.311792472503384,49.58642951612062,60.72145454625596,39.94678044259132,38.663006053432525,51.504248087889415,43.454305259022505,24.32598010794291,21.983727737933613,21.163040214118737,39.95224226313802,24.174528109276103
32.293258389666526,46.00571789717762,36.786104245166385,44.44394694477667,50.383332518015564,44.955724277239874,45.37841111747727,53.672031037762245,54.72759388583619,61.516521649350125,74.47217150738402,74.94505877233344,66.13846334304456,79.32484104144402,78.92374797650342,64.04185152319937,75.63998365814116,60.10154167209755,68.79015573650958,67.1378814758566,43.67768911595097,41.413156280211695,53.3568845078364,44.93431608503897,28.12173567945599,42.97123253034188,30.736227958799866,22.815495590980962,25.19680216357341,27.924719537954427,38.60791417826761,32.739184169761465
44.78282610686638,49.07006719192567,53.340550110451005,59.433476389033274,48.664975345844056,50.22475945642482,55.219945654585786,53.23617230126622,58.26160896121556,57.27475448946127,71.8767551570912,64.95296277265284,60.428439916509774,71.83532813518002,73.64160330063899,53.93150091948983,58.54245369137644,50.49546580605421,62.32827226027265,58.93404529614221,42.2155674303696,48.24946255279636,35.36118332317826,45.89844567008207,29.489358990286288,30.086930587075273,21.57827786487095,28.091175828170496,39.77189903261912,40.95969309971464,30.939261958144414,43.21582128895736
51.04967895420442,47.39216156671815,58.36580327907962,56.90915246112129,47.85489579913362,69.09982022438336,66.23477755735328,64.42742910580867,70.03908662514347,64.61529915776005,63.01464899511156,59.1880564329508,61.336314697544665,56.12437281792393,61.77312128256981,54.5621710762089,47.07983526507536,42.782892147602475,44.027464946927985,45.84191684874482,48.350748631926294,44.31244818387623,27.560689419861955,355.63070488404765,34.776300449443,22.34486443387204,19.284431518002005,38.47354718721878,36.60653935316161,36.264217288303854,26.026737849606917,48.73684799707105
46.3912886742353,44.01035848550824,52.093032757358856,51.41608192129116,59.79241333127212,75.06958952601994,76.99832214211726,79.91331568325104,79.94648194030589,76.41453862967289,58.34449855372755,65.59107181130933,66.53363591135557,53.52623936526696,47.866261604156136,54.5434805531474,51.18643084227092,41.322507277341806,32.486313284799046,31.749636103852396,42.341895251630966,27.200356392476372,27.346333120769046,341.77801600742174,38.16794191022634,20.65115422778798,27.446834712559287,40.39314194725582,29.306071382887204,28.76507593742291,36.309485201433866,49.135873624069426
46.14801418771955,49.75241166936433,53.90753045118986,64.49572418132763,71.37675638387746,62.74198026431304,80.87565331418872,75.44090643317006,73.6161204346032,77.0688244380463,63.575458981973924,70.40052976838064,68.58008064377835,58.45463383083462,41.23036634760485,55.8225293978128,55.49929944218794,42.991040304121945,33.558542027607,24.661578330888826,26.92084293947212,20.272560334256326,38.906105118634954,341.97556922820627,37.13845375356814,25.360151248569878,37.04024417408457,41.536071233978866,31.68183392274445,41.768745147333874,55.78730369663382,48.612693172482125
55.47566546827685,62.11358259087243,69.78715222003363,78.02177334326936,78.89941115755657,61.46570863445723,73.64275132580244,60.9060593247484,60.48588953672639,67.68312447426194,64.59184514017066,65.5710468620089,57.41738621481538,58.54427771184716,44.95166998283057,47.40943727340578,39.97850631070952,46.87040742444612,39.58354231752772,26.649084273367908,21.64316944904304,34.377851243544896,40.5860700153612,350.9854367952551,31.476366350314542,36.915755538763754,49.122700132054035,36.780651199963565,52.18021809879921,62.30524490912422,64.44260905823506,49.780392851992914
72.30902141852225,72.25010256565699,77.98021308838753,75.05706579272466,76.74797426543914,73.20012735234725,61.74968355460141,55.5992345353788,52.28568009158037,51.90375174886564,64.13657089666455,47.161081704945765,42.22846226072375,41.85184988878481,46.44537835472588,37.86474893450433,24.610927179570886,40.17666915294685,41.32041220439714,33.95538993621978,31.3271446887685,41.37123249995835,31.837596414304567,363.85210961628445,30.023378943671574,50.10842299411513,56.57630346791889,40.71693836550448,63.20897149531365,62.98003877943885,65.402959149683,55.47019252110418
79.34247771519561,80.10460715383957,71.1430037972185,60.66218701636089,66.99926407107834,74.19318739011271,55.59051035351095,60.93950423142768,54.48417556062923,41.98631076919799,52.45164857934194,34.151983348523125,31.241281095664075,28.0024023500028,44.25980161655042,24.397259139024715,29.14703702404251,32.82548964281293,28.563266013813415,40.92106907463924,39.95782668967051,29.69320002401685,26.880180135391765,365.3142752512957,36.900958274348426,56.9608164193434,56.344308423596495,50.39506906462924,55.896734705724825,54.01683537946848,58.49548314110205,67.05978394406709
73.62536930537617,75.17892547741022,59.07904413431109,61.52864060851444,54.45151775704424,56.32694592136165,48.67548695630834,65.36758769270894,59.586594538212324,40.24935866317006,38.6421133222391,35.32723941174952,29.663331322075543,27.545677300751503,32.304392920680094,21.910848727926403,38.482545122058376,24.40926859382593,22.254261093643276,41.17789374871382,37.71259554851366,29.55894828182756,38.38364009867124,40.52837043863081,52.67476894406861,60.96206458383554,54.96178290992988,65.08131801201849,55.96105504624801,61.81481872391378,57.4475042887384,76.00284090295129
63.047543393083636,66.49417770427927,62.39054440032728,69.1075209408117,49.8316615693082,45.33858792514998,50.13109580098768,49.88507101196295,51.78027815409779,47.675364975524815,26.04557499848721,41.21001509666551,38.65130210365374,38.03083454918614,22.4826643619161,28.70705140214413,34.467960017837704,23.84461919616865,29.451108501181338,35.772230640462766,30.47099141032763,47.75506850852102,54.39213653179346,42.46069569727843,66.28524618586654,57.01979787114378,52.84331789173982,75.06520667165591,70.06889396838314,78.47503402195083,68.2387507798963,78.11120877091368
54.4773351448072,54.867980166125015,66.3977343343188,63.881315845626276,52.56030466853337,51.090223448141906,52.905103521094816,31.667420185022973,36.08620774206556,43.9987102045521,26.431166574801622,40.369046873144576,39.06682649020088,38.453880459712146,20.942235930066026,39.60535600572853,25.863151853324375,27.040913426572807,44.585584754274684,34.87525533638426,41.93533579230086,60.61400505499032,65.50088220872125,55.86900191937086,68.9657211763244,57.953880524593124,58.898159057554324,76.28329603034351,79.94622069256899,75.68680806618048,77.40797080495437,75.7785592446735
60.91478270087694,47.49294928985867,64.54237720755802,43.106756400942224,53.807348184236865,51.76262875636087,48.940134003756796,27.20315563912634,23.893369006883766,31.88179252770467,32.4139210140748,28.093467344873417,35.47735930745732,30.16987947495606,29.020643726800266,45.173296248642046,30.281597208974873,38.79315334847576,54.9986087196386,41.20680081252987,62.31347301178421,53.99940766738947,57.974086261244516,71.27939961934565,64.99134798409565,58.0720464071977,65.43146900255547,67.16413831838761,72.50000659705603,63.43933528374418,73.55349685551339,60.01744673999918
65.54940396306026,50.77016495370267,45.9068038091776,36.08162055874579,52.11148589546583,34.57129160784838,40.4550935891778,37.6964194290023,25.431382952533795,22.871377926109204,38.83126238778905,21.452309249400567,25.667519330787286,24.79214867847461,42.95647110937925,44.24768799000092,53.17719637810168,53.283447019909936,52.09613155306688,53.80275300530804,67.51276176460935,52.799581454510125,55.08161726369867,75.52190655198909,59.663418104465656,67.02612293704536,74.6617315606175,59.92861709256988,59.487163918341146,58.49180526354626,64.23099469564893,49.04358830044334
56.73561321107264,51.24556124292821,32.73599678987629,43.56736417409372,37.60134335344439,22.464040211151968,30.510605114120523,39.368291661888,34.41899859716532,20.327947380282453,40.250966204602754,29.178626860207743,24.832824871371336,34.618444979400294,53.02430185558552,40.618690056220075,59.318216297797875,62.62020929948004,50.55771715778236,68.46517419158742,60.65100934235831,66.84631581688001,63.93469276785625,66.82703458067762,62.941273839612315,73.10457400469608,79.9268146179658,57.7175161922332,60.08902329125135,67.76435009940865,48.87013079049511,46.42635081587398
43.18410661153831,49.4111841345897,38.12814539797863,42.02504991865553,26.209953874594767,33.401231884034345,19.940785979663257,28.101721547080558,40.75326987287094,32.04193238930836,34.64098839230854,42.90490173015894,37.00303786575756,52.048578381802514,52.60884203527328,41.74215955453598,52.947129330182165,67.90236299710729,54.80059888575314,75.86077840544434,57.88550330681956,79.08945993854628,76.75738698483109,60.39872822946096,70.50838592334193,76.92700641590737,73.03207880772881,64.62731593472162,67.73967917432559,64.96861551076329,44.18002644360653,44.445512021391586
28.891527114312307,41.94793608131606,42.94030672090102,29.382141812415263,20.580640702007425,41.64099194293501,20.628393608933198,23.189416490192738,34.013859972988094,46.71009167884704,30.253708036580164,52.53203958433849,54.37611050146992,57.79024021260236,50.494263561952216,52.72577046989609,52.92139208789277,67.89377631831462,70.29266195398803,73.29964096452649,71.45119760115112,70.2098013234356,77.82852255907623,65.0924192734811,75.8664122470772,72.5340001067767,63.482049383037186,66.70245424081897,59.296562237430635,44.707597434518824,47.75572046520122,45.565473932183664
27.138625788003157,30.920524731587943,35.63205292584516,21.8638082583601,25.07942526398284,30.24070445884159,28.905221826580973,31.880383124282318,28.29724152152805,48.435842750094245,38.79654679858296,50.33592940451073,62.27411859510346,50.842937579578496,47.2494633448592,67.58348183003342,70.42357855513924,62.80012218674631,80.07680037845839,65.71181797217193,78.70831277641888,58.93435374221648,67.25691766165947,69.9376344070026,70.14362356892384,63.26515586766056,49.90170555761427,61.085219460483614,38.66584831306845,35.80271627345351,49.841536642534315,46.943739421319904
36.101502777462144,20.143914998933496,22.361329483722308,35.01668036697562,37.39712977547076,26.084018636420137,40.76529444992287,48.073657458405286,35.49559053647373,44.79692036936367,48.804373471561966,45.86685262466021,60.83663163721456,49.80160970940396,58.67451102150174,77.33869165398501,78.16588903563789,60.110321908888864,73.74842961100045,59.971004372261085,68.69549144184913,64.40888455165428,54.14582849299966,69.75999119305723,58.28998922526696,50.601645772040044,39.60945319446981,45.014464613096706,31.177910694561113,40.97288880255623,40.81227902605937,41.11030049438452
42.26362021515589,21.446225950527182,24.837536881131257,42.034647916723316,46.63380360898257,40.67401798979509,50.35795104398437,55.331935076773384,55.154198389023506,44.74847816849826,62.21392138831125,54.56914691780446,57.96932672694234,68.15961795487195,70.56601823114651,75.34384862889594,69.0303258621608,61.840103348983654,61.50656218602571,59.60005221789766,53.746520336217756,73.22964192310961,52.95023717581689,54.81774526432041,42.084367860767394,36.830251557959954,33.21401644790094,32.66011041868173,42.630934317118424,42.653653395000674,26.778111854781564,29.38821048873756
34.96635963760234,30.867093567712697,40.20746783769196,37.04692662969299,46.62251615158331,55.68021809544974,58.50925402910584,48.905649117902584,65.86133482674117,53.64260355895268,72.03683380597438,70.51508264376156,57.911685587411135,79.6746318823919,78.37201205746783,66.80007326574764,57.84641529374767,65.7983858528137,57.2463051084109,65.26766633796498,52.99398510948153,58.363930715915885,57.773459146814716,39.35952794885522,35.02786880660374,30.585389561469086,36.5849422594768,24.682046435092865,41.97287814512319,29.561643848996265,21.18045285232141,22.25837615510474
27.234133329181283,43.514392366876805,48.65039399923356,31.786557941843856,44.624452958056914,49.29676359398422,56.324047965120805,47.71481997343745,64.91562129194176,65.89168768748664,70.11525764653373,79.81167328038853,68.89858334494703,75.34203877525934,77.76426474610884,335.57081411149625,63.58177733701458,71.80201590059707,59.4390230890058,65.99526029597298,62.33821559562507,41.293042585631284,55.61218028964874,34.91890680526934,36.35328535727664,31.19430001286416,39.34393393123858,28.6849315787953,28.02211222618891,21.04017443905374,28.524273447660157,22.77765612331786
28.306380076310063,51.7986626796834,43.78570847157517,47.4395272394542,44.43341647246159,46.288052122737696,55.42805569001243,61.936696393802706,59.96269286921787,78.38648987424294,65.24636603985523,72.05515720433783,79.51819355941488,60.9514215319199,67.63646359824035,331.3367749876351,70.91353892408176,67.51196071916385,66.16932340788566,59.15476902726452,52.22557267466712,39.62787063356691,38.331475387070995,40.18720101320581,41.57028154866932,37.350336304798034,41.630393871854096,35.95097454753121,21.53507849599394,31.674946050859774,42.07278025865741,28.863386420615303
41.93508731605589,53.202614505195825,41.54499412769336,64.32232339945027,52.630934173981984,59.77431169962427,54.948822025477384,77.81618579704609,58.485687740176054,76.6207568724187,60.284160391832934,60.20317396059665,76.88964514211347,57.57286394350805,53.8618811205419,335.4315767603715,56.686367998689775,60.209984897459954,54.30159751777478,47.07896498741291,36.97863366294124,46.55400410975308,26.66685676502178,42.50980514064275,40.49688120023338,40.30494855217011,35.63000001667372,40.74384003348988,30.86822619281502,44.681166639253156,45.558664700870786,43.085817823671924
59.449925906217814,50.374699269618986,52.94673846512506,65.12057075819678,65.20424196995937,77.81382203539347,60.96069504522983,75.1824203214153,71.36733320909042,63.378970037462295,62.69944943535082,58.00987531353812,62.504134687137146,63.18643560728754,47.75272861639218,336.33325077458284,41.905184471245306,46.92909302775123,36.539023545196216,35.52905564967681,27.851539998064997,38.26995594673999,26.234207903056152,33.68512730363107,31.27856944320517,40.94591186121422,31.862941977057893,39.08079684705072,46.272259094234364,39.99051569395353,42.64141673726959,56.52181731214393
63.51440462464721,50.61147159144842,71.10251824823666,55.975512627193694,75.80070103280808,71.29127894498947,71.51849822677893,62.95759983045207,78.68683597728008,58.25760225944149,67.87660746297131,63.736709451241275,50.756533203697586,65.63162523885103,50.503514245856294,331.03538208136985,41.83980334913008,34.58642794974974,27.20867122434499,24.08693977140556,34.84522547832404,20.989710247652667,37.559933774489714,22.09842259411969,23.46129680998663,36.284520567729345,27.75731985257006,31.886124992562582,44.063716570930815,34.05442036353225,40.14684604220893,59.13880601319993
60.006607051338555,54.91831489108964,75.638269477374,65.45479179165484,77.6961062966269,59.46491297500393,77.58467590309634,58.76030621950132,72.64425969188285,59.5126316487868,69.7600772903661,67.41402870349962,43.65587383089384,50.683278302260504,51.5937246393179,43.2365134392022,45.686925337534795,26.426483374881506,32.658242268245274,25.01669366779268,39.120476021303006,24.678997863823373,39.81670782426157,22.698865660647158,23.970263650551423,32.12810476490923,27.57328647602353,32.47953834023025,38.28108474556724,47.61095428467135,45.66215044284189,61.027182084375994
56.0011374691207,63.77223723902493,63.9052631500737,79.16931272692186,70.40615682542443,67.3766158594729,75.49900019672317,68.27258993774394,53.83350616316608,63.5440226840661,62.029544668662126,54.204767096670246,49.255779092372215,35.83101283284537,48.50386861160951,29.5380951790039,40.601622303868155,24.52203373749609,36.78526135233896,31.580721367436198,29.895017059945694,37.194527388850936,32.702233298600625,34.709919957733526,35.31637377579489,32.573841025655625,37.93360774912836,42.612296161759176,47.42073439653411,65.05668385830423,61.473336841223464,58.57027505205733
63.267186043478304,77.18328659480999,60.40766020875911,77.40812016402175,60.31735429102803,74.84717143166938,68.70432627626894,68.99848561506094,48.60299596196754,63.546485044825154,47.44362288556975,40.16311744776034,49.330816523954404,29.128823823036583,39.02391024868169,21.97676671531378,24.136566349261507,30.262108129401902,38.258501807932284,41.59218159656344,22.061284579389017,39.90326562708317,28.657658805148614,49.171796198696526,48.594783154999185,39.81577097821142,50.74457641817603,58.66274696269327,65.79717077155628,67.54777737601205,75.3082347207312,55.78099907406013
74.86104099634893,80.47397732226179,69.62769848029296,57.577892896965324,52.56218265713468,63.254177802480264,52.965295700991646,55.59926268389804,49.60492798811037,50.82631689167624,34.432550236313055,30.91508222435737,46.573400465690405,39.78901478112667,25.291044369625055,27.25637788139154,21.4467913637758,37.76274091856305,29.834916901532118,42.397039042394304,31.997831537522632,31.72369594811845,38.77725917436495,53.48060605044561,59.74119068894037,50.693589193563675,64.82617229108091,69.85959741416154,70.64752319050093,57.36431820365348,75.93020477854141,61.449694484445516
80.04992832968357,70.4686989624922,76.0039921212955,56.48149126619855,56.655532012354236,46.770555796862105,40.16043245428744,39.975932939638426,52.856425953522255,33.66503772600786,28.426839194905796,34.600856070222626,31.732098470475012,40.38984022185875,18.228567180599143,35.27920086535335,37.04434133248427,40.27736095640101,24.935832041081827,37.72548879269212,48.96832686206871,38.533451437976694,55.91231481944899,47.488210276513755,59.67759223622445,65.90821158893043,73.42630002401589,73.88316835357168,61.22078851083694,60.945496032209796,67.16656296562158,70.80605943309625
69.43703380137099,59.24401370447648,61.29714853632738,64.40763234652356,60.00771524824205,45.09211614413215,38.19933808195043,34.80114924380781,45.121282240661586,25.18739786316932,32.1779133760438,41.57790269626174,19.89418755265936,29.302568208197002,24.0668129675822,43.65829971218159,41.459777303959164,41.7308837233872,35.00287290496946,34.608529932204,53.048569061883924,58.735603128477145,65.06707452527137,49.371999461027876,55.94322159129917,74.67283010100202,72.98645997538057,66.97745756131722,60.94126947324588,78.76044439606396,59.25741098652207,74.96455206187872
54.62144868182983,49.51649048122595,45.41683166324014,58.06327006438158,56.485475464430934,53.119507903706236,37.539400348698535,41.02049090045455,29.320282886556182,28.700882371636276,38.54675563023091,34.6729638887683,23.15354277593368,21.68766858976688,37.88951015702973,41.913746632177066,34.111467004664384,40.639741790809005,50.96765224522735,39.73382252772936,48.68712955039397,64.59815311244915,61.160954000980546,62.79070367498048,57.235125068790026,74.42897538104516,67.64260973763898,63.02067327275276,71.76919487168499,75.1538769117434,63.05343703302683,73.10825447817362
45.73650519614908,46.053090196448125,41.90982825305236,40.660740706219315,46.4928488912905,40.33160869397992,40.67205268459865,40.6153594820611,22.04049920390031,37.801443532741665,40.63279739630588,28.17736296475762,35.768954664006976,30.227957680523257,47.836498302675516,34.77459254854834,33.435487521575666,39.65900514813467,60.45601479207093,51.28649277934376,51.64272120821583,56.84382944780169,55.257378346216534,75.52211746499272,66.34302098404147,73.23927463473858,60.43761569079856,61.20692521382496,76.2919498364971,56.27737022249451,69.43038690878124,66.33925439201957
48.56280507938735,45.298505456587435,49.35866347751885,30.126261352949307,31.150022122272368,24.04102775616312,39.75673478590738,29.573310828225832,25.83873741699936,40.14479863968135,35.195261302095766,22.941382563336408,46.43311742310615,47.48997787373749,46.94124946412727,37.55683867880865,53.02787759554227,42.724081482757676,57.954355859282394,66.7437992305392,66.40368338918945,59.10699185690169,62.65731499871039,78.09449211167372,75.67165276787132,63.155598518971615,59.903311019614456,65.55085200766209,63.181708287551004,53.23756189437634,67.41044122580831,51.5421118262014
52.83778953931873,46.84361772616455,45.697362898517824,37.41660648548428,23.503114751165462,27.621487317475943,38.40514196036497,20.411443721773406,39.09465497405137,32.91294820715392,29.265442601063814,35.75194864801777,47.778057139368826,53.42333377823117,45.77207718604794,43.1441470562967,65.24884973953846,54.03411589964229,52.694617162129575,76.15897766380384,77.89699595273164,72.72530925151324,74.58768782794881,67.34301811692623,77.78145935575921,58.5675411507349,60.2798477773875,70.02533399126318,48.953734666147106,61.15845996444201,52.84489425666082,38.48081697646641
47.167236467165544,45.0014529799751,29.120835846891723,40.0878081435484,24.051642564567906,39.042854533337064,27.906748785995305,28.735734808554906,42.096109733516386,25.662732267686224,30.744269460027354,49.84669928630475,44.393188883390174,47.074103975483,46.35699420840629,59.58973524607725,60.97114077135657,65.61860509280184,59.98631211727376,75.5008624241183,69.14607740876995,79.39778490994527,79.4690356355996,57.4622073037906,71.37879516291302,56.056799956169144,63.40756119456443,68.23093270367642,51.8681573450627,56.41128710644392,36.42933755126682,32.444339195402435
31.03550605194465,38.032090534093975,21.173554899477796,27.612451506499763,34.52076379230915,35.30482838294763,24.62748319855052,43.36358696089931,35.917599209718304,34.39324322033678,39.3262688676196,57.44503957442726,43.06586772164531,46.98096647318616,54.80748501553311,71.60151571538609,55.96810258352953,75.73314558400027,73.18711085323152,67.87684518219235,59.67827701248404,64.07067915609281,68.05251538774542,58.73821900379468,58.20162894472125,56.681231967090994,64.55122042207613,53.56292845407965,56.45514020314542,38.76283898592113,31.350297513383904,34.683831950688955
22.136821387350146,25.561813118670305,27.168352180368636,22.835101811064114,43.50529388784165,25.128473334229664,28.312246498409287,47.78225447048387,36.62391084118887,48.64409892195905,54.710810677526005,51.08305218848783,53.052327225573876,61.85111261073556,66.87298049879762,78.45219220907015,67.82877217902742,78.53257687174683,79.45101239381776,60.22434649444559,64.14430028736432,56.12254124165897,51.737467841363085,66.86037177966504,46.74451796426321,58.49071550332199,56.847778103886725,37.875227347382534,47.34249570619276,28.779662520201377,34.37010647890783,38.311821424620625
25.155646229137286,19.920899852008727,39.38129934356169,33.33862889708885,44.61086832017578,35.11957540589925,38.563988833730974,40.07366024585659,44.974480571190405,62.758752787363605,66.29703977241955,51.2162489139992,68.38690562194604,76.76050318671409,77.98621054183478,72.1671160614413,79.65625314554701,75.63148521588613,71.8291821456503,57.08093835991757,72.73461786214119,63.535067439561224,51.236137641631565,63.66028754941781,44.67997083281559,57.03669506065114,46.60837967284771,29.954279547150207,27.349962267918123,37.2906368778042,38.961797346416624,40.94105849010163
35.957131094121344,24.08866343587454,40.23335057509578,48.360230779431205,38.414489951137426,53.64101180457413,52.479076574389964,43.1098952300822,62.67400208484373,68.25420106231219,70.2139476731107,61.44915293803616,78.67738602588365,77.04602715844031,76.40369292009625,61.50387334214519,73.60518329299232,63.34796758045313,55.57862569555442,60.39638516286693,65.55949141908819,65.57707924434018,57.177025899584756,50.21616570914083,46.99178450426354,47.88120802327067,33.5889762763546,29.985455842410566,25.69808557365872,41.15336800923109,37.46419768952569,36.92741274893076
45.68586807660797,35.30246821692596,32.86960525245645,44.03497213442696,37.604055372484616,56.29318824615445,62.54893612803632,58.24796444532589,72.55167293966973,63.93270038684912,63.27884763355004,75.10073481271239,74.97413030578603,65.55767158058168,72.03253583575834,58.40334425308048,56.382061380584545,55.295236382568355,51.58934520559987,63.726118172600195,46.99276174597211,47.89640678962749,54.9995371183177,33.574356021565755,47.63505008705498,37.65152041438395,23.06459261771131,34.15805195584202,37.42757191873425,27.424044366766555,29.119963328830018,29.782740482716527
41.19823608992186,49.520884330286606,35.9268837822884,38.776090857502204,44.17148495406285,47.33530274068416,68.07565231824732,72.51494499199902,65.79920746114794,55.65708989875473,60.71084524658388,78.04968088178059,64.63328260660856,59.87529455598796,58.414332562159345,61.77034749352716,56.36932019326062,48.59004017345246,58.604607221664594,59.82912235444676,37.443574345690585,34.06074126563343,40.90462641138155,28.390515929430556,42.586199679858176,27.008557552211037,22.17337748449841,39.35050340562477,39.172308029568455,19.795833472980156,20.259743459972086,28.275076077362936
35.680111259370086,59.01909090624235,52.156462218187464,53.09889638801266,59.00366900167585,56.189040272054065,66.85694618599459,70.91465409493225,61.86060300559665,63.71833246170442,61.41815461878507,68.22854451830042,58.64721303890247,67.13117812493522,52.67380285393698,66.7318368016094,65.3126251554393,46.97818605815642,57.13691295229881,50.25944827248328,43.44971844117732,38.80066902063732,24.33049594131686,37.08908293945037,28.678036476516795,21.984158013548758,27.419933503085048,39.26644069973528,27.063819816228825,35.4462671566266,31.18954172838221,31.45752502872685
38.76985908727609,58.4627705491448,68.52550414300333,68.8330080228556,72.81165230188788,75.47579626208388,61.16762868305002,61.367221158233214,60.0643102350763,71.89051190958853,69.36440363014175,55.611661574121186,58.085068541094365,70.38031071218171,55.110144148265015,63.911806869624954,55.83972137189093,46.550140875571074,49.03639843313793,34.60200261007404,46.21644007993493,43.537360191988256,23.961909429997856,40.079062860303466,19.481662729218314,21.419902522244215,36.151494642726796,31.48632525812871,27.34599331840067,49.15023869120106,48.204058801929854,40.6379432349267
56.725326855889314,54.997400983913955,65.66864141296759,70.26548237289923,76.42612314351679,75.60457458957292,60.14175098187896,61.9418999390751,71.84352920569324,77.9042580134079,72.6688626179875,56.108307403560474,65.57319895725507,58.835257617117726,59.937722660256824,51.69484301544795,35.00189892983133,48.87857281369979,31.14961465819665,23.728407689459903,30.78270056638373,32.814014392452584,35.91016706480889,34.95013346004408,24.79621613748501,31.895003970461886,44.30228810882612,29.03263580678321,44.0401706668905,43.21820803976335,56.552085469629034,56.26924514013934
71.0719857407462,54.58331313422407,58.32073595707145,60.583479904010375,72.3437722006376,63.09662839841617,63.56106970639515,72.50414506581217,75.72130416925779,69.08756990711665,69.62840724350758,63.47963709736567,63.19519484388199,42.01974972290788,57.392992358130634,36.601212180971146,33.07430205703646,44.007731199689374,22.69669342837573,23.216127542134622,20.430487765728827,18.517790172121874,40.39289923194505,23.972681797300194,33.75187408888726,41.83531458189291,48.64179661768534,33.82035377766104,56.47131409922186,42.81814320884502,57.73850925629872,67.23322329150211
74.26636810107267,59.0315115453829,62.9560400349191,63.70671564291744,61.0943026910862,63.73440809437772,69.41705151343874,70.83396195963941,65.91179887312252,53.96676171108911,58.195255497226334,63.01145847195967,250.79486924252484,33.743385000413326,43.690834718658685,26.529227165088724,39.45166410088589,36.17636027236965,28.228876323795628,30.844726550927405,26.713427342858235,31.68152213499028,34.71859827682959,25.285309343184736,43.91285666734247,50.589032868312685,48.29382017779013,50.26317534062072,53.03484136337713,56.09644363547212,52.16033776054257,72.46782533924295
67.39781862457791,71.22930157257798,76.86747469399478,76.18387510216975,59.354903658784416,73.86188464555595,70.16586715063713,59.56685314012959,48.96029116863525,41.86642668484696,43.132334935037036,45.84765642841513,231.62610317479127,39.424450039910155,30.36650615916991,27.027419078527632,39.14905087452736,28.305813171423097,39.12947497367834,39.201793035799604,40.0305000928727,43.846587736299355,27.533353688508814,40.26350462496543,52.821627107170634,55.55774988941195,46.06247557925385,62.54194900209111,50.7361674867486,71.49759375761957,54.831442261929205,71.74243146425862
59.152919178345975,77.70349303197276,76.82549893358089,74.63977306216725,59.249777473384476,68.45137423615496,69.44898034149419,43.962542131178026,40.92853756258632,40.15479215960822,31.757795985130553,28.903133454507305,226.90960033475972,42.646197431525096,21.566234480803917,33.14260566245642,25.813065353607904,23.68928553497135,40.38210047402372,43.175300481440246,42.12478464265809,41.73728771745488,35.26585255915075,54.93592542231634,50.42643288161742,54.55940241532922,48.9183092852685,68.2025482426721,62.057444558974694,67.78577298561535,67.24959358996003,63.66020191706897
65.299932748304,76.84739535167432,62.19206329604922,57.27243676668419,64.17108981172025,48.25998844121787,56.49911088442751,43.98226811310994,44.86577002876791,46.04787481768459,32.7461679604255,26.82115325168487,229.1814057531284,35.542227746752374,23.414486289845932,38.72964643316001,23.328142238381705,23.005918377302116,30.786281315230855,41.32718171155323,34.34264094530032,34.640575479953334,50.55374427764641,57.66765373833463,47.851224657706204,54.17838746446684,55.62486620785928,67.96012612870607,76.18376268955143,60.6171486427432,77.48192643867037,59.570927464805735
70.91175452200794,70.40673869627133,51.24265570459184,49.04300417684154,62.7998014409868,38.992648027376475,41.17974190073369,47.618917091938215,46.92911047478939,45.51313418308034,38.15588892225391,35.3944869210659,237.4225615278241,21.347772923064078,35.83961535227237,40.631876707693245,34.689417720353816,30.933519085970218,29.4691204337685,38.34876213947132,37.56256184865679,46.802138595997334,65.42332130718813,52.708861813919725,51.719924292040865,54.3459818597868,64.05553408553776,62.82070025539103,74.14349704049725,65.75890119430802,76.44419995767343,58.97078399459931
71.85248950651362,53.576751093057595,53.39364163251759,54.1179814002622,54.08329559581796,49.0812747035564,31.04486003035453,45.1438680197156,38.18826476342675,35.51865630555611,40.892209977008136,39.64133599478161,41.266315592587006,24.740949422031782,42.13850821788173,34.676217231742015,48.38958186304212,44.89323060244922,42.78594745981825,39.500749588530475,56.25932313580208,66.66940267293403,64.12165142374005,54.56194182039869,65.65734095473337,60.80624860609332,74.39800519175206,60.02214891086805,59.48936765824582,78.21724892457596,65.30970768429917,65.75033688575108
60.59479097531848,41.68235613686637,58.16076368780717,53.644863273302335,34.848947339394186,45.351730485668845,28.746574463643295,31.068812113498893,26.245730958994226,21.607155422373197,36.07773559049436,34.46462141526974,34.01540423732201,38.33027242359986,45.56397286801743,32.69152896283955,45.248279390375004,57.55407497094836,59.36000385447823,48.47960503362859,69.10103527384,67.67148615843703,55.417586755881224,67.13852795900414,76.98697038558294,69.97755019697338,81.09454547488869,65.31329645023882,61.17234493139735,69.3651171834205,55.57961421115029,66.87305728794695
43.55572423819417,38.546467118196645,47.404821018751036,37.376602896767544,26.17848584980395,28.09957590211417,28.6679971795583,19.08964595229636,20.91573551593779,22.028858401932958,29.889503770174866,25.567430233409517,28.11845874361638,46.620602837620574,41.574096267068036,39.44811035517541,40.13323693853573,63.94928757712636,64.97997107885755,63.83652901122358,62.28057078740922,58.28333404207837,60.13558279419129,76.61923969469342,78.61822749594012,75.84327771323073,75.6308520868342,74.29022052514908,71.87608026043755,52.76150155371637,51.89224897110749,63.87931944806412
34.60594085243585,42.51178654062851,30.755224180854253,25.36425769188581,24.56011087265856,22.178700478629885,36.393833698679124,28.7312115082534,31.016571763221954,30.699439373925685,23.350432459393403,30.13731051660681,32.197353184496386,43.443357940144566,39.74265691304608,50.15112579012124,53.688631988173036,66.69648829816559,62.019906126131644,74.14920933704933,58.66203946389205,63.53883821953704,74.40703036190425,79.31045118081575,71.84155135458396,76.72576624582761,65.60404929453921,72.17484452240576,66.15932063223718,48.83889773063057,56.666784448605355,52.36665483139522
36.544624284377804,43.95183183679114,25.805229220369153,30.877931145695698,31.09778145678576,34.8231068059723,38.174157352292205,40.15431402431412,41.69925362127723,45.071292042287965,31.315462752563704,44.94993578459742,46.057467923907765,42.4880072748183,48.30506445540566,66.29242772278126,70.89209244468898,60.37563572725074,58.900538088423126,78.7220026847891,65.88874711918423,81.87546465947464,80.87932842183545,65.32151342794431,57.462936137578346,71.5707745279708,54.50884974266498,61.982945744078414,49.00145038368396,56.5107571259125,56.12662284682818,37.92542780657235
42.973976500893556,39.768755516738935,35.75128769927204,40.365712229160245,40.93812666973653,38.199943647740106,39.673307478203355,40.97529993794177,46.69614543851669,49.880392462961694,46.55536752210713,60.44973075062956,61.753203885489704,52.53268581654474,62.944956760784365,72.63455549768362,69.5125062209182,59.21967473423779,63.54707540727064,72.36748526810217,80.28207002666136,75.99489816501513,69.3430989424293,55.124857753659136,52.57645118995257,57.4345216473878,44.66582980341985,48.176521557638395,38.34642898802384,49.269275532232626,43.27643779698403,27.02051004481425
40.97802312821832,34.07969186054225,39.84764489600817,29.480292505356644,39.95966173261997,28.779528584733388,35.92934423052859,33.256530883578925,40.42610949334159,47.544068178691084,60.71176748434901,59.967154570547024,66.86990937738133,70.27382067756176,73.51547715375163,71.1885818613355,61.19592015616319,62.181274553681426,72.65617365424094,62.10930446136856,73.12621716342954,58.989913381564406,53.25653305826258,53.25453125648553,55.03448028547058,46.110143944439166,41.76164944304381,34.319640093707314,43.86590684943092,31.981586415728728,28.870294877756894,23.633321558363573
29.40088177051637,24.070160074533472,32.606171580540234,23.54061362982519,37.30423488176464,30.33228916435418,33.87933749849859,36.24769479788149,41.20306905143399,45.76796484242517,67.98475792317366,53.50278222737335,63.480558857623045,75.8621876939352,76.76544831638607,64.14971485701592,64.78118827783481,67.42594575868152,78.64457777264258,57.81106354257226,56.888936928517374,53.92734044630063,49.75588661293533,60.78798224901559,57.40991320314536,36.725495174596986,42.22512300998367,31.560415356256,47.120362871380294,24.98676510071539,22.89085555664083,29.250068923533195
22.84069880227513,24.443799201276498,25.361995674326405,37.1070195914688,33.35963471974754,50.288996992950516,38.190567534237005,56.875990948464974,53.155632231177194,50.595945728499544,65.58553885778487,58.56279791988101,56.39564458784125,65.75550424418334,69.62828051183158,59.668384563953744,78.06894204285014,69.60219557621362,66.56362557026179,58.89382873836856,50.207743183969605,61.740273846915954,54.16218429336758,55.1478621352163,54.810571826707296,32.161472268700734,45.1184091942333,37.605541206043384,30.999752860797702,36.19749110746121,28.840418437630472,37.516419379519014
27.17464596118713,30.85184844285534,34.874848708640556,51.59178100954239,38.65257102164336,59.97416115448628,48.498640316777326,69.19944944069975,69.05466303942839,65.77762740847217,59.359444555934,67.09405015789933,62.21306524710471,61.37799696061741,64.31026191760682,64.93430206165318,71.19953118732082,72.96996659667589,49.95659785520462,62.51047818114274,56.9799839110577,56.490218432547174,54.65082295726527,42.510207043961934,42.05842477076476,36.71777076261272,43.45714792043082,39.966930461711556,20.94374379451555,38.572429266782606,38.73170892938665,42.45086818543745
41.89416917163706,42.96134763550758,54.96903775320596,52.41912838338147,49.833633049878415,53.83658258887544,65.01477842813763,67.6521714692826,74.96623381371627,77.9135713662682,61.02907354045168,78.67463838510638,71.19087501401539,65.86658370055484,56.914176422135235,68.01147487287561,53.32744982335882,68.86141831863713,45.22176542515634,59.14842024704467,54.75876423506316,38.01117015475469,41.962624091113064,27.59265451462744,27.926022276462664,40.09890883260493,35.92320143154081,37.84624704534976,25.554460634332948,28.433638048863795,42.313642867691634,43.7438498205439
53.67906383120626,57.77830526539157,59.54650840160003,47.42645846667392,64.90418346344717,53.83160641214185,76.2710682459391,59.383808860391106,69.43317180709153,79.22151389694433,65.71745302026007,75.02417112372477,76.92644517826572,75.93651947512244,60.80447069422895,70.11387283496094,47.904818265916006,58.40119035028145,52.49908685523386,51.14251497254569,39.99835788869346,28.430449531156505,25.598180180600025,25.542935041852964,21.429171474485287,40.499180884289736,27.42000936217968,28.83382605750626,40.177391651042576,25.93214150418491,39.01982527322663,40.47134629993051
53.705298302345376,63.091535322051534,52.0394270532218,54.01999526989649,75.15965467836698,68.63003841126401,76.27241781755313,60.93872624667525,61.12817068963985,65.53711347752031,75.18806995692312,64.16126504883945,71.72421919679009,68.379686153197,62.948752720269304,59.25345681201311,56.92956554565442,42.205134090275926,51.600280090020256,35.964046288253805,26.57943154809604,37.59456128256587,22.782615497597483,33.48805771264619,26.481755785826856,36.38556122013701,25.82860872036291,24.91749629266337,42.156548368478035,42.837377967211204,33.95283422711999,38.63662895469937
50.31897798327651,63.0183573885555,53.053865469350136,72.88424713004954,72.72351045519717,79.29678952347606,71.74873449588276,75.43005775847246,62.064895102246,59.59713515425187,77.01665030860421,54.32576239022455,55.15955883337424,48.34450825748402,63.0871791846996,46.473394435254605,52.733374028222855,30.28885984717778,40.17252050607961,25.49522154660516,27.968418519219167,40.039987986445546,33.347295194398214,40.6860148376002,36.153961288610574,30.254102237312342,24.943987737264763,28.704075533526936,33.47758497890765,52.67410725177245,40.71023636506361,44.02180753167638
50.6396213347494,58.9984809664731,68.54140400857577,76.25421897760113,63.26822257751378,67.04586451248439,61.28729357666967,78.78290190681817,69.877196227354,59.76761969812479,67.1142545003713,56.53345567602165,45.346243430864234,38.903430241114165,49.605788088289174,33.68826977221336,34.73714371280512,25.553112666414574,25.843474173345395,22.402120920745492,40.3763679141146,25.955872533670163,40.767558287589424,35.681399365203696,42.51186399585115,29.732905251692692,33.73289204576066,42.723045618821935,40.18410576160109,48.28567441773462,57.52396919225938,52.23834783132593
66.84257119278017,57.316516640907984,79.86782205533193,62.7270759778068,59.241079060895274,59.808515780712426,57.51020652627826,63.22900691906172,71.33940293715467,62.864057686634766,50.896913264586495,59.008102623300296,40.07972522863255,41.64419085814276,33.86754554809163,27.34495923489723,24.5254439917261,31.42173147149561,20.770231579361287,30.588003379746667,36.03441800332137,21.259192961819146,34.65887951399973,27.624289062936594,44.17413543534832,31.65337861434177,48.712901616874944,57.58741064482191,57.911905065157164,48.179799200659374,69.29462808043094,66.37015524439616
77.5667499692151,63.06719230995698,73.13388824529265,60.97837109308849,62.05395445044421,67.4338309185932,56.096869427239184,50.901519445664725,59.74508382031265,62.05255525418146,38.29451799513869,54.8287947420334,44.166551520543145,48.526459944553345,24.653669837088778,29.55318629854143,34.05109301577012,35.94486368285875,30.675945128488518,38.8046728970218,24.642908216897858,36.620065324450195,29.397649204092854,31.991272538388845,40.23314403905247,41.01258645974603,60.34135080316724,65.63743855045273,69.42195519922119,61.70509847572414,73.05238423499509,76.00005928877825
77.66562047869746,73.06602913733543,60.0934045893867,72.61285361554977,68.10993223330966,71.32984212458655,58.383653076650035,50.50211186949695,42.74271178320645,49.9438601724172,33.68388214790044,36.149779782365826,44.78619907701364,38.032113044714066,24.525442874160852,38.35258751827033,39.33816727881484,39.25175237649804,40.8266685812146,43.53269095437762,27.96902952649018,49.88994236298444,33.74507555132447,46.984809468405615,40.270248950643904,56.194062524406505,66.06082157942438,64.69998805150874,61.37706358010654,76.71168836226872,64.8621502709857,78.07864083263816
66.02326409957756,76.2484673433478,60.2505288321546,71.74062473886701,68.03460148529128,53.69858383270658,59.26121933981423,57.37314562513472,34.63624479890633,34.30052079294842,39.11394454529526,25.278606489211246,38.15908068960201,21.20005015608515,33.454279245173076,39.60058423380656,31.61014166055821,40.81929115766152,39.8959927569161,41.98235370159175,46.27541314290739,42.50897018077403,51.94419447359169,62.50405214706956,49.856812819016355,67.34602454152316,67.7411599777946,59.51846299940138,58.961261670709135,69.04778949439596,60.08141018185502,72.62649998826889
54.784532009087656,72.00730866592362,67.41533360620036,53.48926669171086,57.80010346994467,39.941815233019156,54.5100482931045,49.08088538215142,39.69694372394492,24.022344027665124,40.97887356269209,27.57383717080306,27.36592036399277,21.919554582416513,40.05172822426214,35.12099007433535,23.029466387196596,38.83472328040423,34.05312137936589,40.393774119339916,57.061102297525615,39.60565390739846,65.441466804638,64.28466482181913,64.09116537073554,73.52020679775069,62.59453195750241,59.397976832801824,69.6440283919032,59.13874330271485,68.38600904986778,60.99987631081594
56.47833666114856,59.172350325954156,63.99736867828786,40.871588453032935,46.19787921149881,45.47773224233738,44.011430804922846,31.2223575449513,45.04309398650074,28.59922388963532,38.240131177180196,37.28631428015866,21.295219788427527,33.64210849820371,41.31615577343178,30.743540541563846,38.37648575054606,36.62780070112535,35.89401620878795,39.35920321922888,53.964807113770874,57.02319278614849,63.45409836404936,58.571480876169296,76.14574749494571,73.13722782860602,61.782687305750976,63.924205474998416,80.92051498334027,68.23850985427661,74.86543271146729,55.208677583789225
60.930340468045195,46.10126161104584,47.323752894533754,46.991993205641286,30.78318752474611,46.61020921951029,29.24689521388504,22.352216887461587,34.35164286612324,38.634672305342185,29.248789676651707,39.432123815586834,27.866056301481574,42.80290362556359,35.71082357016791,29.92507738194946,52.623933047904984,36.91874183661791,49.51105237143277,48.41393173128842,50.83876930631688,71.98195086445142,58.082481293984145,58.17922823133008,74.1947407416346,66.88662429379234,61.29309316378156,71.38819475592953,69.07947794827795,76.00687793391502,71.91247066068075,52.19399157833758
58.69285420891476,38.18296953765535,31.31396990571522,48.692576960692854,25.11935897732642,33.34902012713302,21.505172002958943,31.215806025793555,23.791063262910246,39.3222772241507,23.005758550033704,32.05310299092254,41.50829536161208,42.789372149496295,32.82647155880108,40.72167627275016,52.808841050713895,45.119671019312676,65.94541395683689,62.22648212696435,60.27223391542366,67.00770257176482,59.17966274212464,67.25835690140319,65.50793348834112,60.127566371076,64.83683121228698,77.71657998171169,53.93686388945257,65.60209973748113,59.34275667075527,54.40133912398642
46.13497914506637,33.53720726112023,35.24914069620907,34.41071934037644,28.563871182528832,21.002660014303984,21.65938028563237,37.85732915664031,21.040414212464366,34.024618890791,25.337910141901105,28.523136309032022,50.55212279111857,35.83451184562592,39.086546685096536,56.049082456790366,47.83254499167832,56.5588715035489,73.03195349476124,73.92692303523052,77.67376073548914,59.84551814749232,73.63186687193814,77.04384881350023,59.311790510146345,58.58551427377868,69.81794888217865,69.57504764314642,55.6860434996804,47.10772345093216,43.279685154480056,55.947088061494505
30.922811352628102,38.386306829489435,43.84742787052813,20.752835072063434,38.909719747690545,29.85139928380284,28.128627410422922,34.942504800261894,35.47494663446318,26.73911618783432,37.293401818662595,37.80440067454019,49.755989115004844,43.69706247090368,55.90245456826834,68.53470315916258,56.43960627969404,71.71762412419677,65.22344864569,78.00317894719177,74.20983048034724,311.70938920238865,78.61327719633111,76.53674949784414,58.20526801536717,58.52836162317618,70.92395465418623,54.09962518554035,62.282199377658095,44.33122463269055,37.990563231572615,53.04044343924707
26.079213335658448,42.629008907611926,36.32008726600578,28.453495167364586,39.889348756469296,40.596257199983995,41.370201593479756,28.33223354310334,46.82365656575977,32.99969930034866,51.31483059661109,54.96412884163374,47.032678238525286,61.85435707503911,68.54060299929544,70.3371127106672,74.37086408112488,77.73784897877341,60.35793285583837,70.36231767975765,63.296679910938124,318.48252268637304,71.36041161803229,63.36559409739217,64.18698374123447,62.40394719599618,63.55375866967504,42.351199041996985,52.22668192821127,50.84645800696125,39.90725267445028,40.329233256251584
29.893851839838472,38.56931683138626,22.64196759820601,39.50975743169629,34.68746614223433,33.03949746280282,46.15696592297555,31.226873043731953,51.624405635407506,47.68304791893955,62.56358250837163,66.59906982004928,48.93960233617129,70.41939249717021,72.71411697288146,63.96879326442432,76.15092475516369,78.16657506380314,65.20249206855311,61.28611901094075,59.42916277215255,308.9381688501104,55.346414957882594,50.142940488742575,65.43151538084555,60.31147229738954,52.979259696324775,35.990492314968634,35.98596655911158,43.109522274880845,43.62947346940936,28.770317542600733
37.22111025002226,31.944581086219074,22.119092361853316,36.39413515914144,30.772525444370434,30.4281808432733,48.14071730565969,49.08032526322348,45.60831268995497,62.756154285815896,62.00828409044316,59.08245443865598,61.728411878316194,64.93068911312074,70.56246216031882,60.828465657348616,62.36837574648537,72.05394246736414,75.36214657041803,56.99603572358629,69.43810510724349,294.0732277430176,47.95040026423927,49.488827907706096,57.22854677190339,53.90666815889776,38.12957162631899,38.98694209419755,29.689452599383166,25.518915993421075,39.49731338940573,19.854990322574853
38.8008577028167,24.34268029260412,36.59154679758182,27.5851158001532,31.62297542598491,43.13072756372852,45.91482574054806,63.27785947857521,46.49180904981171,67.80857616967472,57.40070208917532,57.20768790309763,74.7625141142543,60.779470335746375,63.41977247973298,62.55995621943745,62.478780161960465,61.247850890255805,74.12658255036314,58.47144127881841,69.94987877794259,54.01854379350636,54.41194834292746,54.08510727066269,40.96464818074401,44.882549418005496,27.690267270407777,42.19017782219405,37.74212168053203,25.59322744406638,27.62843880621649,20.768859417344714
31.519986217515036,26.939342605453447,48.73238985171396,37.31663856170457,43.91201317019288,58.722414343624614,47.99059435487943,59.62397159257082,57.2388770125183,63.13466745430261,57.324711872689775,62.278737603295156,81.09536386444073,64.8622327203472,61.38856131295049,69.08259507326339,72.05256956088508,53.4906408319863,61.268563281270545,60.726198677935265,52.943048364589835,59.03384474945728,54.63579268405526,51.821743493954145,28.343716168793282,33.928469006253785,23.83566493432383,40.693288415302376,39.92206291096902,35.39706848887573,21.968737536940303,28.902805037505992
25.79703558218305,36.36860108573251,46.26571949734718,57.895053847137916,56.581160533619205,59.12901122756855,51.443660091595476,52.584374026820946,72.09343387043923,59.26280650586181,65.03155244802743,75.1308451643145,73.51036700023153,76.13741957501519,63.769087195999475,72.53145269582673,72.22422611059783,51.08093815439417,45.23837939018849,59.66057446252503,37.21505081046395,49.15634052936073,42.20341106733565,36.656542414902525,24.61493749036161,23.334296345657553,28.940211746897372,29.550201022499607,27.97372581005172,38.52899249475641,30.78059954009472,41.79313293314957
37.698193619517376,52.29869152199358,40.74572777243391,61.73909437234513,69.01006957409336,54.448186852982616,60.23442778536373,63.326455973150125,77.16264026321447,62.51140521727223,73.06308116192282,79.16839192401184,60.05216538548866,72.11084732273945,67.2133703293021,68.20059251256376,52.41861563994027,51.945668246942354,41.927811450068475,51.105252509353434,38.79904306932364,29.156739932259477,24.75409531075282,22.945585716699394,29.957441924129625,23.97519123538363,36.69393538248343,22.334007190546842,20.721610507299207,27.72850326801942,43.85445952197647,50.645412099894
54.482868991534914,64.67516655975953,52.40085137134973,54.52295761306029,68.76384608592103,64.6609757699255,73.85810447314292,74.78484891468484,68.12277651730523,72.6513976952664,77.62715106497753,69.78153514845376,52.88011168640645,56.80941846651728,70.06242664812463,52.69309776584977,40.6874696575189,54.17745434423838,47.003663653960494,39.58122100428329,44.980196318632515,29.735753423817883,21.75226956396672,24.397188611938606,38.27448574137573,26.648375009371208,40.65148785311949,24.058860898948474,36.04920947326167,31.330983386104275,52.5726151024141,53.60532146924412
66.85680936991555,70.51140185350033,71.09202556122885,57.90799854340145,64.56479414015556,79.4731913470677,79.77157305844167,77.92178774948799,58.01180338442408,77.46896391898466,71.57463800551254,55.43124067801243,58.832653346234075,46.04725698549916,57.4148201912434,40.34110312270473,45.38644170574813,50.53653570942642,46.94327896349987,25.64005769780353,37.829095121016344,39.37768834576411,32.9477759328356,33.58590148991639,38.69815679150681,36.48165229016853,43.657064710551,33.41593343230945,50.94799848732145,50.90707672877562,49.52499634506331,50.514756027775505
67.17581954091665,65.72290941088359,74.44376814267821,75.27423872554398,59.90102766263901,73.81294380116798,78.04023326694565,67.46520424880893,60.13326510389525,70.92585169561336,59.58400429889788,49.94975267972127,62.412385012739065,47.41136947148484,43.07119519803288,31.99201201720263,49.363716033414875,41.88003910262762,38.52503829325908,22.337012564957927,24.56999205636649,34.80800416922325,41.66394109621211,42.72019366650054,34.400088183630636,43.499784562174916,39.06647945458944,48.69400603285135,48.74561259491288,60.31703450778056,46.077955462853716,50.6470183184085
60.291184017752116,60.90220873570315,67.25822039379597,78.95369014296563,62.723887719138894,59.815063819679466,67.9878402948041,54.32028210137171,68.6483594520431,54.92831342867531,46.28369895564389,52.53509370362451,54.624618441243804,53.6948542529543,28.649620188398767,33.34760945885176,35.52474151964718,32.80414132639968,21.8287198145882,27.12270449053601,23.67805562947841,22.360474183225616,36.97228853532527,39.730416033821825,30.40272190193638,51.254274842562154,37.79872937799497,56.96204779449093,43.5151981365318,54.08405417869189,49.635481224188204,54.013877898878945
59.35709043862583,60.24988495169041,60.58979699173674,65.0415266552347,68.95367586371577,60.99874715365606,55.57896520223835,56.732722037576984,66.23820851336072,42.55560046444987,39.00837207467014,54.727904019826994,43.12112505421571,45.724378927827864,25.147342676207344,39.06284333934741,21.28488611562355,24.145474618066956,20.967665977117175,36.86066491867713,36.3921840564119,28.066500325515612,29.793718458865353,33.21560596133424,33.72874887725926,51.43810031301173,41.0068827623251,60.80221981575807,51.87832499235055,52.81150223526059,65.38375515103769,62.985939864823166
68.10995473027197,64.76488411906847,69.06755642240775,56.58408504525474,73.63217243629036,70.98144841519019,47.992609682672686,62.94167480835735,50.33476624796863,42.623491072510284,39.15387463988264,45.3945945821653,27.773966852753553,27.77236820670623,31.864078857098942,40.757164254759275,26.042968035845412,19.05228175703173,34.236229617142534,43.39622675743692,45.70707058413824,46.00853507270175,32.79468355646927,36.010502085315935,48.739880573736954,49.35210185694101,51.5011847639247,55.7520018827981,71.12124253750297,68.98379678965827,75.66846704959165,72.29294265669998
80.33921477956747,72.05165854392155,74.22420394043853,65.59556043646253,68.55741807893442,59.68345337366407,44.595293844861565,55.80496062870764,35.443424626356816,46.079156274624815,43.480258509026044,25.63714994284995,23.650277312587193,21.685801080404964,35.98867142045789,35.19322332619378,42.17826473410805,27.368710724081055,44.063521594787375,44.27497164465992,39.916139349425606,49.97675199354545,48.17306352740923,53.51043401051215,62.30672644925369,50.22887108809139,62.673018129435484,54.658713085858786,75.61930233832834,79.94433928709253,78.39571442980471,79.5404378021652
74.28237634949632,73.03202272521195,65.81615726294827,67.03394664027395,56.176294693071945,39.992232736572575,48.730782492309956,36.121311924472316,30.036504878949007,46.5682216745557,44.149780375683704,21.175692142067692,32.11656763539352,30.13564657532554,41.04043503582117,27.67728459837186,38.6194461430072,37.41841481525621,44.31531811634064,40.44020191676178,35.278864710992664,43.176910462454806,63.48952345968206,67.83565296798999,70.22313863465087,55.619767082474205,72.82352784876713,61.10771811646447,65.16032809457114,69.84104135346475,66.86553236707582,76.87429316866718
59.70153136767243,66.29539541238408,45.80168263497528,49.407003347604785,38.77474999167658,38.424217393786854,46.781744656007,28.396238127191985,37.58021789409233,36.092813993685176,35.61501076157674,31.49700852617815,40.522637569939846,43.05485069327993,33.22576834407352,24.03580337056568,29.02919009700249,49.50247097795797,38.0045049759934,39.306295781746265,50.48415848074578,48.74260756041154,66.55593724578759,68.99617743046913,68.67884726418747,64.81907068841417,80.48753532544553,72.46030584493697,60.3220783371083,59.26326824790816,55.121804225026125,66.4018921230722
46.39659290102614,53.4721341832045,41.5373529371406,32.49862563629977,30.431568504193766,45.631716400996496,45.8737025584478,31.01634331386601,42.610023813106764,21.676817082499102,23.502095009942124,41.22485732262423,41.01422363156151,40.05328082804854,27.78130811109871,32.80606957463098,38.333460311803705,58.6149732773016,42.5286251705284,45.93504765924975,69.87542912415645,68.87096222787629,59.195188495942496,62.24311733387975,62.88201594150173,76.52988319475072,75.64864162126821,77.23939540642779,72.1655387047788,65.69268548485803,57.33790839217227,53.75426081896594
44.16438772265908,37.09611342862293,47.017865361042,38.71440846846395,33.26563620554827,40.923288391279875,35.40623603434127,40.97995587792585,33.10538481714252,21.9991164181827,22.19540734906088,40.40164995560958,35.13057811822424,31.677866917830638,33.571486132201024,48.372042190063496,55.96658941564665,59.63199297923682,57.56172489484889,57.83648388313028,68.82738574117971,75.07615544062082,59.489754765001535,60.567096782838426,61.059083434948846,78.80509553521739,65.94518034387359,76.29140014227025,74.78908069329881,69.22533796390891,64.87733501769105,44.59752317132443
48.42614080731351,31.71049133296779,47.2415956970234,46.434633969537686,37.76819898828087,22.41258229736484,26.04508650562812,33.40494331438018,23.298124662414033,30.462100839023066,28.0553302690328,32.31453061179496,32.219340908186965,36.34567314291422,46.744096492090755,60.94017420575628,64.56107709673276,59.549897195177365,71.77829164554468,72.99523362659086,62.586856791121036,64.2987197573936,69.24227538458643,67.59182831321972,67.11909102425575,76.39570166773761,56.27964605378347,58.98770897139891,56.82917138949618,57.56357403540553,61.37886650192526,39.906269865083146
47.64816765802817,32.72559824622209,31.34437839690883,32.92092920781592,41.674634566220405,23.300711385836586,21.741028146274424,25.33877809438719,27.494366766042468,44.03320433518893,44.71184589304895,32.31081804445386,38.8689439070852,55.2546810003787,62.44736102971121,67.4430073721566,54.21027375302365,56.371425719753084,74.89353229496125,80.07301945097146,62.99235386670494,60.025555707861436,79.21463604681166,76.48846668558754,71.906919123888,65.8722155166146,52.358040105459345,47.63264713003576,43.8156146387725,39.91749995235118,47.534145657796415,42.72758967649102
36.80465704141244,36.56368356729365,19.80043905405497,19.711105201024285,34.63560411318028,37.55863331591481,24.00676073705736,27.582507673267923,38.46726198069991,51.12285225627669,55.35441848122547,46.60400195255137,55.208266348118684,67.49141766794557,71.43281953083823,62.77699898350181,57.470367278555955,56.793442570021206,63.59541396955871,74.9084236292045,74.80540297988992,72.72866434463901,70.24505957484963,72.45358602767932,71.57700325933104,54.152085786514135,48.65787097194216,42.09904823949735,46.02354159582044,40.05671294924219,30.554377241461182,45.30595220356603
23.900497520684183,37.89202763000502,26.93797497442276,27.429995209401433,26.86506640387407,41.4199393733257,36.6412207945351,43.65687700651761,54.40980233371069,48.05237593571757,59.743259254749546,65.45731002017028,67.79661920795675,66.0799481836711,68.54408211621596,59.299503539681325,73.7133783856908,63.00243499403895,59.241207954359766,64.68352641810112,77.89572160159878,76.40904527085125,57.653506440418205,58.28002083215399,59.53318870714704,42.836279420927035,50.7322139052606,42.88344219965907,51.89258429908659,46.58287677373803,23.697194417674027,41.89434156929164
20.07590721063529,37.10146634617651,38.86529626926071,42.6229092132454,25.43150337502088,30.616181341826934,46.333467592172816,56.5976269265451,57.05939917011991,45.59685483467129,54.274370429711915,68.40034186889712,70.76244522127148,55.552230665958625,61.82505920616444,60.512041596289585,80.38012639761988,71.90284437228081,65.1364957404175,55.99081252463152,61.81013593067141,58.304915532611375,48.49491289121818,43.699178744515216,43.420948361836786,37.28458235059383,50.59750568072665,46.88196950945502,37.88098640294245,38.20937487688176,31.318311731094052,35.536106490679174
29.52442550219622,32.99866265364643,42.46516867459342,44.04495673492276,35.31506493179926,36.53422915562763,57.708846471381925,53.84997612325972,49.92787406659928,50.64620535474775,54.57306582999114,62.83344336670311,64.40380601357188,62.97855565973014,60.77092909287632,68.65885852428964,66.46956966839751,74.7646088193229,71.75181618297462,56.372010845291655,48.818754609865415,44.228663263961,50.42519527728912,41.81743325045422,34.04843452432379,36.071621253168026,45.34954016013969,43.03578026195135,22.13527048892204,21.53077567444136,38.337172249043306,26.093356810689347
42.69113186204348,28.03059634190898,32.92585268221082,33.78141209135065,49.635077265578715,55.66453551081648,60.13848836569513,49.46857522807182,52.97247259507803,66.70431014343787,58.49623554750977,58.02423727488129,59.283803306434805,74.87266436815149,64.99421182354867,76.1035975577333,56.9647521899662,74.98608887881228,67.406229986726,58.359089195592084,52.58595287127333,49.91345593126745,56.49257605794622,46.64581211258078,32.25125063517119,40.97536275978286,36.70640418615746,35.566735415328104,24.94306628922674,22.40794957820169,38.35512593489052,20.287006173690948
46.007080531280934,31.160636578578714,36.75688186906422,43.32751748443426,62.06009769792304,65.56570573625048,57.56831461727834,57.37087686665077,64.21629736148732,77.2622126316079,69.79145387372866,66.85695018316676,63.648544371044075,80.04533322102267,71.35004643796478,75.20549596429869,62.498385809202055,64.96999115157321,52.88818758192957,61.22125372185124,55.5779329353563,53.56286961554073,43.610695754300934,46.19227080771906,39.55154310360539,41.32696772683916,25.88913651246406,22.460523464684435,37.860478012158595,39.92726071086359,30.74871428660882,27.752639479066133
43.2144340428959,43.848655352766144,51.628503224080816,62.917581276042746,68.47156103706573,57.286497694416056,56.4681217770342,74.03521138264442,77.27358877109334,77.14287122883188,78.83170678633567,75.93502597103968,71.43347514685418,66.77323802175349,75.05225741393528,61.61861229151443,66.14639048367108,51.42583402024358,39.36356573778786,52.59135345902181,47.1349728655897,36.4767735730266,29.494355467781446,32.05682125866297,39.47733576888114,38.34874250646566,21.878432505204497,18.461697856057114,39.62118831492763,40.03890864813885,27.21165010084568,38.73094027279853
37.580331637542145,60.14773929687186,68.17199668779696,68.7761269391567,62.30678764683034,56.581481303566,59.331427182948865,78.17077178887389,77.77240119233412,66.47204331983721,78.01202745321237,75.5266139197704,74.6062742001592,51.37123459684191,63.926788261326486,49.69262023137956,51.230182257064364,37.6658233190828,38.100535048774034,40.00175927708086,26.91209314125494,23.303871525480986,22.521929011170595,21.842505607991306,36.48824821269226,30.956459182496552,22.381501749865613,27.486974402873265,30.825401321073198,31.954670320938984,34.66558532555261,50.92651375031481
51.27173094411686,70.27613157074865,66.51672051089868,60.49136534382825,59.04017998127444,75.86801160038003,66.68789897023855,66.84760003757943,66.17400110010935,58.02980383869518,67.26319932758318,59.72933100682745,62.932043535802094,52.39177972901523,48.18810967583424,39.17916461684801,33.851678593510286,30.80947236823354,42.26044214401084,26.664913628917223,23.254428335652257,30.012055763829977,28.585012733984094,21.822375794015105,26.339879310601585,28.163643346814098,33.66790034008295,42.85770402400206,31.06339569206577,36.02238168913896,52.91248074284401,62.098078631132296
67.78958495198934,71.31252296943501,57.6112973047914,61.02982831223036,61.57995357986257,81.13446698421505,74.04520743888283,58.930689738216586,57.301504136412476,57.13983121729516,54.743912033032714,45.64014694630186,48.22571957060949,58.407085423671276,36.30059079707838,35.36301876467857,33.53948498619189,29.18230133266445,43.3656706734991,19.811342483157087,37.088804137248985,40.49782264171173,39.92000228995239,35.41425989452969,23.166899355544036,27.396205117789897,43.10880157568666,52.9269133930611,48.836573809075304,58.086222970964165,63.245701317514545,63.57094188554341
74.0815795914388,66.299045596379,63.44727653587364,74.90110028111337,67.120857498194,64.07297358355984,76.04384215006256,60.86625122982968,59.80565406653167,62.406134325171074,44.668582425021754,45.03781036259876,37.00314109991713,51.55489791314893,30.93118496007331,40.18955586857434,42.25199852427847,35.62269711978905,32.338664034785715,24.01391963607294,39.641853915123264,32.10312384599714,37.51668392986897,43.97001262798153,32.050774356011665,35.068969920542784,53.9646433866958,56.16738931093306,62.40411458610839,65.4185281490311,64.04061288908292,62.7772664572963
72.17093364126956,60.759809991161134,76.17357763336393,77.56613292544658,76.01248228365445,56.112658086934594,71.64259492800426,69.2245722965866,63.590625595449126,61.272750272687105,42.879816565828804,48.91248012729676,35.95156665202989,37.02473533090311,35.971069661450265,41.38903873605337,36.00463034777324,39.346792866302735,22.419432796795906,34.76293800439878,29.899046050783898,24.249977336575807,28.698450538394503,43.83010956318699,45.878098563118805,47.521100755851606,61.92666536944368,52.83963915145727,57.846780909042394,57.52228597629751,59.91937697465509,58.92049290277363
62.55316680855603,59.456903997280634,77.03524935164374,65.03478669473374,72.66658496465503,68.10542118608636,58.96654747427651,59.78133242514169,60.07148927890592,49.9321296404027,46.11216599967343,50.689494619959135,41.284379504860915,23.351816026211466,39.38763804172991,35.792594390537545,21.466201642348715,40.47434410508196,23.667762552732082,42.37991034312239,27.2206967455357,35.84046867282862,31.602831653730938,39.07050845277482,59.09955115685761,60.70136165622294,61.38842567525863,50.84686620347518,53.86768673422618,58.18350359259524,59.14482333169654,59.147276761212844
58.247599608515735,66.39277658759445,62.05282854054249,52.44121328251195,62.84562370840384,63.32656965376414,45.77659816690345,40.645941941618986,42.36110045573939,35.86396906923381,45.4750016255249,33.30868498227035,40.542394303600744,28.438676965924838,38.57495184309697,27.900710939084277,24.454821265034518,38.691058219359526,36.47205639916418,41.43529967323302,40.508018639641364,55.120606050481996,47.13946208724524,43.92263362611311,62.770994634008616,68.57652127000782,58.24166898817039,57.63048975184428,67.38917252009398,74.70590031583635,68.65886781443363,66.69601973083508
64.70285889128587,69.19664923462174,48.48744063958165,57.70889698657188,45.85994728614264,45.649133364004165,36.11102847280326,31.76404881906045,29.468652041130717,26.809961503396323,38.91596512058944,21.488874204072577,34.40232939959026,39.784336901806455,33.579974154878585,22.26302226140359,40.56089885098842,32.50523620577013,49.61955688428385,43.57284367885853,57.2281984929698,53.76605896659993,64.56054719176404,58.56984190839509,61.72994224140483,74.21726938341999,56.18448305895718,69.59307927483532,80.08187399061725,80.03231728666202,79.63392253345145,72.97131446126352
69.43033265870233,69.58657844279064,52.95706388100039,60.85729810657682,37.606927965683845,33.81338159620803,33.22215234653765,38.008874985338366,28.208785859963942,26.684778828116873,28.990907076813695,22.733259203586606,24.535900028710977,37.58251281285767,24.882063060954444,26.350773317673006,45.10243446235845,32.42778548691987,48.01009355740861,39.16721917014569,57.425397624651616,48.23677201718724,67.06125956426133,72.53243233365343,56.250981329396815,68.02786619244822,62.87140812627922,80.802655509699,74.42147115035033,66.39579387604346,75.79904408514759,74.10990300255091
65.92517616632236,60.24779849475869,55.99838827377357,45.429521869194666,37.25700183748727,41.95074430782005,35.56796070242656,38.930553475861245,36.933111273687146,37.95093469872382,20.768006331778956,34.256863092414505,22.866887917622297,28.939591300532733,26.624483041830224,38.67216619753093,37.74136870079265,38.6351239422502,43.49478550115808,46.63270707303248,51.011574489190885,57.0160965824198,60.20756479785397,73.47785650394606,61.06627418877441,63.01281099877644,68.14502853177696,78.6327966483267,59.53753893159217,56.49049460500942,62.470274476407376,66.79632041343368
48.785380530403295,44.957314403149766,48.34631767718857,30.255119259524466,41.37197939309167,43.363512362906285,39.418358622853255,32.66121188779276,40.18905352922724,40.47315814393673,23.019453791708127,42.25749626556326,33.989456640443834,30.78599426869643,40.597947838887286,53.30534103281601,40.90136871421787,49.01200573407688,48.38763798004148,58.32425282857931,56.94123960884993,77.22116640202184,57.686154662386656,62.45131375008151,70.66906538442443,60.337778564197,73.99409771555139,69.22769010315517,57.40725907506355,60.18290292287614,48.12365473914707,54.20390861053175
35.313612674808525,30.784023483571666,30.100050408652464,31.50903647704456,42.37527530000753,27.875077425871627,39.02982569921496,20.706764653071506,30.863140455483354,35.268097903824895,36.11339244053196,39.73739829955467,48.18161463880087,45.11256892982665,53.74672865614398,61.82007793003258,60.086262424504056,63.41062792265404,63.571413397124026,73.8511873984101,73.74132815514996,75.62339461165828,68.29713912275241,59.83226196333337,78.1672002680787,60.83822795484714,76.27431826120755,55.313416019912935,65.12559348681832,65.47517678161782,43.77852387773242,40.017648213709286
32.999538526543105,26.750759493952977,24.924233191573038,39.476594568085495,36.422836726263476,19.280467096509184,34.148322169420524,25.29639163470661,23.996923956594102,28.708376920333485,47.271004744987614,34.23602584076526,56.927225426425224,58.872144372367906,63.92001330526749,60.26891031724916,71.68822956489032,74.46946013787299,76.81998255609648,79.76039774319791,78.53510120581089,59.748987715486486,77.58922977034767,68.01764242228094,74.10359225110614,63.839971703798675,68.16607578900408,47.38084501372441,59.989665444327954,51.92290551671036,47.33187766082437,32.37854986561662
37.515272030536686,29.775123311198126,33.236015628095714,33.93499856479809,26.85309011279919,32.651702558858176,28.817126582766907,39.67835753931405,30.62483490753761,30.838787243443157,54.516313299078796,40.39088109828669,55.273333078799574,61.82429284880982,65.63136209213296,57.62183554409484,63.92660618863669,76.96812027630224,76.1326139438677,75.36622597659685,67.85656664110927,61.99579685195939,72.69670812587628,73.0822086777034,61.63155652898572,64.91048523809957,54.25237004994167,47.164129440361016,41.32958060412442,33.33247206676038,49.54476111851978,28.45945100155329
40.42589825353674,35.69017725455287,39.690673673898104,22.312531575115088,24.110022582885062,43.18183561887815,28.05768263947473,49.56075011434728,45.29776531877769,47.373459969323264,53.04508464461245,59.29448536693569,52.06888670936881,54.247799657431116,61.28322745613062,58.19606564762228,58.05512964840311,74.61449452017338,64.23528954175326,65.56041531906948,58.09453325396942,73.8869344478161,57.683058167352684,66.2006329362111,48.117131895868724,61.74360011638999,41.76588360811305,51.36534791394676,31.584487269673602,35.66660937360477,40.57197671706619,34.28825343545897
33.942438775069235,40.701493915930996,33.459612315208865,28.802473126080223,27.362988178274446,37.80595576368815,34.036338157043076,47.04038739853975,60.82138093411574,61.37661842623451,51.20228596034856,71.05746630765059,53.302932926150326,59.115064586597924,59.7273041346319,67.3780318587881,68.77140635166927,63.77750339581809,59.0647670204616,58.68754842074717,64.0988791783171,66.56192381325808,47.86855095208778,50.49270150557967,40.14421823186797,55.66442141071942,31.568358162373812,48.74062626264842,37.18311824332143,43.014459068842406,26.640565856204656,38.7502182884834
22.65170116544525,37.230309736446976,25.675706884371728,45.83971299864173,40.753381536785604,34.040274673753814,47.303848176852625,43.509583409538685,61.0450063728548,67.78542314155712,51.63548874330748,71.8383197096602,65.87442953767831,73.05124303289392,63.053171378452724,75.75591845254638,81.58738507564007,59.09347216749808,63.52364194909637,52.64019534542272,69.37500921047351,48.30103767797203,49.451015828227945,37.05841332696212,43.88535465206043,40.01145780018574,26.92014438767772,38.60072292956376,42.27391706233637,33.72185828309715,20.195649618359603,40.64552595138886
25.181454073692507,34.83940213016298,34.68351931227777,49.33671667432972,56.30002824768212,49.79019995239414,61.57467210903348,55.16781707001161,54.953984543874945,65.45222147313413,62.453255445638305,62.84453728233478,79.60860999813352,81.44120132938173,73.2418494971498,78.35939630372724,66.7909527848818,55.344185358558285,69.97526339701301,56.70974957370302,56.196094870465394,42.1408174175463,53.88630141836116,39.304459049523985,47.343373983306634,27.873096242079104,32.29562461077658,25.99453350934772,30.09945588702775,21.163968673789423,28.318193539351466,35.827648909679176
37.346251695565314,31.886564819728807,53.07058688013833,45.306084072141935,61.20956717986328,68.17582294306501,69.92984016776197,70.94554813236785,55.95786091670137,57.2806872653631,73.37443863608561,61.680189410528456,76.15689853091828,71.7272742770652,76.25365496057778,70.43312442548866,51.60170944187728,54.88084852919669,62.34016228996225,58.43918493162575,38.67233646847358,49.106078528812034,47.42563045109529,44.7950099477004,43.79282644849088,21.132372863748717,37.423813229130516,17.981190632088587,19.936546784889806,27.39996982933257,40.216568583986465,31.286802219264054
52.25004940837657,39.19200724256463,58.2757824322284,47.482675946893906,59.24009834058676,62.018591463148596,70.60565526612623,75.86726219909168,71.0085564126629,60.35131473219972,79.67856595255331,66.32544272128801,67.78619455515992,57.87416890922298,69.8509181114651,57.236016114320684,53.110880726750736,56.24203982153891,45.39913064947765,53.90676038785868,32.70190489542495,46.30620294153881,29.969868523709806,42.63415893812599,33.01012387983126,23.704690326229457,38.88008824012894,25.974557911045686,30.76893485291994,42.50139198641848,45.92528700408564,29.984406384176047
58.678187564123455,52.79067025258859,54.60875915420096,67.36642174297154,55.05653564620517,55.37143314572171,65.00367249351319,65.28141019428297,81.57370955078291,71.30836971687665,75.35469330253606,75.65716185662579,56.55121912953016,53.77394694565685,57.429323717310865,44.6951106532872,59.30910483765107,53.657695795570746,31.99438101321503,42.98849740931357,41.93261172515983,27.314877547208972,20.265130749622976,30.157510896255737,19.7105410350148,31.243787942226152,38.45440731492578,36.60672733395851,42.65439472090844,42.169272728624165,42.116049131449984,36.733187583190386
54.43326454135425,66.45352798315317,53.75940006327077,74.62324541903372,57.72685170229623,68.31357353445806,60.670620565609674,59.82832662967265,75.39433515935565,77.29092591547129,61.066070869678896,70.30284840825419,50.60095584428981,61.7079974620191,41.97691672061302,39.30033376347825,49.641370912067664,48.06092694983471,32.645709880556566,29.267942327826052,42.26498040826633,19.797659412647683,28.648215897035094,22.070933805228712,21.746837322630164,40.136511143152596,32.80723234182176,45.88583467115685,45.46683735055385,37.28120830240111,38.15136167170752,51.1162937984084
51.608405202191065,75.21997681371853,65.69602696773951,65.87957906359418,66.62365387177019,79.99416545738424,60.416733576662295,67.96452854962035,61.615732441971495,71.0631468596295,50.18928438096919,51.61799588873937,53.56426794295073,60.68202390834183,37.05956602329528,43.17742360477552,29.868917554281246,38.754807165738065,39.12683324429802,21.733605508523983,27.95651330350713,35.45074778454746,39.48706586713916,23.827606764309586,30.546842651765456,46.764831365466165,32.00679929591703,51.01009091782743,36.517551722694236,46.093426931451006,48.00082309603166,66.09681781929108
61.40703396824309,73.00577310480375,78.90222725059353,61.16676426098498,76.21767645858094,68.41443956961854,62.48110780661702,73.6353793389686,52.094702488366266,54.91402246451479,48.226841095040655,42.64252268444158,56.18050429803517,41.824199609490584,39.31495966505877,43.719478521326586,27.23756219029213,26.491453807659042,38.86699786012271,23.50318185498991,20.00303169297697,41.38593819374923,40.75456188493985,40.643446785623965,44.61648690101625,49.70015339365914,34.24195052814875,46.93974785552555,46.39884040025113,63.37463401063438,61.56203953602046,74.33518333460583
72.80151438015714,67.33915633439808,74.3206950278654,72.2214928494341,78.73810817563944,56.18528255898954,67.19037047055497,66.44256734719751,54.718666564695866,44.99731913073934,51.03512974440541,43.89911529135941,48.39941150693981,29.62711194337823,41.839834967008045,41.26510516843841,37.666110641537806,21.530339021375795,30.47032491006721,33.204166062634314,31.248443101481957,33.30180503150156,33.7148638494667,51.133743916382564,51.7814014566209,45.90961782332101,46.90745208884413,46.96637427545012,66.06837325469336,68.66315398015001,73.95266390947155,73.1169696776889
80.58422710028006,58.76997437877267,60.50493641780231,77.64619555378596,69.53391638999449,58.04296735331084,67.8002262680355,46.67377139651374,58.31577669445058,40.00777707116302,51.29639105992304,46.82523604363553,34.10883844197583,28.324736002401327,41.83694052314809,32.27028586567778,37.777974019398464,21.42641214309202,20.978936550807553,42.54042512625927,45.70162062021182,27.142544412877683,32.83503513967164,48.971040583858645,54.269267006020115,46.03614765350203,58.54986467798182,53.40408146850537,71.34537673584647,61.53128780592039,74.48066548208723,66.73702633067938
73.02780806413124,59.262941917468154,57.82181572574843,63.21533972731832,54.3333642771714,66.86448702309148,60.32282956928213,39.707447751741675,51.82151060503678,44.530481843537245,46.311429578325686,41.792292219081496,21.982543202360823,37.365192608945414,32.8178395056597,22.37976244932773,26.148357747912534,31.399763839516705,28.055004387381743,45.736958909377734,44.55686606373864,47.821700463074414,46.05508874474334,45.71740911158717,48.853213972662964,49.22097969409148,69.21481721170701,66.22542412053392,62.54958835317656,62.45599283993629,65.45527188974758,60.07069320346974
58.73622996613246,64.7698610379598,66.47064262351124,46.6411473033712,42.99855054383625,52.376131435925245,45.34913214221954,46.05302069885755,36.47320114131173,44.51650910140248,32.50802124200354,27.38167698985202,24.146128917081988,38.6678320890042,21.640728171751174,21.941443309845113,25.81242924340105,41.45402430699813,45.422863345535305,44.46379609094864,37.472015041517764,58.61633394701328,65.50223115412207,49.23295371833934,51.90089436821519,59.05498614629017,77.93305238631334,76.63678163519036,58.47017573133118,75.1298731050663,61.08607266180826,58.63352143508497
52.74561344905884,64.76803018926674,65.40214060432803,48.535580149700664,40.88996847308925,33.1201952662847,33.750952843027456,47.43767714022652,26.21078997774642,36.55324375265688,24.031200603468363,19.40832167796622,34.372681249723406,28.80556264300637,23.387359986198195,31.807150410632932,41.56172212748689,50.53451643314114,54.879915347017686,41.36885488105262,44.02009141982358,57.20221531045608,66.92736531503417,63.74327206029823,62.44908803091344,69.219392883896,73.32319076309433,78.9808689024955,71.42340216325718,79.65246496038404,62.417012831384184,61.285755199129426
54.313466525010504,61.53140212918847,46.59089162079581,54.58090184630846,44.904356567122214,33.630083909663355,25.924893131753766,32.948409949599544,25.122678490011456,24.94446185105585,22.70065966019832,25.4203006853212,41.80919082876827,25.222603742385893,32.30969468890516,45.3121381377264,53.50654542729422,55.56446933977921,54.64174613921008,44.76962034206379,66.12745530761244,52.91577348558757,61.10646369022261,78.16557243259723,73.63755047432586,77.5321431721585,68.57796865068273,71.0254007320718,77.47369965289178,63.128853438834405,71.9553154831617,66.01704761936844
59.74908812273308,51.36577622604969,33.09486130071474,43.16642062929012,45.49172494428335,42.61775754768642,24.1051885370915,21.712184874602784,36.65763183911549,21.69429314517358,29.26249697152909,40.92694741527132,40.9918772136206,35.91273726667403,48.94629035001423,57.26413462624739,49.58741349311207,54.552000796911386,48.77035700539814,56.13701623836575,73.66251913159894,66.11493142070383,59.45150331766609,75.20022187249604,81.21369842575625,77.98095121910022,60.01127915244249,59.160389990891396,64.80317289777578,52.196403582178306,67.41592988998396,63.796085732096444
51.57650650006198,36.40687344358071,34.71262785785931,24.969942795424988,39.574168697202566,35.19904177630199,31.00140788933087,24.818281545228608,39.099468201978084,27.841102198523192,39.09371734197937,45.21694919509289,36.79412254432038,53.94735126245536,56.98540442866739,56.591550914793764,47.155572758616806,52.041461097913974,53.74680818288503,69.93964387047431,65.47065788265601,80.028969282396,67.2535252235733,64.8606545920417,73.72858204247152,73.07628387773991,56.66076802429995,52.48104668472824,48.956831983277574,56.97499714378112,55.54910993951683,56.25697759818801
35.48923121624095,25.980819261895434,41.68106094640314,27.389051887255558,28.492134248040227,20.880789648448967,40.33976644137315,38.89224669459283,35.314950472590546,43.133295354748164,48.945339292213305,42.85111342665086,36.76348422891058,56.73611173059247,59.843046905348714,54.58285766165369,62.907156313102504,54.558617941186334,67.87571304488579,78.62321214277414,61.072779731640146,70.03798650638755,78.40423799366877,60.22785722211563,62.53356534807204,61.904192119444524,57.648426399397266,52.49858932003749,48.730678521518655,59.402447571481865,38.163320073867375,41.51920773036777
25.073777503151803,24.393471499325273,38.78359253018673,39.72291876441683,20.090895896197683,26.606565964444208,42.28980257723903,43.32133819057818,28.28618246427892,51.64057419542932,50.73673840731587,40.21058712736327,47.86053711470173,49.922524696922885,56.91422407985535,54.13427324553526,74.32737771655913,60.58681992948645,80.68509772479392,78.25291847167854,67.8282334296538,59.12791154403358,75.25367321299547,62.451311244568274,50.5187857600483,51.76926659782953,58.81360794868351,55.16974098793893,56.88595145114977,42.32904949019563,31.125669105868187,29.350807469771684
24.375787898005647,30.680788649311108,26.731576923158308,36.16872523881623,23.91929143162091,43.181624504708836,38.617761067954156,37.77306412426557,35.75881577740767,50.011852849476035,46.57705498855496,47.89906347750077,62.54072492689635,51.967813596079154,55.431230476263686,59.583673244187516,72.25609243940073,70.36079528951029,73.501875021284,67.68574131066175,75.8028400562077,64.26853910348542,61.26130512005853,68.28152806167004,50.98755589237109,43.09742840140356,57.96263135103912,53.41950537818967,46.8794919805531,27.55446557965332,36.95289044442447,22.721956277999325
33.48968384487667,39.312777007470594,23.157904839786365,25.36982648020197,35.216846281453854,43.25656774625078,36.46643048577994,37.11131371110634,55.26666346226173,45.96164034605041,48.999679997308846,68.21221733745769,73.36885067409364,66.48594118125355,62.291018738065894,71.80482265110057,61.144684384103975,77.16259051244779,62.67090148916168,58.20554435121751,68.5010065005335,72.6203027059046,46.64644288961803,63.29494277171485,54.24645543221588,40.53054354258398,52.57030851919144,44.6511680797024,27.238972870309496,32.47756208464185,41.926450576391176,24.335547093286554
39.38709843734776,42.687814935222434,36.43272262096741,29.90966002734718,49.06853922081383,35.71337359476272,38.4899297279292,48.60888650274397,67.85884724276441,51.28717930196551,56.99949485882637,75.94895080559378,73.30585587601998,79.5700501378353,70.58337890986208,78.23673808368655,63.99379730733588,78.65761224963785,54.80737077806748,53.293943714024,51.00625633743463,59.90689014832052,49.66671393061078,45.37150760756893,54.06530302401426,41.44113661566761,40.047829438001095,30.378632693934723,23.898772404548087,40.88960665054353,38.01428222937514,32.366142598130416
37.799698470552215,40.35198792055625,50.56892596949686,49.2455714919435,56.382682143053806,43.188144782243285,45.29899559238386,66.62852287965484,64.90921316344256,63.58560172318006,68.8850758812412,70.7286059593203,65.39716133822999,75.59512335309142,80.43589348982422,77.82586910001193,75.09532279601618,71.61581214117739,61.57903021311676,53.96625691871021,44.5777321666553,39.130830138596146,54.44230641051041,30.95453257062632,44.78841607988263,42.80493669131443,27.31097635416037,20.36325693392557,34.877533291792,30.70478052077328,29.817764875761355,40.810240743060504
29.79990545118559,37.70938445635486,48.281694776356,57.26772659312691,57.687024294546,66.06152303666383,58.984520711172735,72.22682116317448,58.23509633686396,78.48206622206976,78.90859714854442,60.341945887919906,59.15398915709009,59.79600488930049,75.71602459504355,63.517264281775965,68.60831906229853,58.926192130147754,66.14142590307765,57.268097366273494,53.27873861467185,40.48223847583002,46.624181361018536,31.14209023692027,29.9542529268649,40.13950389642618,21.44402651959739,23.534592135893778,40.634486906998426,22.404518174866013,22.532482568669465,45.103392320049
36.25337455686724,39.72346670306862,42.79999633303119,52.3981365255692,52.460891048413615,68.70924348365587,72.07018481109948,62.23348490513024,61.100417314042666,79.14139141417472,77.09555916921519,62.47800921145371,62.35516716396657,57.725626221228715,63.99125794884577,50.81255001726141,47.799288388178745,44.10972503709981,53.57794549989496,55.557361259240956,49.39611594871323,47.078257238693325,32.74031598339317,38.83871697399194,21.053735497940806,36.711992335483,19.486165508097645,34.14624119668808,29.675628411107706,30.120321642957965,30.627320090942515,44.71142538944149
47.344279764793704,46.250662205604186,50.79617150225424,52.20305579215918,55.12240634374211,58.07240964012206,79.93253661449536,59.34005332526388,73.59609305846283,67.07250882292064,67.9083362924918,71.49793282464616,73.50081627598549,63.12174258976828,49.99547089711172,43.41533105885852,43.19421020805412,36.24821286920314,36.896898837965345,44.56040817639583,32.0210686462961,36.562004695085925,21.492564147846977,38.944473735749426,23.521810134446294,27.633271483283554,30.866194739331252,43.44477204477184,25.930031927063805,47.83404718675077,46.99921929033353,38.85441776142885
66.72155236351318,59.35824584885018,70.60752790686341,68.52120424051911,62.82122526981409,64.62616178258537,75.89957450879999,69.58185403215487,78.03976982529844,56.99388951695718,56.16820538009936,72.2792369172254,69.73402960142803,66.03810754810961,42.50071439640316,44.235008433810926,50.85420142232406,33.890047051465636,27.820192851661506,31.07209293723848,21.940090983487604,21.430016493244242,25.79885466251318,30.34111413896631,32.64302231057858,23.02667269372828,41.869286987739265,45.37936242432512,43.34634935226759,49.44642786426121,60.108291284025306,43.645878466677615
69.88285158308287,74.00258016571435,75.28862935900608,77.13838329928416,73.60333943193127,77.44195489899114,68.71127461095612,78.33074028872473,70.97599224444673,55.16638154042728,52.48139661517549,62.13385258783176,56.11303799493231,50.56431240446534,42.586434744220796,50.17942694320339,45.602426899047344,37.099815756443384,30.678807993608807,20.937345372537433,27.465907275914947,26.847110660941063,36.33025233496778,22.591548597403712,41.47256713895809,26.01354171237429,50.63607609069892,43.321706876714565,58.3078196500943,41.27951686696756,59.23934247008472,48.812959753718474
63.81032345837399,77.59842349202015,68.73488697961271,67.58314442134424,80.2649056878717,74.71629670862606,59.862172267716026,67.46276016839475,54.92666383453226,61.71292396801884,55.00120550106911,43.065416552219155,40.94126292437487,33.06566664143948,46.43193237440306,46.811663673488205,29.12911994658706,39.916350380549204,39.298674722094944,24.002556430613275,39.44601091564359,39.64403712999427,40.45824415236118,28.827253510118773,45.29090078365868,36.509073264459055,54.39071485313085,42.60015540164433,54.72220597114071,49.245970605907594,52.65512261204377,63.44839243422125
58.6729343856451,71.25576258947403,60.43925040786278,59.53265579870892,74.80408473809965,59.63546927302269,54.948361298215794,51.65690761731306,45.53597612011613,60.85783800083893,54.13964731482855,37.102990127388665,31.12069777626929,31.81332758798022,46.056860171345086,36.74335703905627,21.979290772850437,41.36080726984869,37.98475885912429,30.18646659599498,35.143704317756175,41.63828138451783,35.46155413195992,43.77639831178949,44.481635948845984,50.53722807157587,52.49216160050827,44.91690046803444,49.14943244101452,69.8016445573239,53.545581022076576,77.08485438481881
64.53439993472512,65.30299952196044,65.11533159922125,63.86041067682517,61.892963553803305,54.081953361864386,54.15428762325405,46.359504345453885,49.25755420454356,52.04136667156469,50.22590235470708,40.958293164332154,34.3832501168036,38.33017101415761,36.1377757228958,24.41725537640656,31.970239916262816,35.880583637846584,31.634692115619423,39.78453900856439,27.87110637232054,31.288915115048304,33.20545503093741,55.99443849579471,41.69332230974736,64.36523136982953,51.03614849374105,59.69306001368823,59.5307312236952,71.96808151253856,67.61802421072943,79.51969965454762
73.91825194220316,56.98852748533228,74.74866551875735,73.28236064600539,49.68801497760048,62.28043999816794,54.127020926382535,53.04698976816245,54.107175825566635,36.616258296051,40.63552383499438,44.72377531451959,321.91423290057924,39.90664748100381,23.33038392418608,21.051961623156075,39.93027023571997,31.346613508229026,25.06814955974823,48.023082866912134,34.188620937125805,36.91517185094399,44.15962336426674,53.17481902047587,46.26566759099438,69.02341447401615,51.77277909148056,71.1556354384768,75.3049134289484,63.07816376192839,77.67649117487308,75.75687033171297
77.24489000624594,56.41338153009797,64.17309991659911,59.10369928199817,45.16025806513109,56.62562234257688,55.49462533031026,52.13165926602644,45.80278495194548,25.2625587761933,25.972070643704214,34.63461448630687,321.8422178959667,27.14535200814528,17.76104876352882,25.14186417615076,32.80167058098479,29.101863447219394,33.149849109229784,46.25295305983027,53.81887628031661,57.45720945622304,62.86349325807363,50.65145935037425,59.63271653727447,67.05688433565456,61.53879709606684,80.29795673097662,77.88592391509532,61.126317735334176,77.05679179417773,65.37313999260894
65.20435338676025,59.91604934480866,48.572059007390074,44.54341292988932,49.91179987567616,37.56757550566296,48.77903627209335,36.31992066178204,30.29424025810541,27.049951279923135,20.600633051859784,24.067675538180655,313.65622909680485,22.374950290991684,27.842177125982623,39.53299219743673,29.046218326814902,32.85413429671602,51.20235139465457,43.28688393970605,59.29766507520999,64.46599696140564,70.13814696607513,56.134141489915905,73.85943102556872,66.52583497657106,68.93350847863181,73.58057887410438,61.93952032576447,76.08567370516477,64.14491788470174,56.39890075323735
49.137411463582474,61.10554938951046,40.66394572887462,42.905878199933305,50.76031983692942,29.14216679237651,35.717272857907226,24.18316772008222,21.145621034556715,34.45263623674224,25.038176030753647,20.551712865944143,304.78584878187377,30.694514972757588,41.29862494392072,49.05887156133091,43.43050285189939,41.401463171885354,59.94122162277873,44.89155965734827,54.896613284007124,55.059182128030955,63.53413065231932,67.6069489749608,76.28170349146858,59.388834276908,77.50046110024749,66.09321239984337,60.556213371112655,74.19812036875147,51.698327883340234,50.91495946739145
40.33061769534352,56.150852333019564,44.835293192172834,47.50765607380782,45.55630391510564,39.36673280790627,26.40393319776832,24.905942536939776,27.542044152769613,40.93480348110491,36.53163709449322,32.261084821065495,28.770704448121656,46.416878265054315,52.03704059748688,52.88441571394909,58.94041295565259,55.24198437436742,59.98777279436655,56.703705030458295,54.842507820429006,57.207738513855084,57.85174354113013,79.87010227336282,71.14644262162204,59.93542741250177,78.72100600046777,58.359281952806036,69.56913624633016,56.488138367812645,53.14934909891767,50.135400497543955
43.23090276283443,42.741739702532605,47.08339214628725,39.67639217904485,33.61916420286368,37.40479970617877,20.930651521778078,35.96942900422323,38.02175614125901,35.64253318301683,44.71354051475603,48.64344039209695,39.51075996194909,51.35259260793145,55.35191458896235,51.71865655560072,59.74332154168897,68.5462027295307,53.28601517524231,68.57121336327585,67.50410928307437,74.9075965903472,65.92244645406178,74.79495532293697,63.73377179416269,65.39487167771969,70.42225683612547,56.5724701127729,68.11359923245436,44.31457315597668,55.129249999033064,52.717131054824854
47.41639149092346,30.118404084622508,36.006761816068725,24.376706315847,23.75432066771741,24.683592546749537,24.90501362374085,40.2262855400406,42.11170347992452,29.52547948925481,46.758780554779946,49.581673415800836,54.09447966289601,48.76707246326632,52.65787602995385,50.250754529678616,51.67561964029425,73.4160695563833,60.316812873074774,78.58379186079758,80.45241871712828,78.53904002243468,77.0091473679258,63.238304887913415,55.1221502497843,68.37957560518738,57.755607712536865,59.87654144988114,52.58094687970201,52.801462028357854,56.74375099562759,50.369126179658736
39.99986140670687,21.593465859156705,20.56323481162269,24.876535781637358,21.095688652835346,24.089178550870916,35.88727922638911,33.782998637546534,36.75629861084777,32.1595812275969,41.94564849539588,43.60219687987982,61.493016347471716,46.2786413179817,51.86206857813287,55.51010610472426,59.8882792072292,75.42869338677252,72.83511990273826,78.68161739811916,71.3067480622783,64.77171475574855,76.67392839747806,55.1235132937113,59.333995608755465,67.39888891064315,46.81017934287226,60.756956567033455,35.37300177533412,52.59859284294748,43.5973804925832,44.00553451829932
27.31645851884472,24.28191628220001,23.906375133652144,35.78940867771808,28.951048786311453,37.862658302784084,45.986936191958975,30.41065827418823,34.29181180892848,45.469529330368594,42.61316808276849,45.14633236091456,57.638762423440006,59.99817856915985,57.97294793065699,65.69399983566271,77.0011333406816,67.01832523446456,79.31865169875654,70.41700860844982,59.83974528406189,56.58666921006495,62.45821562748872,58.81383128422276,64.59649207971337,59.9959447855695,38.080723545872324,51.56004316704642,40.66664693334184,34.18138423283814,27.294822164611464,32.330362994898486
20.93177550961196,32.85589533392298,40.343002718092905,39.57628560601113,41.60234894492927,47.42861035906662,49.31368129970482,44.301514834039295,44.97411684623165,61.54747118259601,49.04395692098383,57.51902808801954,55.06013884622204,77.92097905649008,67.78031075514158,77.04221858180524,77.40408216915526,59.29970615949356,69.87779485752971,60.563316101264675,57.18320075806649,64.46569309592198,46.458212793802986,62.693904776833854,60.47452327711302,48.036069750505426,36.47272731862355,36.66043345211892,45.26375463679807,23.566399115349032,22.34350200030401,23.08118695135569
25.31910450633592,40.49766602936565,44.9392580152288,31.696130367714442,50.82140464535846,40.366457519023484,51.67337097173975,63.10414964754549,62.01662092375396,68.26010464624217,62.86034122820341,75.46963844179469,60.45577298871479,75.1177936864296,78.49556575956345,79.53302415729043,62.533336749152404,57.71235883665877,58.184843289622506,52.33958655396393,64.90615873665698,66.24747247662681,46.21438710380594,56.70604718136291,46.819900795047104,34.502071337216655,39.995590140129764,23.440854306583333,35.8346745196266,31.14703115391712,27.789993314467,19.509430119374215
38.60695704329969,46.60058833134208,35.65917470167355,34.755455280935905,48.75573322528504,40.18853338171429,51.30413322907538,63.11446974176989,71.00548706853964,65.19604162362486,74.16323607471101,76.15279866782342,72.17181218383517,65.14481433647002,80.46608161170975,70.0853666233075,58.52899018928843,60.07725139036494,52.9726336223588,51.26440303189241,62.67102570804598,46.08459271033461,50.190813102077335,38.88363230317592,31.692378486568405,25.684065723803275,41.60307337430026,22.351354950346167,21.391117414585995,39.79796782516714,38.43261897855624,26.10316375889458
48.220191344223565,43.41049945947286,36.51883415017889,53.47780665103107,48.97955030417161,57.87646200143791,49.92868682666564,56.128731234204736,70.26190610847254,59.665157717172875,78.56148352621527,67.80697044721336,79.96480781260607,59.86798853747629,68.14386139353483,59.64370386186658,67.01713998419292,61.45891561318029,55.079921446979846,56.439538427421596,44.37840165092353,33.76374588404349,49.431288974969284,25.73600650905494,22.761589271129317,23.38540168030765,41.01946373184413,28.817061144803397,310.3708035386261,31.826235865251856,41.85683880941029,38.03052866709196
47.46199585487773,42.22528198410463,52.671120679488965,66.05221639963071,48.6872467193485,71.73349760106932,56.83047216488558,56.712177255163404,60.962661008313624,59.92019286580678,71.36622023107336,60.6380268504934,74.96927003003414,66.78920600805698,55.433115155940754,47.42309360003949,64.52822519231167,61.78469071776494,56.61381157178999,54.97136519801816,32.16083782948413,39.372800383219584,33.61858171796563,28.458684236541668,26.67725865154374,27.55287139471391,35.46525314449169,39.575350437422756,328.2359793642677,23.89950516689101,35.572660525760455,49.363707226981965
42.23786725029972,44.26949556271098,66.63410233377967,57.79113828131008,59.07845572909777,64.2099132406996,66.47188372002468,71.78387778082391,63.06526327679791,69.8356965159364,59.90079797753438,61.904430038648464,61.83859027214199,71.20942472212162,48.55372470912131,48.40773172924054,46.10468208851039,55.74994267899499,48.79969091938064,46.00946937564074,38.220998375896585,44.34498447465464,22.209037590055672,36.941945537136334,35.89273529376012,35.58334504520007,28.335909156356163,43.62405136839565,330.2933353719068,37.22304090443719,31.427437368442675,55.4978473736204
46.11173920796795,55.519790397538955,66.83485819900847,53.47130264613947,70.339855962514,59.452505818943315,78.61857599822132,80.00917932012601,72.48802359527411,77.02655842748979,54.13439610882404,69.94292475737551,49.8097034592776,60.18689781458799,49.47115026408539,51.81159512697416,33.24643291611773,44.79553968127692,29.68875378894226,33.2162348288695,43.35106358205086,29.38108432684848,23.362501561498963,39.542950592625296,42.073804126702306,41.25409500630591,24.873431913275166,40.357912249140135,320.6492035146661,54.147623351149434,41.09102855143752,55.040831879917924
61.46172707692817,66.95665946096875,60.38344686884882,70.03393590222935,78.00227035371356,71.77772121273743,81.11766056429852,72.68759481127498,75.72832748239631,70.00184508960939,53.97303279245502,65.005427957738,44.580401746938776,41.93584656168901,49.63423418685529,48.72508729681516,40.07927676024271,30.741551664507753,24.445860102155073,22.008004596436514,32.49414158819133,20.286213697739313,38.3825233356119,31.23135265945561,38.082129859455065,45.10581286660469,30.387568902221926,36.37465944300464,37.902607125862396,54.48252833491638,58.72625400930379,52.203172099526924
74.0856438485062,76.97740587437944,63.476579512063466,79.14625762445782,77.7005839617693,78.67374111024263,72.34884488442269,56.37592861467642,65.08977269368417,57.37077501050956,59.46014669660818,52.539736300068014,50.7043030969663,34.740600469000945,49.20120400883878,41.47911929692229,43.52713634627133,20.635647087706026,28.352498657744174,21.0313911819957,21.518323948106364,31.866854136893632,41.05666441115829,25.259151362463143,33.212251502165785,44.87123236269747,41.33018973692755,38.549511798354764,55.76056930642521,47.16868081199754,69.47017123808122,53.76071198193357
77.29385391145127,78.64121057661244,75.17967752258458,68.5392218309767,66.23108600284347,65.41625890259213,61.23755986141609,52.29193516106247,48.95672703967213,43.946802160989016,57.82225082727375,35.913679793752095,49.33567201811213,42.397295199782945,38.98065300321505,30.450871073958307,29.34585299869028,20.890793822810114,37.749955942204075,28.748227561431243,25.76037218975455,44.065255168038846,37.261621324097185,33.77339524224223,32.88282012540384,41.841265625326656,56.27799210781608,51.79770903363091,68.52946516286525,56.8393383250866,70.71454466529866,59.72382730401501
65.94230915405834,70.99229619048994,77.22242732204471,57.009982728630824,56.01496445626114,50.970907214729905,48.30769254120057,59.07053867107258,39.268760868867716,38.184009954820496,48.483167743201676,32.7151070810222,43.96348109213235,42.03242489401823,27.57670268549167,20.91507044237046,19.18448901143409,27.46762039081439,39.37186118890304,39.55473470073559,44.69612916489773,41.487944449652154,32.827913279203656,50.67893043220363,44.5379070404447,43.86951339791682,66.81956142593062,67.46189857957665,62.810946225447985,74.53730083575901,64.61757318825708,70.67753790339546
60.230759080311984,61.52063932431062,66.56704299571967,60.18457363098606,50.34745385050876,55.53728016881729,42.738913532501094,57.316426638872535,43.42463468930674,45.17263262144437,33.61394619380893,38.95529000349438,27.632962956181203,33.66077279025193,20.115219555125968,23.808301330420917,29.75982267413741,36.439992372962166,30.41353191910297,48.750855397809815,50.39971555864234,35.701758220374614,42.64932567816375,63.368388904608835,60.955687771128304,51.74057913796926,71.74717014530296,75.12009127761098,57.48768298592961,76.33982497040815,59.928733529308154,78.60792866919431
60.85651540271137,51.98728322145492,50.03001221162435,66.04966358670637,52.65069334171836,58.92697141355478,42.14160626637464,39.358922288429994,47.29971133884887,45.112876396727486,20.32983662568656,40.882477861845665,20.082409277093127,21.839503090541115,23.106279153416363,34.03954421198246,43.49403002128887,46.22196548493856,28.84634918353744,46.73672951080136,42.72092966262406,46.636472268567715,60.485941490877785,60.692929807344775,72.2809506469899,64.31856432459428,69.99542496823193,74.41501065493662,68.2380473673181,63.090963458575395,66.45477919887443,76.67725789082526
67.01945112106928,51.75938035654339,50.80035416286847,54.91098303407625,53.506685319756976,43.60755882307828,44.964394529823835,29.299518215010522,39.797489524701305,37.742054147800694,23.933371884124472,31.028814981122963,24.190934113153787,25.39449944886435,36.97216199903669,44.38531021984214,41.41676796575158,52.45989066088859,41.85580277218857,47.67420040982869,44.28489548158658,68.07994019577414,69.26739132159253,53.636000242639575,71.45118777662859,73.30698144832671,63.847934697767094,65.97430438631085,77.86749328857863,63.26290997440754,74.40711909263055,70.62410849051605
67.1165315359729,54.40342579872926,57.17518769831276,35.95195478375878,50.650088896457035,29.033722066764714,44.84827379409748,28.958684142784303,25.182307959280973,24.70593155566034,29.318000479890106,23.884752011197676,36.53508835373751,41.02800580643495,45.973437600185925,49.54854791925074,33.91034108761667,51.70336611322844,56.39030625646033,46.58653950280996,58.50339524634619,66.97799516538832,66.41734720448628,58.54641007609846,66.06296747824489,81.23431215834765,61.75772227649304,61.093217771192045,71.70007723324696,73.92661351146754,71.59866791953766,57.65473984445471
54.920503586631554,56.45410803218859,50.96970853451293,32.47721134650266,37.85110380180803,32.15860539549004,42.58538603518209,38.46125923555243,21.7253346482437,21.316326872967462,39.5257413532181,24.65842251790265,48.127492763269615,48.23996811531471,48.31024713885507,47.603183172026604,46.37171748847241,49.72537810481595,68.32518780621355,51.65476433894221,74.3370902392051,58.25278942833881,58.98015791483066,69.72012016896592,59.60812555674569,77.85883412797774,61.02019444501162,60.457371416545755,53.393584648339974,68.30173209622502,57.271038840426776,43.40043938995449
37.58264189015604,50.40855799055666,32.437900177635804,40.36499392614504,26.92079067204468,40.80926558043119,29.94899135243787,38.630550016518754,28.065364537263267,28.774481655954503,42.53224312241268,41.36538819490301,46.31902459618564,41.96691734900025,45.75327389943024,42.29793717264401,63.34300588142563,49.574915376973934,62.25798292570817,66.05329975479509,69.60796555567065,62.56174752624351,62.71923752845633,80.07905814545116,62.8954629622397,68.48337679836779,61.76608324575661,65.02019684944783,53.32057870202743,49.8270850158881,41.807745567716715,39.20277772255038
27.128763126616324,36.24181893863432,24.008969256482036,37.84024061370871,20.77703339270529,31.568597360668697,21.91258953109245,28.449769485217985,41.795635001351464,41.78465587905567,42.433551611727616,53.05827555387148,39.53887419431959,40.88881805590404,45.99680822220362,47.26306417723468,68.7452662345634,57.68193650141726,56.17518566477916,76.95439748995938,59.0473340599457,79.15060874370901,74.7971964793851,71.9071405454917,68.20958243724868,58.37097691038483,66.7768224725997,64.47954056411663,58.67876670778224,40.8329172819574,37.62126697218568,39.8862224557611
32.092257082019785,24.470599399886748,32.5069713491082,24.377933062901842,25.59310886764195,20.361121509288377,22.567612106930387,25.33533413898509,47.44909017947907,50.27840442459677,38.42620872272247,52.438742059977,44.71051154267746,51.58788128516081,53.38517082345639,60.20472544665521,58.98274657673702,65.4791772922026,62.330714225837255,79.764547191537,64.74616621340351,75.16951304656308,76.77014379681765,57.84776336230509,69.68233953585303,47.220295929095776,62.669790369147506,59.21356664432314,54.58406619955206,48.48589520556106,42.203696506675925,41.05574444644024
39.256952773745134,20.305974449387946,40.08574811942986,22.693012678067845,36.4425231479763,32.473171717572505,29.29922082192606,38.98435294761408,40.729963062291674,48.97288193006731,40.915145613953,47.64499233261596,56.68173822622998,69.22885236216403,65.72183779679283,73.89711365863361,61.03393152282063,73.46730714567364,76.14016224138003,71.08574293647933,75.77703425598756,59.57490528529101,64.23897578110294,49.72503580036268,63.728745193387496,45.36223386907913,57.47210780008901,44.29762043766772,35.516506932184,46.43170797824723,45.288761504094104,42.242180991281145
37.86452400695533,26.540442500288567,34.78956475562642,38.25410099264965,46.161017965318536,47.18876793674719,42.797525644870085,56.24238404360644,40.89225067637977,46.81354767951505,53.27212985588029,52.31623559229342,70.39028613016669,73.64811893005782,77.46714616748174,79.9011986091564,75.63012338905922,77.99983528072252,78.91478576167523,60.64030641640643,72.78815642421641,54.09121023229576,47.683588537996144,54.23235809861401,49.20209120810756,46.00740632470436,42.914482336255794,30.337926081908588,27.224132996610493,29.95133850905578,37.49818270821861,37.960359666621756
29.10058157428076,35.356703216553434,23.421767386653915,45.81474078375763,49.262114264417484,45.26174500785633,56.11775838401837,57.916992807896506,54.292172853102024,50.920745114561875,70.01435186730507,68.21868992353069,77.887000299977,65.46353039766085,79.60189964839877,74.32097365569012,76.66534882720731,77.4798399814073,68.43915535426223,52.261079119154005,54.63300971774896,61.49639251834661,44.73510555485622,55.376433987772565,34.97089657596727,46.074729572982285,31.058869439390847,23.547659451358413,36.1378651694488,21.24333303056981,26.872254057267885,30.435081152184587
23.266524692469446,46.26959087747415,32.82406228384139,39.76395309563098,44.19189765128807,41.54192003533946,63.17678574717314,50.49820750331021,68.2316902225877,64.01319022238694,76.9746853525528,79.19195712096581,72.43074657386043,59.41662004407308,71.33155424140305,65.0922938857199,62.72828474822515,65.22401047220573,51.25377562371666,50.29202840382725,42.22367095912451,55.97803023487784,50.72383632002636,49.27086918492083,29.402672073028263,45.77030276745037,21.04792810153445,28.35198190899608,41.11941322908467,32.75866765928915,20.860008267915738,23.100970535498355
32.668950850378025,50.707352040650555,51.70732034268158,37.306465952407386,43.866603289013334,53.470036546371446,63.15192279013564,56.43283497279714,75.15797997310369,76.2605527922363,75.14383921182777,75.59297275228094,64.50946914362737,64.53979947780323,60.52631298921128,56.33273728915193,53.271850226894934,55.1954460835262,47.0154363475688,52.88745872650996,46.696317706041796,36.2947127474388,50.12755932570747,33.76997715723271,33.54529354836612,39.301981103094704,21.916228295902982,37.13776831287897,28.04317929043566,41.772049048488995,28.788216127057822,26.6224397512523
48.108341076074446,48.531607690805096,59.429260456893225,57.06333079907802,49.931784126925024,71.99978727743782,61.083056425588296,70.7100978403332,68.08304060542456,77.52617195074609,65.60398986504497,60.005015023928756,57.513502596452035,75.42337057418608,50.81738413434053,53.713786190482615,59.533736384752586,39.89149803964295,204.58647013935484,54.93194355217574,49.92496431895404,28.3984166164999,34.21283714141294,24.04380151769562,38.64897099428381,29.99608415457191,30.242494060883963,41.63574665850618,22.145024596909092,33.51839786643369,40.07110189105918,33.07974529458975
59.33784512632827,46.455880411057905,55.69719692862077,72.52233071089827,63.70753930399527,70.27643713785855,58.236349480874765,80.32780019293251,58.49146930594356,68.76868373491574,56.89412767575344,57.42086674283322,62.5197780828482,69.83942770564246,54.227409393126415,56.89979780332471,59.84955907537079,39.0202775864977,205.92556736831716,45.462310738219124,38.02936239136326,40.09304159149676,22.824873626771,27.109702338129708,38.4217728006068,24.116130417914906,37.86216658742569,36.42513702014521,35.92064433535624,29.014397603609194,51.20612935999237,50.58294460925141
57.98892550055814,50.98271290496498,52.787485824145506,64.49551696401507,76.46219861087913,59.08926241022107,61.65803635144327,73.06444194174671,62.53048536365427,59.629939759871775,57.559310312771046,60.323739247227806,66.49127069442702,50.38239503386974,56.374120268971296,56.33362547860854,44.18142367245759,38.561929872281304,195.39195651964855,35.18297940869238,24.099835810809672,40.74655659335223,22.966969829975003,38.267301796833465,30.76055489381804,21.980455149759983,43.949875770432186,31.490029270071542,50.519708969494864,44.30793977203278,48.74799180856641,62.14923651063403
53.55219647332929,57.55324043744691,66.9440653275839,58.241184464245315,79.92761500288123,65.6925862371815,69.47199742250815,59.06937796151156,72.18685905943272,55.06823749787401,62.05357469892124,66.79706112935736,60.87077680597666,39.58203812843763,56.48579875959252,51.03600321080741,30.537379209187847,40.930592725157766,25.3732781210442,24.253581844636606,25.788035568845338,25.292251159846803,35.22272278147309,41.88457750702944,26.6451757974751,29.85868646566091,47.69385473962765,34.86121007003056,50.40290227109886,62.36349365252556,47.183595838085814,66.67288407581243
55.56979998678507,73.17228446876727,80.23291070223165,68.33883334134724,71.04148982742885,76.44512316709879,73.24884602417265,58.829211472674494,72.14920875865386,60.16706185147131,64.6927381538834,59.080122877543566,49.89188671544174,43.800803005899354,44.57748188695847,36.64932531269854,32.734274144684576,41.4826871585402,21.18460652441762,20.116063729789577,35.877361563954736,21.702811642637048,44.74934740803031,33.767305880150055,28.119240514085046,41.94393060375786,46.85051258124259,43.55892222961267,44.67986400895774,57.03055130415602,51.80109200690243,66.84776553954599
67.63943608543475,78.97518241185922,75.21361993603777,80.09850432588429,60.23165947727084,71.90880665111594,72.70842459975351,66.74257380175008,58.73410980369983,60.80443701924938,54.92717405492033,39.1598477503165,31.346665337407085,47.02910759177344,30.54043762498647,24.817406710349594,39.85444673884776,40.22788570981083,29.671368364231025,27.049487763456213,39.48058770305777,36.0513171208565,38.040265741420306,31.158256956849833,42.36204220043203,54.49712847521851,44.80449874814342,59.354396261709994,52.20148581947319,51.730142683240146,64.80529102372464,60.62576914751498
79.97561104082432,75.49082981778062,61.53026107783802,69.80897522244778,54.01316831179869,51.145860137404554,64.12704909633818,62.29965461466931,41.1578841144837,53.480747671230134,42.11847910264512,28.687201203281937,27.32044086593999,37.765401119926416,20.117746059103748,21.446575581482374,33.42005517568944,32.704503215676816,40.88130803464782,39.74257614335902,30.576228790199487,49.098178224038264,34.07837744814716,40.40700452685089,57.612581790021,64.38079061160306,46.631573430071384,70.85149820815144,69.68053256093515,64.14972122581847,78.0954844573909,59.77670199248544
75.8839879649237,67.68930113951315,56.53294595848512,52.71794132530336,55.0839582144764,49.87608410536956,47.63904088536188,45.90973162059131,35.16209622802037,36.670663774605124,28.69315530757077,31.266864569698306,30.557102939532093,23.107257990079614,24.438145796247877,27.853090957105966,23.216393090114934,25.69814779822302,42.02032990574319,46.87252205117824,28.84359543159576,43.64467386629861,42.19752283256611,56.053472303301625,66.67435374404381,66.0383041109981,58.758975461829486,71.23596710686202,76.89424881753384,78.77261673997546,75.77380904240732,62.871763833373016
66.37597730535062,56.90894131691655,63.175176042973035,49.78028728581002,59.296045872164854,56.442727088190445,34.23534170124181,31.771158205321292,42.24667567778326,26.48595485372903,23.35675714977024,40.7230445159142,38.7161379132969,20.937368878952423,33.75289341864313,37.85916184858422,27.099114406769075,24.795468528571497,33.167772862274276,49.13317201020065,48.75327051137444,40.365043738532,58.09908820164682,67.73145194353664,65.35330333753646,62.28071013910472,67.15567581957458,67.10476800848019,65.71318196474428,74.65764234337445,65.2692653948426,68.90967346247265
52.41394032945508,48.598699323582125,64.80206813925734,58.969278853886266,55.3668678546113,49.52896284584533,30.481422207026686,32.484037795793625,43.28224093414067,26.698684604808843,27.37743643999956,38.27638595793161,38.929562658277185,36.26756919810174,42.98336651610847,45.095016897528005,46.95716840627423,33.932293940071624,36.51939543191931,46.69153851373658,62.87497187782705,58.36421593230375,68.48280064791814,65.36180879489042,59.972307901290385,58.58519303859021,77.43172876428035,59.982564275040524,59.036215339531495,60.776660461853886,56.415505144963184,71.74202145147889
50.637478095658636,49.46829296948563,48.677907226761306,53.178243701506815,47.44352388163362,29.38906730783743,31.670002044730133,43.42068542725373,35.676630045764014,34.121966563054464,36.12373189872466,29.906821094410343,30.291388413821895,42.77452149885195,44.08396670826529,45.3676203579274,51.32436329249975,46.579287055530855,48.042886630862064,47.521032382619495,61.048606373200805,72.76184550903962,67.68842852951214,60.17278178488716,59.58716627642489,60.71957345417962,79.76030351944249,61.08175103130799,69.96181737845464,60.33443089464094,58.21307572979455,69.08058174428929
54.22196450953732,52.62111131690514,31.700667442162004,32.21609001816227,31.030622588991047,26.470718691660533,38.27043546040239,36.0547352456531,23.358909442598694,40.25718766861025,41.905729572953405,23.82943446918066,27.178290867944153,41.411388601531186,40.794445352591,40.43977039630574,44.26634482993822,58.76300286984287,65.55534336511884,53.62161693903407,56.20349588560069,67.83343618165416,58.56896603940899,61.08641123336968,65.53735670081304,62.29872876848903,75.58315900109658,67.39870796701878,73.52798646198299,68.44803437794164,64.45494127673568,58.94213968700633
54.46501931643687,51.42936772558107,32.62419015222345,26.509330457277773,23.030282044794085,39.0974483912207,39.96517345640332,23.675288430816146,23.161171153597294,36.64546052375604,38.908161851680745,33.50977926819198,32.96014281848319,35.434796273890065,39.90978790845576,43.254137748092646,47.55550766836822,69.68534377225869,72.50749591847831,62.92041517528399,62.6694441569632,59.44888107984493,61.01371709970194,71.42004366241247,74.1398876058491,69.14377780788503,63.499679208869196,72.82207920182411,57.77823250805779,62.71604408305212,60.897485848140704,43.53769970846494
40.84406457135578,44.226812004562476,40.98361696040386,37.17114920588886,22.158220401720744,36.9007998979614,39.446192321067876,23.6013072809611,34.94629663985932,29.245360973070078,36.14651402405546,50.07501689384871,50.031404135003456,46.21081743849243,45.104254332474135,53.15053800750171,65.77402011914886,71.63386281125202,65.10625847586954,76.89603748169495,76.8261066064314,69.65642890227784,74.6905633751919,76.71201953654158,75.27205844821592,71.70330262542873,51.189808219225235,64.70346246546838,41.83797286138475,42.24421252903295,49.691246209291485,32.56253966147306
26.63263625123944,31.65551874305939,37.87486516270955,38.73316884703005,33.20304298808917,24.693812422745278,33.57571154669928,36.62095716368365,46.3396783489786,30.86706136432951,35.8732765593778,59.20249459998426,64.07104111304653,62.951039929347495,59.84259510216279,66.59934542244388,76.90096385452159,68.69356705552262,59.88103790836309,80.6835356325289,78.11614448785718,78.88848545165688,75.97027942806429,69.90956740115602,66.79668287499679,67.86690090260846,44.21353523580097,53.24315120615049,42.789823816768155,35.021982358418974,32.268947616376394,26.99788934132763
24.296064882225807,21.802404025432942,26.970001706586764,25.828481578282425,42.214684661564874,26.00917494595675,30.313090552196357,49.0360495201102,49.20578360767263,44.56987687310734,44.47795613737076,53.139076502988395,65.54467436163993,71.43751243648761,70.76737195236754,78.51537118508533,65.90010554553892,63.79314032646061,63.92782752614541,75.44800105384658,64.02490490103645,65.84313778607012,64.30621533882857,53.23260142210155,50.838072125445024,60.01220908996345,45.11317753170743,38.10761995806168,50.020507976070505,44.26652910977845,25.751975566583432,31.373278491565138
29.540131362523532,19.34009769600687,21.086412264082202,24.757224973130793,44.36820359419442,44.080105222368836,34.0322730636687,50.81855789249641,45.898661222370706,61.13825530132093,61.540779640567834,51.643126920782606,61.30054792270807,65.56121773133681,77.55037156377199,76.7640412725733,59.77975176518321,61.11136597860486,73.87542361899698,62.66895241666836,54.99774126755768,49.8823221570112,51.01747975806313,44.49883413772924,40.87011370617184,44.38498330532825,45.36571350943036,28.525937960037226,40.548283758007905,42.43904031120964,30.890888107920542,37.91503684044158
41.06902210257552,29.079694616831752,34.90608905680635,40.32786932257776,39.60140748788595,52.39945777825574,40.235542463832466,45.952866881390534,46.18867535746635,69.50567695066509,73.884443443354,59.544232759414406,58.194783549453604,59.44933150904593,74.56333485722287,70.089541287639,69.93592373261072,61.210610834471424,75.5993759845769,52.5149506964148,61.412875779826194,52.037753752642686,42.35470491740252,45.443061865958015,39.69692460995426,32.6341368451576,46.447356064058965,31.44111167013095,23.373287389886748,26.15097468944808,38.657115894832245,39.81501932674975
40.9024256932399,41.049526455194055,50.11631527901472,52.959787681075234,38.63395021005887,44.35917680021727,57.11597169682268,50.46495429041427,58.86731741007814,66.22047378196315,76.18835776753775,74.80611933127301,64.02420647286927,64.57563064171767,63.447095935112856,59.65951758982789,76.37329296656199,62.88221381047598,60.19639466845145,50.710195891731416,62.98295862213813,59.74032595625479,47.89050927503903,50.67557045653928,42.11320003467111,25.827950750345853,40.73980889774804,38.77574558188815,22.707150280966477,22.66114640916079,39.044440227760475,39.819815492125166
35.73180736300336,53.7614446855464,49.53779233438463,47.45455867865954,42.83019264274667,49.440808129637425,71.31881128839007,70.26980579042028,75.37976443099308,61.186526835971165,66.30231920995614,79.58658039205812,73.578581146415,75.63124420311836,57.28601180784707,55.952794534014984,61.64582675140723,65.92885615072825,44.96466179186562,52.5410702391304,48.54586895753611,46.3184389254811,49.06683041707973,43.51814514955616,43.821479418967975,26.305812758145194,34.53854140033641,39.24128084879411,37.02068289720658,36.145492825562535,31.749438564124308,34.35418917216241
35.7478609699792,54.28318164251216,44.06241791669684,46.73261033057838,57.17505940594165,67.89547811652444,74.88933623019865,75.56387638050388,77.50593668706802,60.87107842886821,63.172533182220576,69.70178473844652,77.95929893683542,72.13410194358083,60.45373920184403,58.06871138436226,45.79198077903082,62.40928662081071,42.45432133930449,55.432745254410854,31.630616243711074,27.9492183130699,37.06782734962273,27.92413626836857,36.88179357077093,32.48638322282091,26.100058274747752,36.17600186939001,41.218894559099574,44.853531291500325,26.424105473558125,31.252721996357796
43.67984922485492,52.453282358875725,49.546510978696396,60.83859267702575,72.44952145962698,75.29680179021534,73.69930402104268,70.92349051982002,67.81415677502076,69.96588704718411,60.026733300105974,57.88425198936512,69.48794492078129,56.79970327109291,60.26365651698192,61.61850084890305,46.578948397979566,51.5195519695629,45.528102049834665,49.05637729655927,30.151118441590146,28.293193284087952,22.249153590877185,19.06117011484681,25.939424852351742,40.4489982459366,20.726513626364603,29.5331981030829,33.04431406654383,39.170761508993266,35.83604032010539,35.9176243655643
63.10927932685466,51.577199675401495,67.55961635135128,74.9916426940638,78.36394240566808,62.568330440348056,64.58490270630188,61.48374971187445,59.89974903297288,74.40776579006159,65.17538030888518,53.72066800528926,54.526712121412075,45.55820562121836,60.73143132556926,56.99351781966305,53.951400172534946,40.049198517916665,47.25566175382054,36.80241593123565,39.32999767786522,39.27959985525995,21.068469237818984,25.04787346199915,20.59275407510804,43.29378641993034,27.09706627709274,28.264076785847404,31.037714172129817,34.55644526040958,54.42169301942584,47.730379090427505
72.40401690769839,55.52291175370736,76.44380529093667,72.39774568854881,73.33246459754024,63.09028158391134,59.659757032293506,63.87197636307808,60.94878125763514,67.97511401447414,68.64285084881902,58.47916079437487,44.42682778460789,47.75254562857793,50.99273497001004,43.24579923809965,41.940535950833194,29.61256037503852,35.91271037770581,23.659031763751713,39.20219064276349,37.15249723315556,35.469670910747695,38.77212588022944,28.35132990189995,317.2766844293843,37.624030956191284,37.12318221835325,49.83025334790348,51.26415713385778,64.84583413656748,60.19294998051661
68.75338515859826,67.25835124962092,67.97231604428802,60.10214850874725,62.99546632079433,73.10056218870376,59.03959115473065,71.54578731526473,69.74552620861891,57.51951450734724,66.09814077528955,61.51231747984602,42.738046604037876,50.151748479929765,37.120236224537834,29.87743103734306,23.65533254403583,21.90580016113979,22.670604728530233,19.450597827672283,27.112809398419714,22.986001485886664,43.20712141358643,44.55679502462596,41.13340975693618,313.03162709810783,51.37625040890544,51.81271322678891,63.476420157077825,67.77918047579962,64.92730955795385,73.61965020763606
62.31587523744718,75.24233016367619,59.85813695140833,64.21851707376663,58.46935531148872,75.47181292576455,59.993045984923796,68.04522373351286,64.84995079306961,41.56643592976722,53.417758642876265,48.622711142556106,47.105780966452514,43.92351137107329,25.976743156861986,21.788226554554463,22.818583548736154,22.20604324256502,20.969614743112604,23.82296793899492,24.445741728331367,27.22689651685278,40.53401097024161,40.00924806306756,53.47699734039655,311.9477244445204,60.98779292531873,65.3626484615235,59.781540802783624,62.543334755115104,59.942921911109856,76.23347639043965
61.74579446607305,79.8083302151123,63.48984376252879,74.52275557247793,58.82628490865619,56.34881507873333,63.51333016013709,51.3810207779817,51.01254866231226,38.48174188007406,38.45821830021571,31.770623269004346,46.541812079023195,28.211104255385283,23.252193855899925,26.158247663715567,35.75163186533002,31.538402982917805,32.672926601004605,36.596211841382456,36.50471195854764,46.35716209868653,34.0767387632004,36.92746798085968,56.527634459420895,317.9616315642868,66.03937084975044,68.21549638624376,54.538709161634195,56.701090816949545,58.31008627453781,72.56128642724725
69.32115023095831,73.02473677511465,73.1731231217363,66.34983704511109,60.821600770867406,46.420175413221344,60.4507180937809,38.48261343120038,36.05065501834149,42.5281766474914,29.01533215037465,26.849067800671758,35.95263528183661,21.186918482752912,32.580956275801014,36.01929596757726,39.91725788413675,39.24214775087196,43.52813262701631,48.13543466062189,49.49656233791536,53.383792175745754,40.621001637067,45.16747114259543,54.93957253701209,328.14971846156305,64.57333930287228,65.33915221180735,62.91161988522363,66.49888369170831,68.10848007677312,64.31309159774608
73.56974608462161,60.042983794169366,67.16280340422048,49.729332413648486,63.76473911933049,51.248217794600436,52.18797653104253,40.41617551686345,29.917050778593524,46.68015810753706,27.180811409687287,32.07270405882829,24.313960386047967,30.24465974995604,39.23207798225208,40.54003982421845,28.065496234720314,47.189629948484345,45.341307496357594,51.06051082538358,47.10956197855878,43.57582437213536,58.59371359603608,64.22403512094397,51.40023088090892,68.75043824721422,60.79556529869721,59.682833700579174,78.21160236951039,80.2918190447919,78.40174412778659,58.29464129695341
68.78805772595383,48.716972442271455,48.90139393284898,41.8948486306528,53.744705248345966,53.05773280853452,38.34390139027215,46.578601239917354,37.69915027631664,38.558883323491855,32.250661383234956,38.37609510195883,19.32852558438589,40.671220001138224,42.65899944499901,43.560865281372116,30.063154214651295,48.055873375241596,38.655634675702295,50.16057521196712,43.75274319170354,47.983684425714685,69.45185207333908,73.05386768558706,58.6934408475038,76.63597445933728,59.67161462778683,59.74343512293587,76.07647919775067,70.37477913580005,77.01463229611232,57.43784688166069
53.41461149106548,43.38093151747697,38.872295316716915,49.79138995544662,39.941294483775586,34.529517589761504,26.360439394276135,37.70696126639185,42.0969075718954,26.294475154525493,39.41005038187855,35.989043648307515,30.410124410094177,37.9803871882306,36.27427334714655,37.48051318242342,48.463067466393014,45.81066158309645,42.92090542482506,47.68936697298146,51.60828067935608,67.77757009865529,68.82671661585792,70.34275976961683,70.48094273634783,76.16418455145849,63.58648910983382,67.35111637905153,61.16873194587093,56.327953317451616,59.91167956924076,62.27830449250723
40.07562361425181,43.70517547868904,43.87504537172004,44.98295290142329,25.438704339622078,23.69867137403721,22.963067930383218,23.997964751107432,34.08263911357779,21.240018889238637,39.486720603717345,26.922911930476385,40.03665198554486,30.590059230234353,34.04931300792699,35.65859787403848,59.52541458952506,45.340591027746434,56.539150255317445,51.161159109334804,71.47815191078051,75.13139548949052,61.304025512495535,61.3130275920221,78.55992320917774,76.09336978758438,69.0058817169275,74.3699459850442,55.98924277534007,56.75329467380404,47.58786786082261,64.24872488136741
38.78176332624791,46.04797978524978,47.47682197619223,29.166176478082818,20.81376335401002,33.566901354775794,26.36919096638856,20.07509318694002,22.927746351790308,27.819745563681,33.717807396782156,27.225240942531485,50.44896510625679,36.55675173889252,38.626301721586934,45.138132879239166,53.81283990742098,49.74974363583478,70.90925499387325,62.4963233255586,76.58474805394967,64.91479280822875,63.13468355917883,61.858536149018086,77.82054620597145,63.128417776395096,70.8806365744296,72.49192170003731,67.10460005912765,63.68482795745021,43.34156179554779,57.01009920676712
43.57456498660146,43.896925361548654,36.433757196458124,22.047551588952416,30.74032158340411,38.61818992429535,36.51909177922195,33.242643876720855,24.51341675357322,41.294410068280605,29.43868385869382,42.45601184928572,50.13546047020412,56.521764172117365,53.621642900904305,58.474136301839835,52.891741001625164,59.24253299060761,74.1444566605532,74.854206425592,65.3131997713725,62.093892286920536,73.96627823950168,69.97630147607948,66.3356160765963,53.74568542330524,71.43521103000353,58.9114641786766,62.04686918233373,52.98101133967814,48.38252024150032,47.164747612227835
42.42021056807225,37.55184484240554,21.01571320824175,33.17334127989867,38.966343844156086,29.056747771779396,42.72154292930602,46.30984451742495,40.937865262060605,52.65950831392595,34.89279966651576,57.776987334139974,44.154920969510385,66.13946479204067,66.92086559857464,72.07706985068022,66.7206961719319,69.5971189163787,65.31444843536774,80.1151715927073,60.043143366002845,71.81179478942758,77.10288420538664,74.93747375072306,53.202537890850856,50.868626997616445,62.79689521242449,43.78591301331972,42.217450188148334,33.37123292061334,48.5595340890138,31.89064152885698
34.4546287508709,25.789061316437422,22.506468105993502,39.34682486789209,39.64907343676438,24.820965886905004,45.088356867125455,43.321341489557796,54.81989018704442,50.30195861241244,49.80125955688065,60.51455091958518,50.16659931083066,63.78410869142518,74.985448282096,76.10059611580007,80.40427340932854,77.00311285637342,60.94851930993236,75.68540722758121,69.68094125388681,74.0804281099995,67.89087898148725,64.92667507026553,47.247850750250464,47.57750118669145,47.846714237706166,35.31598019196868,32.28518178638398,30.269768486985132,40.735467545270495,22.467438496894147
23.24442347012397,21.84073178299627,36.694401872338965,30.373934923449635,36.639137981215754,41.8526522136024,42.81338271255348,40.153112150631635,54.13188285846196,47.69742285509737,66.1154626099875,56.310196888526,62.272474870665185,57.506217948882444,72.82539328678736,70.34677759108165,72.13930342435268,80.44366642458506,64.65950761366959,63.35777734102163,74.69100238900776,57.6679393873529,47.39176553449264,48.62285725933597,49.144712137069874,51.430831497258914,35.32086609678333,34.39073795333775,36.931981670964404,40.954659087977994,26.25678266613533,21.419827548252947
22.328192581580748,24.012202233880462,43.27169635669734,28.129734126973,36.47288763894891,54.41798187482288,42.05491307299477,45.46501850995044,48.95500592266709,48.50532000058755,74.19245728126526,54.61601460192401,75.64106564743835,62.1518744068683,64.90179130941347,63.262087797442355,58.71021134515012,72.04825324067598,72.45717733459848,52.68168214299705,61.11501204640404,46.462631674184955,44.539847167188846,37.225201919468205,51.928168464569794,49.06680701973271,27.547612300267314,39.609001425891094,42.378781823563045,38.59894377433387,21.042251011901225,29.111132341498536
34.62067514959504,33.64694098705387,36.75763355916574,42.637239145819166,36.7947285026597,51.143070552878655,44.27241048422411,63.596426122915176,52.36974352035235,62.548032978957465,71.12324497899178,66.43299098615599,79.62616246097981,76.84070482777761,60.33465679508526,58.13553402453785,62.30763617788895,61.00441323890761,70.70768004722467,50.64222754266325,42.987942531960556,50.06751110860737,46.75034493805897,38.944109822119124,47.633178998613495,42.96238687691399,25.898408811868393,42.520897581351576,31.85309631725397,23.980761245735227,28.508989824397464,37.1035423065521
48.05644146591147,48.31185780254714,34.56706090282838,59.50288841741784,50.194140110889215,46.81571858185934,55.428176663375794,73.2328419210586,65.94416528225273,75.9377628990055,64.42383801560777,77.50040485868338,70.19568581381586,75.7793600310386,61.8125637585871,59.674901994118706,70.07464074495098,49.85526291391004,53.99632271589894,51.1078668239627,42.27009016473115,52.34156051685834,49.252028303256594,44.39024661904702,34.572080006905416,36.65056742100015,31.57900278198501,37.122844150807325,21.20006500589806,21.97498799874727,40.984012532680005,46.86039924487793
52.011740737354636,56.83585545538894,48.50777946963127,56.151002368374215,64.12306082886211,63.92387671599521,66.19903923587411,66.21995095627773,77.7130768275326,80.79939248049595,59.873997788649106,78.60637306293697,57.089717705656035,64.2697042678183,66.55563499608712,66.06495098522657,62.50664890724763,43.13391859795443,40.40046187819124,50.55674229854556,48.476907440008524,35.94317496688261,39.39855522587697,41.05183974964797,23.455036028610653,26.43043886916722,38.9536134635391,27.704771301935633,29.322741628459692,39.5151981201473,45.93511149229336,47.884697270096446
47.37095838047758,59.474592082433524,66.4487037383268,51.59761392405001,72.05054752772061,74.85646469189236,76.15619285908501,59.72378956644055,77.98737602826952,68.9208760346569,61.60382219471968,65.79586166966314,54.70592438449496,52.075162237804015,67.15210512939461,62.694621169940106,41.527331226539275,40.42413220715194,37.8344197851314,46.31468114836297,41.65537905072249,24.328150861071347,24.06968277580922,26.71119827888844,20.63700491858586,21.72686782937894,40.84605258618051,23.99780558484926,44.35888322749798,46.129082775955595,42.97530701056473,45.541280432599535
44.662266931037784,57.64831968359464,68.82880911958894,63.7322901402687,73.07730342853696,70.37587693862315,79.99328243930684,66.87427342655435,64.55661268475605,58.381553294105935,68.97294944673673,53.12052592541881,60.758505041946776,50.945972883121044,58.475886588347194,51.94064278675704,36.36675905423187,41.814273155656394,41.678041820203816,38.57808944892206,26.261460222506823,31.319051022738698,21.45981146376912,20.231635511737004,28.29735641709025,24.16976387475581,41.16869316546424,31.387586355414157,46.04025588737634,38.52210154972252,39.156728717645514,43.74585089645397
56.561469238238395,53.288176542044326,60.77789312400135,78.4803447787595,65.52625506407904,58.450132642116145,72.84426563192872,76.14134032491519,54.06734783908284,55.801179709764575,70.06250260487276,50.89538673793386,62.70194262319163,56.083149032120325,43.32474771477277,38.912440956059,45.356775202407306,43.7752337533429,43.69151958831208,27.350361732903103,20.883697145785323,40.90750824672169,33.85545807538245,27.00930693911617,41.47175442401243,34.37996870952399,38.484727236733015,46.57931852678476,36.79714982550656,41.006472639458984,45.27725317885738,49.56298215921966
71.57658367712035,60.006802699223606,60.340498064144356,74.4221456911382,59.51971860660537,64.59734335190578,61.79412664505,71.77218978283688,57.921865609889934,59.32994647957909,61.03842183200965,59.1183239588844,56.53661920927981,51.682084506374736,30.03273257123384,25.41191074486622,41.678328655383304,41.59251253944761,33.51951899743505,19.593113296159135,31.601292547722537,33.57769838436652,42.44985552764836,42.625484651713315,48.705027576406245,45.45029488502097,37.8045011749314,58.38589397149459,45.236748737840195,58.73357363201855,63.38408639893422,56.375814831507576
79.22376323374799,69.0315950298939,72.79743800780355,61.21133324376619,60.72907444176894,75.80754402081396,54.10370197620761,54.75418243015973,63.79846596926858,61.695688157723765,46.32617381823091,55.371352969479226,40.958570978221644,35.05549203937212,26.728480183361974,23.158849877578355,26.004987002806136,33.41385894272393,22.87401178393747,24.753977378852788,42.78198906647685,24.104333522260067,40.48397695431262,48.264043825439984,46.62557630437407,57.46650648528537,43.96171346159785,64.88426489998362,62.60657720016781,73.2508993149712,74.83672053131772,71.93514977786928
71.77880711013617,77.73291070619315,77.47735293957413,60.10998587515989,66.4808667446626,63.53191261845427,49.054404794192976,43.613231022912466,58.54758685318474,52.88421678324669,33.49599408115601,38.49463020023256,26.044964182785368,23.624287650776143,30.45732637729185,32.907684206404234,22.9246006779701,26.252782743975203,24.814631304033398,34.970563558782594,37.110880805888605,35.66652941071051,37.1669790723686,44.58334330270364,43.86855628035714,61.475768610056676,53.01096385644053,63.021236053229124,73.4683581374774,65.76884155518034,73.26252627385358,79.34243349271972
60.54554227041207,77.50855155565165,66.08191314889454,69.60325146302628,68.21348584436852,45.484737968196676,50.68203195184472,47.10717367983646,41.42862349960427,37.53757142686679,29.587665219003505,26.10509340237031,27.379619866183297,28.271394727919155,39.310515987265205,39.03584659734711,35.442754945911794,25.407137987628253,38.96042178353565,46.308779938576976,31.921594405452023,53.06149558596026,39.95950518170384,42.42288327323823,45.90416733901392,60.55578751973279,66.47560677581544,58.123414952165966,64.89927337089827,60.90564042988498,66.11488459594021,76.42924976235993
58.039480452018445,67.51104570832173,50.0560285096756,64.11795511377156,60.11637074054506,46.21565618875631,53.82304414154044,52.36394713829039,26.72211428536205,26.900727360016365,32.66548260458383,24.482445865808064,32.84112615243188,39.560990490341155,39.749962490076584,40.01303788374964,43.492181076033575,25.426314875962188,49.23899345498735,52.841959941172995,42.03714039040245,51.991386541994125,57.87304371127828,52.510102888000276,57.210574100460796,59.6292938873767,76.48964169090432,60.307755127349864,58.90902647199784,69.09735815072867,59.224115832309764,70.04748151513462
61.478413517502126,53.98465617956418,50.3197924532026,44.70285789251098,47.25186613981275,55.651914571628836,51.061146400626846,40.26742425581498,27.58275185645346,25.071102010552238,36.92119443336704,33.34742457969202,39.01554579580338,37.21115675269166,35.31565165959372,35.1886059292284,35.13303131561042,37.377734031163506,48.4586290665418,50.561728148030895,59.45681359073653,47.11011745922997,71.12527572470589,69.05241775239206,71.35499663254045,59.509992361578945,78.65007979540881,67.9309035123869,68.56236217464296,79.19875021747902,60.84151108770083,58.75467619695942
65.85849967899495,41.852757221371746,54.119053375549115,36.24271627353931,30.601641530376597,40.853231292762686,42.32578730371949,25.167965300683992,37.48234874149508,34.04421678130833,38.87318737742907,339.31170739652663,38.17046797716079,29.246090163664284,29.50277409943375,32.27776275166128,33.34794165316769,53.825106723450475,44.068955485789665,48.37235438550715,66.43950800364635,57.97689867370176,68.82992186341723,77.92883794288457,79.63204822882237,61.24052978178317,74.13947613908849,75.82797498427276,77.00054581622337,67.14435607572747,68.08062465836271,47.91870020373627
57.7344929210904,39.28762305323129,50.054247792941574,42.34217462315957,24.60429236736771,24.626086593286484,29.072470420166123,21.964339526535763,40.995891240525616,40.20529555550571,33.73247721797813,336.23296700949595,30.12765398725776,31.000252696494073,30.956916365158417,36.00254875625071,50.50340706858112,63.319346808462676,46.89745021267077,51.83716747159084,57.509967276951194,76.35065302202727,62.45005582719033,70.32345692207146,75.54172511809465,67.70731608893873,62.549529132302006,76.2760207196945,67.85476547245699,52.77457093779561,66.60819020375247,46.1730730620169
41.249919428639515,40.23195301727368,33.23308543522995,42.584310911021646,31.051701617636837,26.021933764693035,22.492981247408867,31.267960980855047,33.539775000211634,36.90447757208853,29.153349242258024,326.94674811821915,32.62126610568871,42.91371896367627,44.93233228537114,51.555563895616906,64.94127344393732,67.98366069354243,64.95944451292002,60.59674229968822,58.00774909092805,74.2194165430993,59.77381896204247,61.62928037911684,65.90778633863995,72.17947376054752,55.93841796042801,65.68742339686524,50.54609860928367,52.21436382989701,53.53320096518709,51.16679641505788
29.318471909800145,45.080450040872,23.34690633325343,27.003690364665303,37.879459091202904,39.306841928628394,20.252271651052933,40.986048837548466,24.24802276973733,32.47508140802919,29.10977809061212,334.9124624947708,42.58054949387391,60.75798845167663,60.65542718009117,63.69878097123386,66.00717199016874,68.82957606906184,76.31111414845137,74.56674493085127,71.4310767187196,61.07765791315195,70.30099993598193,59.67110083862754,56.47732683224516,73.4765429147611,50.22253937637467,53.04237807790117,46.66455160583943,59.37885300826892,37.95664705052721,49.880908385949404
27.714575624471063,41.48659171057031,33.207272730621995,18.618766944101118,39.98250179782813,35.64747358722206,28.597857053274883,36.44871562254721,29.443446086553276,32.136617558956225,41.617069690206215,352.10386735397776,56.45855754391317,59.336525234530875,71.15874323745065,73.9020002485791,56.667129909613905,63.44909107503187,76.95422426565005,80.39615975052244,79.39794296334955,62.815774827507326,76.69471732701895,65.32981616416868,54.78535397551084,67.08610266914506,50.975467524033895,41.05671614978815,53.56812559812069,46.27499115799889,31.602018609483093,46.97360728856072
36.299441909095904,33.53062174616809,40.179434261237006,30.69018089586394,34.55148388600693,25.181515607583574,39.50549428012184,30.317862971609355,47.592432988523214,45.717665241725804,56.98478469484296,364.4188316119228,68.84290440624609,57.107244793588215,67.94725258585042,72.34512212206155,65.13409311842172,59.88756386379055,63.62296062002349,77.56168925952184,69.83606917849808,72.47511870860322,66.69273247543553,69.67010768585541,59.18412764598424,54.35873388420142,54.24751235898564,37.42091581383414,48.53420560676207,28.47394522190262,36.14984853429353,37.744504750760704
39.463762492362484,24.213523905004607,34.66734691723644,43.52566393143972,29.546307361640448,35.50668408765849,53.80407007863605,40.11277134101254,60.62977208899784,59.01277917611574,67.68068755357804,363.77467519363756,69.33171669545878,58.02234165509141,63.859368014449636,63.73325226047703,78.10690874993863,61.152777011745364,59.698586312797076,66.01672150682542,53.86633054534975,68.78395965323098,50.50064956976988,58.68296659985575,60.40298296374123,40.38987848869348,51.88933307990718,40.58858168323441,30.98463323429192,27.825931950131963,40.83260655930477,26.5184373417747
33.55986958137975,20.90749343560501,26.67444325798879,37.29045045982298,30.657572983187496,54.12051539367938,55.53122160537101,58.347183687317546,60.46609213876027,70.42327948986917,70.00618705680542,58.28513681035151,61.68151993117068,73.50447947224437,60.5016564679999,58.85320926798283,75.13467058068781,64.34610657824255,62.72442136920505,54.90189638879893,54.22913502006711,47.52907302527613,44.4289168622189,41.94882540803944,49.06539161943841,29.656823505387194,46.060638465472,44.50595095233499,24.472760210609565,40.0015419572747,38.98330634260462,21.522982643784978
26.087717943220525,27.37141935464759,30.248927680383986,33.69301789776723,39.756435747049615,56.653154444534884,55.18361370455049,66.94224251451337,52.53119895727078,66.21758556420491,63.244910435733,59.38741977017077,58.01233963139966,79.90216973650831,62.46656152756697,63.13235369979332,57.324902013372544,67.80289353863064,67.60086283122547,47.20890987203618,62.27215106458248,40.68507231494558,45.97828718777762,32.14582873738133,34.33138758025387,27.013941978310946,34.502897126865804,37.396872517602844,32.941790013639654,34.36379390963836,28.03639644383325,21.399020244581102
29.289034206259565,42.529777838773235,50.10580448861055,46.97948116350876,56.25089456146246,46.609080278956725,52.414704355482435,62.21430944222167,56.2612019891168,61.08614114297519,59.251012701332606,69.92607031220358,65.2867141142844,69.59689954711673,70.10533318781694,66.91392027652708,56.82905064499851,68.01941787006712,64.33456322876808,48.233909328576864,53.69240974091996,50.23789848844627,48.97935380260385,35.11248792851549,24.26412536975843,31.89886374823534,25.757041643232398,29.372143190544044,40.92183983058045,23.80540286153951,23.23220692815774,33.83930082544433
43.14520863265687,56.40998150685506,60.30422649764721,62.96755911800042,69.5458835165648,55.78225952286577,55.93484111343076,59.19204325395568,69.71545725063612,61.39342666293946,62.26776728302635,79.2266664318145,73.463704986291,55.67719196574854,71.96694613039399,68.81408454829278,63.83646448283272,59.70701687531393,46.868061938721794,49.66964050863918,32.570008885927194,46.24419966605644,42.292025634513074,42.48217865481523,24.411454723900267,37.57519255381231,19.906430676939085,22.78682058755002,29.17235235091576,26.417460035614674,32.334783976539676,43.847329727203956
60.27069092745933,61.85399636881144,57.74026204132682,65.67398806539286,72.62380921966233,76.94623290857638,62.17729129688722,68.26728618666803,80.05826776709188,66.15868942914182,68.8570530736072,73.12860243185278,73.64574841377097,56.35301052326578,64.54390940843679,62.36524249775606,59.29028301139397,48.01856210948952,32.604628598824895,49.927777767856846,27.753208216612524,26.145149294165144,25.130851704986245,35.49393468958823,32.94693163965366,40.200210136328806,21.793663476604934,25.09581511309005,25.65507090855383,42.889679934567155,47.42143851140209,54.34958867338904
62.965044911632,64.16376888124157,52.52253998602721,57.68294658906904,65.43336503232094,75.73941261208523,70.84604153056286,76.48950939473137,75.92259453735014,75.42560222984191,74.51995005696273,57.26234711398201,62.68373022633259,62.21226927421705,49.96307366935397,46.511772639650744,37.68179392211502,34.87806448738595,32.57645526644932,40.483401235632606,37.55813142905644,22.97962146247007,20.477854336743796,26.414741757693147,40.00898968563505,39.452033273010045,34.212183127448064,36.24848361400541,40.09136455379138,52.44247724450786,58.2762631512485,58.165737632493034
58.928761612955604,58.97862533846678,63.59154356711386,62.34071613483971,61.26766998164337,63.89978002583952,78.71010780785811,75.82047269723695,61.14899763626607,71.86326809639978,68.6048861980526,46.52161465820756,47.860703489320606,60.5150011635494,35.679115684619255,30.942064547488055,29.234164660816116,26.30190690406663,40.13540388802465,30.247284801594812,37.51774272061626,33.875054363948585,31.514083775564167,20.07389521607707,42.98963887370692,37.84040202118367,44.04466051806508,49.56737837276598,54.457251128300015,44.298682742211895,55.54244222151649,56.020743407989045
55.86968151407865,58.374696086194035,77.32126813729784,78.30380526069868,59.526721272472514,63.02941571962225,74.9541222281891,59.34658664514573,52.24373884802438,57.567504509631156,56.05131294541876,48.852978431449905,36.85929609005225,42.142495237237114,31.565954666161108,29.399901063949645,38.01058642459251,24.911066562934987,40.05587859169696,22.96839936335547,29.117571654634318,39.9686922079966,42.02023023422652,30.76756997190244,37.618547586935364,34.28681096884473,53.87338052422951,59.363328848297876,58.99912726403965,45.58454657124625,52.67638523843395,55.0523291334563
64.91398151185301,64.45516294377836,78.60268830272369,75.18241879188972,68.47582325019064,72.65867596005434,65.55094512848468,50.37634818510317,54.38794056089413,43.790831593899995,40.760975045542054,53.40439684722239,38.615272940343615,28.037327388026302,33.43470203478749,31.094589857553814,41.35880652460658,28.36500904586465,29.196789302589472,23.239436647643412,19.495695815573523,30.830145342891836,42.30667097970948,48.10210697100533,33.44320048414468,38.39518646984131,57.8073060442606,59.493890158411524,51.70395593600794,65.84194708933093,57.724496465614635,57.92634833532456
75.45680924032452,71.79845852692743,62.5613532807969,59.99753694146914,71.64699221238659,67.87251708150761,50.66184423672136,54.09370326650455,59.18320804116683,39.15933886125439,32.90353223983585,47.47810598390899,43.95496818232011,28.992397646748913,38.600656813771884,37.71726239997948,27.891100757527465,37.029968320938046,21.74964891313183,33.019626650124096,32.33105370370751,29.987496792180785,34.453651903966666,53.81823895294731,41.3648987910078,46.77543566573088,56.471936636382566,54.153942903854,58.7949125797076,75.84600033390392,68.14429611252318,65.89932116802383
79.97382089957648,75.78449151738869,57.76066155116153,53.16844500133018,68.63260790931182,46.74179332635107,40.35100482559986,57.600559984559155,52.09877055198229,41.68433518628306,33.27421492462328,30.705149340417957,42.17267488116202,38.207333536489806,41.25783126381889,39.97455440724977,20.32989559250704,42.982433760396894,30.111740551242463,44.44714596235451,50.57259074469001,47.676729576493514,37.873243451115854,50.137188926221995,55.311287754194005,58.96081595722405,55.08283726599009,56.268063681805174,74.03084841310394,66.5739158864096,78.87857746895749,74.50894859144375
67.6701627946174,72.00080518998035,62.95383731058158,60.489600536876864,54.85563707130789,41.899967522389574,37.57302473673468,45.89490464492905,35.520687440125705,45.02963685616231,38.585286946952756,21.973789432888555,31.17910423360486,37.08756707420544,33.93485761449165,35.444661903509626,32.558838092775545,44.46823346908153,46.82010849029786,53.66520146613422,53.373703746399464,60.500799958416,53.255477431480756,51.18483268939528,71.03724198944884,73.61786563185179,56.03277403527718,65.7009224698955,77.5076407129126,60.39457965042733,78.44715248229251,78.18955567926302
54.57187794352838,59.098680368928214,65.14206610892276,59.27460783369212,41.14268627927446,48.00784410802733,36.98997681888069,27.98175279378296,23.58633045989728,39.040726035571694,40.63876301032402,28.20824805665013,22.36581204192464,27.771216699031818,24.32921753302153,31.031251522147972,47.48476376533005,41.96931509169754,56.83222314696547,53.18625847089386,48.03383625011614,54.857105672646675,69.9329625544095,56.02654251553089,75.22196742571937,78.27148065398414,61.64146698193336,75.11797805272771,65.36079441087556,68.97768018422842,65.38809028016276,71.91909489260034
47.909356156800804,45.86140832694123,51.31435782099029,40.615288135826894,30.230569900144282,46.15723116256469,40.46774716226538,23.773291375620936,26.70907505845171,27.099470646802274,35.50665670750675,39.26235096608115,23.643737530544794,23.55574017751678,26.36999767437003,28.599995651803994,48.043309588674674,40.051122630318915,54.57729051673918,50.765179284064196,51.307713913042925,52.85740707576832,70.98310871281292,74.15598889786597,68.93927057314563,75.78510755663619,72.63164767447601,78.81377107377882,57.55521775971031,77.48855340237469,52.47964800552712,60.05600890337717
49.928618106737396,35.89896487770326,33.80733493907113,28.95861634659047,32.617303858067075,26.905666294575433,41.48474277733859,34.026946127098185,37.331764712627496,19.430504972498518,27.416476623277582,41.814947682850935,34.124174076414896,37.736499476811545,38.44825890893349,42.01598606659058,38.75138793130035,44.418833621206154,49.19187641882753,52.88266180035819,69.40593287870985,67.11424938637548,65.36391456986613,79.32090893737117,60.69394214279955,67.5044374520595,75.78746195888485,73.92299018347046,66.81641051787777,61.342016457810715,51.423338252356054,46.99064628243489
53.91819164501542,32.70190750326458,28.809399510841523,35.29991933841521,37.41307300673316,21.792303500613897,35.405745072091946,40.21161873962742,40.50379962076867,27.697250713261038,26.64759151274079,35.97851218419975,50.69548429322393,53.8658543821313,54.06238003840136,57.570063977646676,52.35432253462709,50.70997398467666,53.83437337502158,58.21880147338983,78.79407241305685,81.05412792426249,59.149419452107324,71.4849964344973,59.574126033352975,58.51898137710692,72.84251536376429,58.617027129111676,69.85958460052785,46.759727802598476,54.83310531762773,37.6385317986659
45.37932086868389,37.11278930074378,38.96085264187289,40.74583850330075,40.087756870751825,34.71350777129253,30.28747432049722,33.054054993874786,33.9867780410833,41.14340306177561,31.598713794174152,32.6068845630771,56.95003635870482,57.383876464459654,63.17532680048561,68.15224090361437,68.93231062954467,64.14503697853532,68.45140085613707,69.85949485381545,69.12618355795793,71.01166635164489,69.94345913835024,60.41920334949979,61.62891771589847,53.24949941726134,65.7065243534181,46.01415750393928,51.29319998895692,45.91871176370368,55.51344840332124,34.36839986891125
32.548407465722455,40.83149318591129,40.31979665320814,29.80129270997002,35.67224966887239,40.493623752438815,25.9385596917506,26.623936220645085,30.176428613390804,52.0204806203224,47.29899859428331,43.20014659653356,52.0638582524232,52.73529106768286,67.33083871721298,70.98115023243226,71.32357514565173,72.58327820047782,78.77878730752315,78.81790126546933,59.9303766348522,57.8867470650205,76.42973000036649,57.81343218901044,68.41670500061512,54.034498440840515,51.42631792559174,43.967385975376175,37.24751469445874,51.97910858875008,42.82453374038251,39.42557665768933
23.400194500872498,38.97262377146967,27.47485049733667,20.713171330280538,27.57409779742714,29.08394246708252,26.824591660382566,34.547760750414994,37.555339176267076,51.54336167611833,59.238427327880196,62.87719013123837,50.30317803359985,53.002706486940646,62.350142066834536,65.87198730248377,59.71204083919318,78.524966661976,77.04784954557658,78.8561984481677,63.81311029160368,63.74894314472131,70.51221542895466,60.94919051628176,66.1113329455188,52.96939177477642,39.00754618939411,45.31325077938133,36.970343215130384,41.2430956478227,29.22197531783993,41.95981115344487
24.11804597990359,31.980315552709392,20.12716331489964,32.315320693709694,26.051623322979438,30.837224648665387,39.547197322323335,53.44292155570562,54.082862069059765,47.73355029040192,66.37446773156616,71.62653309283422,56.65143780722737,68.41923037182325,59.17332407358593,58.80524670661301,61.94798209177334,75.71113092724423,63.955308467435735,68.58218904584139,72.73445027693631,70.95877669854764,53.50534453183873,63.295308283905754,51.9901702491174,55.4904406680042,33.39897587148778,47.47557713382628,44.31112527402514,23.807231036827904,21.368342386442723,38.95109322382101
35.82933163954873,26.42773731511643,33.07329698111308,46.7276346265966,33.72606465248089,47.483284848490875,54.10495761805601,61.878539588047914,66.9840645268461,49.68563814582087,62.00742473705055,64.31472194213627,68.56088627449768,81.17613597573693,64.18069293280912,63.57482564700868,76.39373242492691,68.27099743373813,56.457248841451886,54.36581721795833,65.28010173287771,59.23102716845531,39.52811350697973,53.396507766838525,38.32623340983664,49.992043970697026,31.781823655197627,42.39242931110717,36.26391259033237,25.470808942393234,27.525873955272004,33.560735782697535
45.18852351145086,26.867291519503873,50.54301727127181,47.17165140010597,48.97251408496365,58.58131410021716,63.87479030393726,56.577648820799055,62.76594490835461,59.81695671906469,58.57594771338637,60.118231329034764,79.58370264508875,75.3632418444488,71.83619191994384,67.0416458227367,75.07119781885226,56.90712981066368,59.0066220792935,47.79761917254952,46.30810096682405,41.0880088232961,43.97950734184021,35.58510404630937,29.54864747500407,40.01082762384605,34.85852806591582,31.536610944198944,22.531462907630512,36.94216508700055,38.627048588959724,29.163239613662913
42.75908493121236,34.50574534808522,52.15317604041507,38.76234704616675,62.4134660464407,53.904320956646536,66.86307414056638,53.5345543617676,56.88165463082537,73.34164325231572,59.73370004817411,65.3545074191776,77.46282783794352,62.14651953291384,76.75241056561813,72.07696487720068,56.34812668282005,47.83439921973757,64.71289655500061,44.931621840803274,39.78473846573299,39.18302223341682,48.26013864713362,28.009005694927087,28.867198521626737,29.68060798610005,40.00551256526291,23.550279307312653,22.860952929012672,37.36691104974306,41.993058291356185,25.72491545487532
35.81794709996743,51.627029588683676,44.564485747273444,51.39630658920518,68.25109314199113,52.761372839592156,65.74560105522146,65.41198295464656,61.09242146746964,78.86260508736773,67.92603728538708,74.32547630907851,64.13307099004977,57.310655031476585,72.81727106912174,68.61171574483203,47.76501400648002,46.51161977501836,55.23793384211452,48.07181387452379,44.45960918647758,45.85715840047596,40.69351786432789,32.45381679211902,36.418136404986726,20.6276917223926,40.56914923856674,22.91438241243974,38.83112195737134,26.913051099321216,35.00564937344909,32.569705642929634
40.43614057708576,62.99708998470244,50.108254339465226,70.79102345639494,65.17879009036295,69.08731095338993,61.115813373910406,78.91975487254216,72.81166891063961,72.0341276035458,74.6909018131313,75.65417481591534,54.95887513659251,64.929915012939,58.629275205108755,57.48312104596555,53.63336239727187,47.80985266070895,36.09554757648516,48.59430799741006,44.67039790248445,36.76519873542398,27.47444185430044,41.263514294696854,40.979112166326935,19.714750160623865,35.95804564414551,32.499413516494414,43.51730421573662,32.64334252310523,32.465251036116214,44.71679047432175
55.78692908801537,68.554350999048,65.98943689599636,72.17099563274202,58.52206810685924,80.411661714844,59.541830059653165,74.89053358547761,77.68532142254224,58.92498744338239,74.50513683731822,64.27148523385532,51.08877179415395,64.05479454693545,42.318448300956256,40.093053304808265,53.81638819365593,47.7846589486625,27.31350670859731,41.102990411289355,30.75418076592456,22.295848549184555,21.882689342822744,37.54445055662854,35.76649614504528,26.1851334676274,28.35772954667584,45.25048371580437,35.98986783966931,51.226135036479604,41.36652742139727,59.081990430807124
69.46226237539567,66.99983110422784,75.26271245898361,61.094242177425635,61.335955579942286,68.07169072529551,64.03910724418495,61.8138221742264,70.60275604800962,53.47755330472854,66.22995977381589,47.75760305172387,57.19988353336621,51.26554116475391,36.811568182061116,31.829564661778505,39.77231548470901,43.86877474414351,29.042136699018304,31.07699251328307,20.96762776597358,26.954092680462598,26.106691816835696,28.259073199291294,27.489578291474658,36.679549099627735,29.046458172563984,53.46540977330943,38.65464532960641,57.132001132796816,59.2641162943646,69.86018273793869
72.88686907804566,61.61110448819946,69.32793561441645,62.1863752497907,66.48561469336236,58.73757462490927,68.60384237918984,56.3058909554875,54.683587631835785,57.14426212477705,49.94011835772144,42.41109475638445,56.050060906790804,34.21007279313116,37.19631947317333,34.17866829912494,24.651458978777697,37.773847455524454,37.53230974089226,21.689191383527977,26.02136723756481,39.92264879789913,41.182999510351294,25.63663296505557,28.108595550071215,51.635345075810164,36.4109259593071,52.243136764484824,53.9667222994814,50.731809167995195,67.86308323224226,69.67779631793461
65.2959085574936,60.84798298021521,61.926221725567835,76.50005150115669,75.37901411192341,65.6519786798647,70.70079814542972,62.20208794960146,46.2551685684547,60.59702252664406,37.89505135142775,48.223683142037046,46.933030943619606,31.36369837798353,42.58470720082798,37.90083144319135,30.254321136665535,28.67079874617235,38.45973009909632,23.304277066558583,40.952903584659396,38.91541067482055,43.10451414238671,36.592536432607666,37.367698872746175,57.56909525198823,48.345825299931455,50.266603687388624,69.81272534215213,52.77298373613549,71.02939016887227,65.22707154795687
59.348157756954464,64.40571886016464,63.36917053097161,73.54680058138236,74.59740486143416,71.90503700142617,67.06455691069196,63.61236783901059,50.646441288183325,54.0996272586127,35.90608271795379,47.28111842345013,33.2134178330963,40.29453340096013,41.73043175721845,39.20561917770629,38.9167822346881,21.096615948815952,29.43896831213387,30.760466676745533,43.05863901299387,30.664097679308316,38.30592192900345,54.39765646925936,55.197699794027336,58.28260305624462,62.18545811349803,53.29064986133998,64.69324985240871,70.88881731993803,62.58387939423619,60.82345358275983
63.50243877606962,70.02972825452927,72.50529185303324,56.63348011904545,61.13730099502199,55.19611992630301,55.26823498168823,50.856539611821105,53.75173194214229,41.31647170843245,41.67967413266033,36.58235956276236,22.70717382512793,38.86924572745016,32.12667918007802,35.25796973679509,34.87574564089641,23.05276349846703,24.972301546063527,43.892828801159894,34.235685676007925,36.94880511500155,38.15602380031594,61.514938535340285,66.69673238149602,57.363845508901235,71.68661423247727,59.18040037079293,57.411461956322384,79.48459229242573,59.54713528410694,63.06193025765312
71.74613551598591,73.3685423628246,68.15782955603287,47.36136895604135,47.80055236506695,38.79527895939287,39.18977247810636,32.2522717623876,45.13294449941288,27.03035606623926,42.296943427990165,23.85508255554486,23.764827643194483,30.57469568531012,24.50424737394218,29.402435847748073,24.942686544893185,31.001583277522453,34.034839353481395,54.272394818219794,38.55097343271621,56.7310775774971,51.86085508361221,58.22094180338571,67.80071897518077,55.10942534267589,74.13883973896787,73.50135624071166,65.47945097089818,64.34173321215899,65.8519680627954,64.79389259545158
73.21614207748719,65.65939556815725,52.402341843168536,55.22277763685082,36.40422311908509,40.95648231708066,30.665820260257426,30.04553924890016,28.997922347902932,25.416899792668882,37.60501976148384,21.113857645879985,34.09671787379322,22.255787823742207,23.224938090527576,25.59029022364736,33.75238067457242,43.98355889826291,49.34419087967149,54.6225174773638,57.26604619028191,64.23945641047771,69.69084309892528,54.90746837782184,63.11587070383613,55.91057137452839,73.48594280357987,79.70464767608135,77.66204269054379,59.95203728510396,74.1047175792515,68.74774950103975
58.076986344984824,53.41677037666214,40.29393672051111,54.665542740270276,34.461336260451354,49.048314125372876,25.140873913960352,37.63239923462283,19.657624576265892,33.850751470566856,28.48657282371298,32.31971817837496,41.579267386719025,30.190032135361783,31.481516544533694,35.00614723457086,51.26864418584701,56.296576576094,62.74580910130705,53.4896365600439,67.71503323342854,56.787759248548774,74.47407406091861,61.80761164505418,57.97360672394289,68.17503269889409,64.27455248111586,74.06603819196322,72.44457372141196,69.70358402151076,72.83676530980921,68.916258143182
43.47762599560561,38.814950518901554,44.62734728686538,36.39390496411039,40.86723008325125,32.99206066292148,30.440262892562643,39.660162448682875,28.550775531761523,39.15170458248979,22.231919415228113,44.97720415949101,40.83375202126923,46.53715728386449,47.02893117232079,48.62856321080151,56.6981450870181,64.39101750665964,57.70686275845902,52.06324644055722,62.39809745634755,58.98379953130229,67.43002512616391,75.3028072407316,62.18490818941812,72.90042213672236,59.240368638686654,65.91684032757354,56.30361335779889,71.75697832086063,57.55551474657474,62.59346615667394
34.479102210790074,30.127557184512607,46.6410245635591,24.005813552102722,41.29555963837029,20.22763161704179,37.02434492401852,29.188707820911567,39.48649260094155,37.696781362072805,25.269895438695677,43.2650889309127,35.60808963003439,53.11561064929638,59.14926624234416,60.86338509422956,48.4886576293903,64.83570054258917,53.12363602157729,55.36223281114775,57.65858297350697,75.43502059906076,59.21498170025076,78.70372055718016,72.86929983026499,75.82768199238959,57.28023194293021,54.65254747364392,52.361884351290634,54.659117484693894,44.374171320465244,46.75689626236387
38.12524671894617,30.24489814012218,37.30007347533114,30.42991909837573,36.64758893550652,28.89540798912511,39.87297073221982,21.940883865309285,41.65428900237607,31.363256891074705,36.98513336465914,37.7989824604303,36.08964307690072,48.67734520324532,61.20745219753239,66.87710483786726,51.72138634001018,62.44051965679199,59.29537955586939,70.0093768721344,67.5230324569398,79.36816436622058,64.99890833135814,69.61309639462625,75.71459634994694,71.07318802931111,59.433339438128506,48.25033211804283,58.65205857971209,38.763276956947124,37.97972684519836,34.86691287860847
43.563284138537206,33.75931740160793,20.954329411874614,39.2501113564926,28.56955511548087,39.877942449174036,38.19553087763935,30.747172068859992,37.168685515438234,32.983977251016675,51.69089714151034,38.60973824541068,48.24205029057219,47.08428121339606,58.01008899234862,63.0223053010374,72.54236659596576,59.10878711669873,72.92404695707648,78.96961920227552,79.81751317370896,62.64040465814726,75.92803568534238,57.13626371181424,70.38613511616515,61.0871002908322,61.074938524049315,51.450964358941285,55.4427796139654,42.242981596832465,41.81271287735407,25.74381698971992
37.454060775699666,39.21785595733415,24.080367909124806,33.634597287356435,23.70860215235032,34.90179675764271,36.535788330645964,48.74777279264381,33.921774596049005,41.95066035423041,60.430520003378255,55.37669701286783,65.78588915556428,61.01629682718451,57.08254529584689,58.66374076004002,76.4335583990642,59.65193550093492,81.3973264355059,79.74996005405536,73.51431812733519,55.35439925470609,72.50509957710908,53.07368847189093,55.04983111560727,50.45262694835721,57.293845774542994,50.89726318092051,37.255276588234715,45.332300227733555,44.35863656844092,24.89417376807046
27.620895928933013,38.537960604742146,35.29763950200584,22.382476876602688,27.28362601221321,27.059466574828676,32.61049739733424,53.58455224762475,44.4660503154429,57.926646425672466,61.64497617256803,69.64423938063574,73.74948670806721,75.80678325848302,61.12350119107875,64.71321957268611,66.45144568815078,66.18677539064872,72.33397312736079,68.02358142402652,58.28406136587744,64.15226330480544,55.16889982558435,54.43096433822192,42.177475548458844,38.429227040534904,48.13236091697091,46.93550030347062,26.617757264763704,34.94961396546886,38.93257569768994,31.786823556428818
21.254980538261922,33.01561133328254,44.54702780374756,35.665720238878926,41.8640408634394,42.575688663449164,41.58714934278144,49.85417514998332,62.68356970153556,69.30785485129728,56.73536629703791,72.89808498989623,72.80157241827105,77.27563172366017,71.01192084366433,68.5017233429339,59.738915484612804,68.38248839738598,58.34713122614263,56.107204489469474,52.631441847951166,65.20468026961035,43.17640225630854,57.00493018261413,33.55070977112432,31.722037345251284,37.482262271984894,36.965177152755075,33.9305858495839,20.595799142703502,26.959881260412388,39.076083727140535
28.86331044913612,27.712182468923977,37.52372030649131,52.90888261644468,55.587372578813365,59.773092370391666,51.83620928592993,49.999321938753866,70.60910893155821,68.26695180786872,56.85056204172127,64.54761234599115,62.66945205579347,63.68452349986662,77.27955500595073,75.74474427320997,68.32047335965716,73.3709343587449,51.81062149272775,46.342603281987245,58.39631248846585,47.8824521119645,42.0577978927176,46.418490752976965,38.47397546082079,30.435292405298757,25.951744444500505,25.016320290231896,38.85784224502081,26.450625827805595,19.393251673313646,42.49018949782643
43.9005666595904,33.117425580273405,34.81290363438449,55.417562517462635,60.277081915117556,63.1700616525117,65.54641586737215,62.06456899316455,66.64382929242949,61.95014577594074,65.36420235864239,61.040744927720546,62.01604072575962,59.42369326043487,76.54979994164901,73.96069168025657,71.43530319049181,67.21412171234084,55.934834687108996,43.65225665945607,57.67061477182485,33.263231650899016,47.00519161424902,29.098718177302377,44.175130793665446,37.34885985191213,21.49908253768955,21.478450105703658,31.405004471077746,40.57954749224425,28.172353189056764,39.41205280640892
56.17917923555758,42.4210308792039,47.48239892735372,46.8433712019011,60.73902511519336,52.06480273019193,75.5053899693029,77.06199381761056,60.126124441695474,60.37857011218293,75.216070267647,65.10808013284904,64.74607748579459,68.28781640766412,64.2670233596048,65.69437279790067,56.5467208068353,55.87808584526469,58.39634651704464,48.80795707108956,38.71272304346241,38.833506770910695,43.0736693666696,22.258163858786872,40.70053826212522,39.94186811325649,24.200171842591136,27.114902698217477,23.77570013889612,38.49465598429241,44.176555624611176,34.83731343696214
52.216992007487256,59.270852660736665,65.60762981568453,54.45051173749817,56.68811062770376,61.79686672408891,78.85975990600625,74.1523697679074,62.2325186415755,66.3856916397449,78.02180540490345,72.3540995768205,70.32233903625392,71.14701370960705,51.15731810516365,49.97318591533686,40.52652327527067,42.86379069130812,46.30421481636736,48.141048844156934,24.72060430970707,43.587603832628076,28.310156917998334,30.398780547030466,31.855856755938888,40.10384930039698,31.607697638116658,37.32966963813767,30.64761861184996,29.4517446102349,52.915353262753655,37.226720723163766
48.114935804007395,69.98342915076189,69.30241035176894,71.27420987161078,58.44479190816885,77.75865392300415,69.40302889739506,62.47524327639162,73.49874737806115,75.67742721384285,71.63066625050894,70.56865346412948,67.18872311259464,60.55974076241186,42.08397365220288,39.55318773571748,42.55420890824869,29.584883752389143,31.33003867364046,42.799822750607994,30.518308336535725,30.372979642992316,20.729431584686136,40.853589648612804,22.76588230323187,36.30570083565699,43.75399441649198,47.82038670806969,49.634194707908,40.85014069831584,49.79908970694579,44.23015401918495
52.02326033576892,71.69755663348866,60.826445091745235,75.95600370407519,63.059975695329655,74.71371636805678,61.07466335670181,61.59897807229205,78.04645476824211,72.22130438823947,57.68100483676473,55.22488524642176,55.283842532452475,40.47955970420532,40.77767341244248,37.32501039845101,49.53892227581363,25.228065378507434,24.323699546068383,32.701918713243344,38.1519669926632,20.11027611605339,28.060220398946804,36.92725001965806,24.100518157110145,30.47552891253021,50.21929901338106,49.603679794255164,52.79522792545856,59.592541573752676,45.714522071276726,56.60720077854246
65.59732113786674,69.59075801606765,61.03866717307728,64.80639506356931,77.63164924022628,59.50288366584577,56.34571245516549,67.33812441763168,64.35629872516515,59.148033596325966,46.16925611732648,41.03091379508326,40.3111006696623,34.83389196361224,44.36195283679766,38.058900265068246,37.886088858392405,27.213326999118678,32.907724946767516,23.130642056385614,35.279678177956114,31.44177538333232,41.79323208464399,31.20381692156442,35.74303489525612,30.914650277270937,51.85179531447836,43.92246415126154,45.474732300154855,64.24983883465507,51.86958454976774,70.96965374053666
77.47018412132937,60.582265529205216,70.62226317162835,61.851385494235394,78.34731391935846,61.27574848435737,57.24504487073134,70.11539526653763,46.92212690883423,44.60276937496469,39.806478163725295,41.079829914168556,31.314841983691043,42.77102623997788,45.44978922991718,41.05906962109188,22.215946736250505,33.92231095708207,37.50476647179351,17.62133702599293,25.514400598649082,44.105710795269445,45.93300121020339,30.695854029736722,50.35067700480937,38.28985635504124,51.954486961799766,45.669223733588346,52.77061395682708,55.0754054207825,67.52580836457285,75.87543999294027
78.75952733614444,60.91827959872214,78.69296376119713,69.69662041031413,70.08063695438159,68.60407079194084,58.318729952756925,56.26208423554647,39.202511694038236,36.82775016267457,41.69603273117171,45.94749687259518,35.377592870111386,42.62916014752422,35.38787618641129,37.02796197122817,23.56988526952771,38.94055119081102,39.73457832546598,28.50878216669187,29.41869726922279,40.811707579556,40.132747817220725,43.52789233787265,60.32304792725718,51.697514117067385,51.29701085784503,53.418996050101946,69.25403142465088,59.730980648748876,77.89351903682997,76.00964793614503
67.63973675485644,64.6851294209203,68.84339373249394,71.42916988425395,56.7048873509181,59.626820580773824,60.49739969769876,37.53651480042332,44.95965232860874,40.2185455267515,44.3207247522219,43.058348000266406,39.81543969088957,32.06697173227609,25.47028612979012,28.131765441903546,39.18356752901856,43.20069271292019,31.159701855878108,40.97761082509367,45.43249859191436,34.84556385273941,39.25293433782395,60.22120613838209,59.09799876691086,63.26272990239384,53.95723149342366,66.60892185778374,78.52393424032552,74.55009638942514,75.81375806295097,68.05530342745308
55.71313040988824,67.88177723823759,50.95921466336583,54.21795871340349,45.72691591884521,39.298820063946806,56.292420637817536,34.59127794321562,47.30156285946144,45.045186291989815,41.56480497049889,28.77679247136522,36.77272635287404,21.095772784286602,20.68337329706912,23.323942791455476,41.49883673485526,41.48157924628957,31.613165154690556,53.37921435502069,55.69469037323001,49.11783847744697,48.836074084668624,68.99261339609538,54.70807457483201,74.16324922724242,62.61106523277905,78.3464398220327,67.02581688571928,78.90220235011896,66.25943754366604,58.26794680582508
55.509850595996305,69.66359905220015,47.75567379046107,39.53685593027129,40.458931599120305,34.76019487504469,42.927934041984024,41.371830710430444,39.70227373066131,38.76016425293096,33.292315082579734,20.356408599097815,30.037855491770927,24.03593468760159,26.79322485392641,25.923310772250712,31.62662312378088,35.102716423638974,39.87760518127,55.950165824907415,51.9038861527789,65.19678280957912,68.17673340600149,62.51411167379617,56.924183671407306,76.59915503031613,73.34540908491142,77.35154196201489,60.325088410057106,63.48353513530639,57.88917564158281,55.666291676111875
62.05428579957981,59.321886784769234,54.57069836558531,46.01857644470896,43.513576300486626,44.83175354709193,29.455196682146223,40.79006616245425,25.45730113002186,27.71454811316837,22.07649583434292,25.360455790634287,23.189138011838633,39.84536043865363,40.29222708236515,41.26523924385935,36.121448799030894,38.65410259649691,59.238352179948066,53.91177485666083,48.00749884277877,68.10234889310078,73.90083093349612,59.10832367914706,65.8504090269441,73.0338212162738,78.24548964811162,70.02705335112202,67.45765331294893,55.743518842149,57.7183081438308,56.94869209505479
59.34610331158707,45.38786123608492,52.40220923940594,48.16460365318903,45.10090131100178,39.65334517566989,21.07469345698385,25.748500467550233,18.67051538043242,21.29823066364513,22.606749238464335,37.93655664945603,28.09010659557242,48.296188595045805,51.19469834462022,55.66843363337568,54.553617637672,45.958240102191695,65.39824410921406,50.182874597223176,62.114193140386156,56.48231675263173,66.65828145798247,63.01938202816871,77.2335950779343,65.00183345256242,77.35351399071597,59.07266406424692,73.51967425508336,64.95006648252131,64.45788240537286,60.0726777586776
47.267004953931924,32.03557789641068,34.57006604049222,34.96467884194591,40.529225677097244,22.80485617811287,23.136372442766817,20.702507253649202,27.848757295364663,27.84440634058654,29.797074178900743,47.51289905037365,41.38509791393522,43.45739530425985,55.755179384281135,61.955380782468126,66.02262255196513,57.57875994566307,62.18977218751373,56.38484098399794,77.18024796702535,63.71376035197415,59.920568227985804,75.23339004567399,79.89869724877559,56.672110373765236,70.01750269846167,54.103735204607204,61.807178235343606,64.60210056937635,62.325360676317,56.28679731563085
30.88523330259452,25.76218584045825,22.430916791461016,20.933459178999684,30.10230464166574,24.2117040005958,29.314260981488975,30.899867700801803,42.899429025392116,40.502271916838936,44.300740489877576,45.40269128892862,58.051507759436056,42.170682461518986,52.46941110317298,63.4157669816962,59.57929230313907,69.0138686748652,57.522003982302,67.99232510837994,74.76593227562964,79.19044466628083,65.60915170799647,76.77585408879807,69.3065634705967,56.6663440198483,55.851832251609956,53.532843015531874,44.203182743533766,48.9621506738962,48.14239749188757,49.83866192953341
23.212037707995528,29.49530549921733,29.469574128926592,26.662933657476675,21.29836724413284,39.33234799168485,42.077374563804625,44.01022447919463,45.989043739368064,52.028543429662776,53.958739337643465,39.65697022396835,59.77386551089215,54.50912065920283,50.95566000292547,58.90703825045583,57.315856270331665,77.60854255996068,64.18688710128724,78.15790727929142,62.18797877833275,75.55857197066172,73.69819774570662,67.43957411228634,56.524061713749994,55.30406202219835,45.96542051238906,56.12880147570802,42.768901331093204,33.69783944871098,32.14852901453328,35.16988727198684
32.54087662687334,36.46406985634068,38.28503131908232,40.153127217045764,22.12734730306194,41.44109829569631,48.892046338379494,45.894644972361405,40.06249406262391,53.76840949059337,57.84790520220982,48.20742719708272,56.82703876877865,69.37628768648206,56.4346397044698,57.02344670595169,70.35748441862793,77.64150852721619,73.81768066214542,79.91320912612645,59.34274097579918,56.4434950087506,72.97098984583761,51.177206463590984,44.515329810934844,59.1368928266558,39.50843156443568,54.71149479843441,49.452823712557645,40.440331041507584,23.739828825681794,25.796777400647503
40.89979436851728,38.60561275524896,37.69516632097621,37.33884077677743,32.21202183338723,30.700553454348672,48.341684780520524,40.29697600898526,38.346446142187645,47.99941920121918,54.42635093641366,65.83549572350483,52.906488319032015,74.75365442362134,68.04981847238294,62.60280308134972,78.95659646535778,71.39990918616458,79.0259505521719,70.37899520542746,68.4705910700819,53.43379310699727,56.52584798633931,46.22636037007392,45.09970459112385,55.40808619301827,38.264842040621,42.68971771517427,41.29926171414623,44.48587999287558,32.33704889043072,21.546006001783297
37.90905565063567,40.608656504886895,28.185745910444098,28.557629760719628,47.65683188877703,36.11715807786067,45.984013496670215,42.339464450968066,52.82011278412237,49.89256830319082,53.391879258292434,75.52498850767631,61.17495777540277,66.21517993486535,79.0884899685141,74.02108730782774,69.1059398616818,60.78602498398038,67.35984474434137,59.75448483415274,67.69459659620803,62.87856068401709,41.85093766689248,49.9516617641793,49.113647884077984,48.47165033105743,41.66797023426303,31.867806174648884,24.943938821092555,30.90233782164637,38.605685844764146,24.064250859780444
30.58972625939694,33.115118696830464,30.798830239536,36.668785981310876,55.059332513002346,56.07980835519314,46.772946765676316,57.94182849844849,70.27845391424508,60.3640874334794,60.70111191421004,71.49639744819045,73.72795854103016,61.57099287433857,78.59702978976394,77.41964496403773,56.91241701580177,53.650377519959996,52.367525651755045,47.93047405387017,49.63651894046441,58.89284862008326,39.971413091702544,52.15429725552133,46.9080709732661,36.967125811324024,43.864485389427976,21.697997905325412,22.680669542676178,19.603153981858586,38.10181216647919,35.89609036517151
28.627750255707735,33.87623170754815,47.954042929405496,57.24454255916977,57.488259159736025,64.52596512771713,52.29429319527009,74.26919544069732,75.48556480122775,74.56250258761449,70.3855055281914,62.612106589227416,80.01496832231433,68.05720584582426,70.08700069943227,71.59287078482313,61.61813656214141,48.64152012662712,47.50196292596324,42.97913554959,37.2146672330714,37.917611131242026,47.27528415316842,41.45607343407869,39.23245941759435,25.948975457278777,39.26053088112084,24.315835795939474,32.5737971610582,28.028227369451624,30.29049575972704,42.8544340650249
38.77601576789811,39.59859350426299,60.58259863518461,64.09087892899657,53.80748778308136,56.313072038064384,61.21902417282849,72.38048821908427,67.39131259762554,79.81727114482126,77.82111594453977,58.08218580695033,73.67759753439495,75.19047551185629,57.46567657227604,57.45605425035328,65.20717706364758,50.48497789352727,49.67609846111101,43.1013590497354,40.28709481665624,29.367607673971214,44.04631791499584,24.994611882460283,27.156500125184092,20.88384108508924,32.431886813539464,34.189436678233236,41.979687504619264,43.19189922302011,27.725122410282157,50.39564328358758
56.09640642487821,50.28438141513191,58.89317789909898,54.74824458480016,54.29654384834717,57.37489486749553,73.03453732012284,60.599425488796015,60.456718191339185,72.89672511485057,76.75162707350694,68.05304580661516,60.09048199198308,67.95549914526605,48.70719915533045,44.57354670155004,54.836940030313386,50.75548873015926,53.09515359260191,48.19254283846138,46.13315924067294,36.522371932347255,29.599450032987342,20.027795126256137,20.364810905185628,22.990826422698774,26.375368793593594,41.91527781594151,33.88155806584395,42.34604520589039,35.03111742826381,50.26937977952842
68.08280318741298,65.42553311191902,54.61439717740443,58.57389052862286,61.419531133971674,73.68874822883963,78.45387353805862,62.70358695699058,61.56716059085709,59.946786803188104,67.2174264176088,72.53247316465654,47.951301830247665,50.10284244065298,48.35038427301721,40.07165877273089,34.73542086101803,50.336720249838926,41.041936524509225,43.09505623661001,36.668309636410925,39.41653114448161,20.2162381583464,29.8014749180617,24.12748980634235,32.387804153259204,25.415151890730634,45.39744366703537,31.78766891359364,34.879491183973116,51.923003907957636,47.19829134912039
64.35280212508783,73.57998276105201,61.66937334722386,72.47655187724956,76.28466895650598,78.25582830718527,77.65164282137066,73.7774023517076,72.46385807666674,54.17023078818455,54.35159294116986,64.25596374524575,48.426266798532204,39.00797168506255,51.31816700833008,40.741923543219364,31.255318339679732,42.53864018328224,27.40379467593276,34.42365029819541,21.57172689567698,25.702954028476867,26.13641321467977,41.6907933010761,35.58701402218483,43.352115602786355,31.13006178123063,41.237662335090015,46.609794101419,47.09090698043935,64.61338863281793,48.26164576967283
57.7926140958081,74.20642103926096,77.51203326463836,79.14986265139494,80.83420218033675,64.71023754226296,68.08616296149202,76.42844602329565,71.66979844055012,55.699881607360005,45.228874173347776,44.8277516958377,52.3537921855759,44.47334920822006,50.41389047965001,45.303184348222835,40.51912095150282,33.24949598581313,21.52570670079376,24.075443027598823,23.565747135651183,21.7814603294719,40.085380575319704,44.19146108812171,47.86223195524279,50.33752519688194,44.36119598819217,39.96827527240877,62.2740819732837,63.72878027591079,63.85701821320331,56.4317808915368
58.56751941481422,67.26663428424823,75.79835607905767,64.60028450804569,73.93323529715556,56.88991297301701,54.32394146027905,63.25951955521183,56.23196156675168,60.1760927891997,45.597716139057276,35.313475018040016,51.123959551293744,48.97823501608336,40.25286324106055,41.256565736082344,36.32452534620858,24.880202685065267,29.77742054846591,22.289495010884657,38.15760324955041,37.17062053899964,46.7237228132091,36.452827094658275,49.424587466436634,55.39043766864864,56.788549531497935,47.116609301107786,61.547165285268804,68.10582078224861,58.979901319961,67.02033645019533
69.32561483708331,61.31890842620749,63.6310518856543,55.5332290424623,62.83842711590882,63.88129210742153,47.25560802783004,43.45803792105915,41.1710459623295,56.36782197835212,48.722611063947085,37.06835738589397,39.98299568062737,37.07866128406069,28.435263405194572,32.349014495630776,25.400806307167677,22.009802179465012,40.240258343963,27.33966858227356,45.31546694646344,48.50893219567372,41.70762328523438,37.11664396417696,47.746411213922,53.79997175526993,66.81983778139711,61.177915804093224,54.619124989311246,59.605057346415855,58.267024570410086,79.9245390424059
78.10923489605553,59.861700985442944,55.43649271567657,63.53709932045496,49.40505752555295,66.10984214225805,44.520902413655044,45.284455515669144,36.35221126667025,40.50386858692011,48.428418143303766,42.93652994545804,24.763580469548682,23.003461919695845,20.81160337282515,23.924311607650054,20.180153262155834,22.465771746829034,42.365434445465674,40.56679397877192,40.46767361537101,40.8889515145766,39.76685819525579,47.530182068007456,46.35117696455644,51.83721943025174,69.79288111479214,72.20216309451459,62.93102000972674,61.099844745491026,69.90726503203076,79.13980134753484
75.49020294688273,63.082196939943664,59.70311550591259,68.05981161610704,43.56605154319032,45.150360280610826,46.91198837599117,48.330671753146376,40.75671718990823,26.375035029109824,36.460339449442316,36.92853508999068,19.071747260516556,21.78553607384806,23.380845341403795,20.824332681941748,37.8668133242686,35.015252040346056,36.34435217296221,54.0929569348796,36.85770548414257,42.91043165372572,50.48801347621913,68.03571114560748,53.74514890688505,54.39902204508638,67.86652721202513,78.88820501210658,75.05871475076194,77.61122932266038,78.37730519710307,74.68427587171035
58.35557722014092,64.38105712303192,63.54149082049738,51.55368957882282,45.090064231580534,31.85448505917353,49.04822052451796,44.398855993506565,43.51344717089008,25.637629897438448,27.35679276959902,25.840807045287676,24.862569929146385,32.670121150298726,36.191265481032794,31.252806615369128,46.46069007275754,48.07873590426469,34.84454236102416,56.835834390081835,51.67263868241768,60.16149787764775,67.43792747371327,72.96855999095995,66.70509297208908,61.20583482763481,62.60693426076595,71.20267690240044,77.31795709878101,77.46634288202763,76.37105775850561,60.87911170170075
46.49594588428977,62.127500445568856,51.7281403173631,34.83735833487365,49.409856533179635,40.47474920336116,43.291376908866646,29.919801882942615,34.05281233966098,30.307364283252465,21.24402520175996,20.46025478323009,39.85968617202943,44.23904891770673,46.50534468418504,45.66903076783389,40.4241862289771,58.10507388627657,47.76406804442118,56.670505321869136,68.25941605568019,72.96681719831939,74.00652371443923,66.15937816448574,76.53264467184445,70.13398581034247,59.805052408023855,62.11328019314185,61.2165398004944,61.1309330067327,61.50008124224729,52.159458677314205
44.64096877732461,50.1507818436091,34.49805586477858,35.81896273086954,44.579775756754835,42.31542579550527,34.36122546265425,19.819372346547265,23.676853839099504,38.766344074752595,23.038636950085777,30.70529016458772,46.33831358077008,40.57320810881584,50.266603740577104,55.58384086619493,41.5009015862002,59.43675595981366,66.38515852740407,53.14271670397335,67.03775551115926,66.03302884403827,67.12593016504078,59.759083180717084,78.05822275698694,77.84404310465332,62.379080796028795,58.0902473605374,55.46906431252896,52.39922188793857,50.66954779854781,46.94800892746423
50.48115121247514,36.50443183713486,29.43287979531199,43.80949014472961,35.54931195927823,29.214804744187493,23.311443222207657,28.716767532595387,21.09522364649967,41.395116026401425,35.682852668616995,44.91816961500662,44.0212925922551,34.848750072612816,47.4077390398817,58.878404217622574,57.000439649724065,58.81589816026047,69.97682746581948,55.01901441091085,60.41741115755851,58.59029194592313,59.82220934144269,62.926380199639965,69.814498477162,78.75370462636498,66.22251742532308,60.263199281987454,62.88711820057367,61.34922158510097,44.02105206978184,45.53109786962412
50.657243686266405,26.94731960298414,35.739173138121124,34.74766203529441,24.50798681660741,17.73185343285774,20.893605110520436,39.628349702280914,31.93540023313224,33.487359388902426,47.83966901192638,51.63605357798714,39.65821557386991,43.486652241836026,46.205120958570866,53.949252209076185,70.78452986322688,57.66715889162612,63.760547715630274,64.99642999965951,62.449723364017,69.606052405183,65.61935126254555,72.78305309304898,58.87232351420452,70.70463550644162,67.82577044508132,60.72389587489297,61.212289591588856,59.55152425818919,47.9554689547546,47.608013758758254
36.02241789406752,24.87098214246641,37.93957861841954,21.03171430593627,21.730649686958323,33.86008826307288,25.136520622178693,41.256788709897215,47.3032499814026,31.53000602515742,53.09142477031194,46.85178627398338,41.633326295892054,62.07558682763458,52.471604857191906,53.249284550539514,66.8865733219602,58.25085357778383,58.52341994694316,75.8711382458597,75.87999735518038,80.36442594335,73.2371526726995,76.3933709255939,55.29797307694123,58.382436609161836,63.57035391093318,60.81530859485796,45.664040903869164,39.54841300497432,50.20751041575577,45.41127627261126
22.872691963966368,27.65979631829117,28.42566730145845,24.119684714073067,27.059648962124403,44.92386888400543,35.96113173512712,35.360853452921596,51.285879472537715,40.43973327601441,51.4813173546264,45.21074054952782,56.727656105245885,72.40917615227696,64.82447290553148,59.5114789080897,58.50967975382854,63.44635701432775,64.43718735095598,80.56061618350063,78.7703035667096,67.97265009657474,74.64341531702286,60.48692963081623,57.06158285847614,44.94425200401735,53.649448472985505,50.43184735958735,31.080112731528473,29.462359014610875,40.11945624188655,38.771167750140734
21.987616201848166,36.83994519129376,22.039336967443543,40.81492522365838,41.475713935575406,36.787525323944315,49.50356934473636,36.914364183587814,44.829759874426585,58.71874045347395,49.84949155369854,56.34574900982474,72.4225328164765,67.35663328313298,76.40170330537559,72.39188531471204,66.79348271570264,70.58286593318441,73.35509582825615,74.77314412494134,61.23222150790407,51.49970415893017,57.67807603613894,44.33949399799977,56.84574238717791,36.893579853011936,39.270587317507626,33.57797114283328,34.38020385081589,35.982995914731504,25.122179783039005,30.271285916713865
31.759348166813567,42.45379239629786,28.89015738919183,43.77705468618521,51.54034532222116,33.09645027629349,58.54898017388669,54.276155305519076,48.00575547333684,70.31454041814713,54.423309677364834,72.26324738013764,76.9432991973913,60.72467856465801,80.16374114101016,78.48163027717854,78.33400062432636,75.3112284010566,72.8115564345702,60.07495307871736,46.776903426766594,53.93044191868763,41.874134394244805,39.00470035235165,52.700763545854976,34.286131492141266,28.89431596531014,25.29090120999841,41.65453597553316,40.94576868239981,22.3736256564322,23.763211696096093
44.80475259771808,41.8932547174354,47.66367735755066,36.351193473359935,52.36374013905066,52.42477955466201,59.517368022127414,68.82903597559789,59.86509375760077,68.34652125924082,65.58841983419063,78.90286619688095,69.91245454969757,64.76416323363176,73.76896346987557,77.13399743945034,72.9900061261757,73.73781751000084,59.94432752766753,46.86870693264146,52.740510340524466,59.32292530006451,39.12342153256153,43.189995385519175,39.972486892593295,36.25065402466047,22.305991945560102,24.281454755851097,33.03539606783768,28.076799462871133,28.696430417787816,21.465526857979686
46.315726020139195,37.2817988210654,51.58380528528879,39.54469514942764,49.00573746573443,66.17885428971275,56.4496593639945,67.74003239022846,74.76956398161646,62.36392127270513,75.18178246719916,69.86942716623598,61.495409124029884,77.52157673578854,60.6421630647321,67.0715795651212,51.640911799772155,64.8084020429745,46.22083393471382,41.6767593319334,56.707492950778814,46.89456204873579,45.00119291297721,46.39560597062666,26.290557367425684,41.80276334480386,24.827825147069024,32.17325514698214,20.60214674137964,21.09212037591005,40.424541377351034,32.52116452252989
40.53761821424522,38.527407016455065,47.196910118892816,61.24208981007364,50.99528229292508,62.213521757203964,58.04615231544235,57.246871054635726,77.12421454881644,59.60722122565685,79.02070011271748,59.52517161904071,59.29940699147254,73.00477036278266,51.91594838407737,51.64457804288831,49.66069469144414,51.94455516189557,40.00978501681892,41.98383522699761,44.344891363327314,29.393271648636183,43.670102135671776,38.13917524407573,21.44994271168544,39.51618513446659,32.500956106399975,39.08202863396331,24.607497408010953,34.688849274270666,48.60557538103433,42.90810637287715
40.67687615181766,45.19962429424176,48.0654666452051,69.75766430306587,56.93834303376285,54.411629400595025,58.629031737959,63.115490604133996,67.57954845297309,66.47866271203948,74.37044892048932,59.92387504993446,64.8289017481582,56.7417643480796,54.22874718843198,45.59478696716243,56.640501792554,35.98578350760213,45.96903709235991,45.78598110964081,27.999385143538095,29.506005011266037,30.956093622394594,23.09966049787418,29.731793022026324,37.88814808553682,41.335975269782026,42.07655510346668,43.40959790352115,48.16619535148916,43.50964595244072,55.62705066485093
51.982022387906206,59.163811107361894,65.25961325247877,62.04517648049145,69.88449435930842,67.6020263316833,66.74547173130499,74.74997132015339,58.840771036835775,73.15285138084641,61.068353177671554,66.50362625530366,67.50786533940669,45.04735507081835,55.78250018504749,46.835652142278846,52.58374829148545,31.862580487526316,48.94944965949756,43.834492953499904,26.00157011738294,40.35743635433899,21.280840581962032,19.39739157572486,36.674272086482944,29.722800212164653,45.24828397087826,38.404612705066086,48.78134085667191,45.74096090154164,39.52558469439108,61.44150213481118
68.08442398285865,72.72887180974598,77.19162021189724,60.17651773687617,77.95175161492008,79.62644711545151,75.62042557950905,77.88249479364963,61.12421726225497,74.44686603824883,50.57998998175073,66.45064209514132,62.11120456472201,48.58036535615995,54.60010882762204,49.29293273262868,33.140798611122776,27.162006494789228,36.101045638520596,36.62308232401132,35.18723220091623,35.47168849167084,25.133755511830877,31.970727821796395,42.92717439767189,29.130504854244673,43.86570512475831,34.854525267828535,41.85363830613685,41.761114401967404,49.02739050409678,60.5458156074437
76.56721302010023,78.0011930038785,69.636411243559,73.4794692204989,77.13889361978478,71.40088971483823,80.43575092802321,65.16216253562067,68.79711595369777,61.24499328774671,48.750545607367314,54.85674159663814,44.93219278336171,53.26341579123798,43.9994033883095,46.31971970684587,25.54672936704537,32.37317139490566,23.200610123895416,23.47830562311134,38.91128874838799,22.78682033952483,40.565556030750685,44.51025754852725,43.464672424549946,33.21108964434227,43.09637626483209,39.492022198804094,42.18159367756437,56.252422668041014,63.25789956867809,55.64455122598916
72.78096549687294,74.0450405919102,61.685135600930174,78.23096118407749,67.80110981372454,54.55941175725063,69.4819375951878,48.74560157362084,64.66351717557477,44.15368004318358,51.17523686420096,35.189295470493384,30.163970297053364,43.630240147020885,32.29487156567657,37.64330795284487,35.084160411869505,38.11158236245437,20.39412301761965,20.1976217894476,30.817897741849553,27.595070539306793,46.33452346113353,48.13679126110681,37.15327412252228,40.08590652403762,40.359139063000974,53.1306172619107,61.6581769825497,69.74759404383174,75.57560011123834,56.86470811979625
63.52538223939656,65.3676428180816,62.576951873995235,63.49393291963919,56.02593266916703,57.05199072369612,58.37865343102587,48.76704619207217,49.162789384039485,36.77663493772437,52.378390259735276,30.679600614771463,27.69005279650196,27.221678195850192,20.269979348512404,24.164253357200433,38.651715859996095,40.87752550761242,35.12540400769781,25.27693551796916,25.20458941027448,45.77443512651652,43.01301655534336,41.42839585550817,40.43828628844934,55.99167197213733,50.34615862695613,68.47556348762657,74.68267559973314,72.60733333883509,74.24385789616453,62.68258105833735
61.36465173728745,57.64154304619455,72.16401375312267,51.99560661034403,48.57564006885212,65.46675827259945,43.48437308910177,53.573423845996636,33.448485922391555,39.61574698863088,44.57875350781977,36.86020286598232,34.26855980614757,21.968226621071334,21.75333284177932,19.388848887847395,30.266063970875386,35.051529063893014,44.004491809167604,39.846357980534755,40.44847807082737,49.904964220818314,38.549348768180835,42.10971305089365,52.76986215880622,68.86931086037795,60.2120834219464,75.5396483784856,65.88973074346845,60.11759669272524,65.4729177908303,70.41282500751483
66.96967716157378,55.36615186119239,73.20557899926337,57.43015379457953,50.61118561023822,53.3680270384904,34.859638276364436,48.96173021431295,33.424591092817344,43.20652835549709,32.58539659472771,40.973732540332506,40.939642893399345,31.871067009996185,32.432616670942046,25.011069454365476,24.66582705147414,34.241295399530195,44.87784919842888,50.57236591621961,53.99548381781139,43.04450228564051,48.993187549536735,55.159482615052525,67.51113854349322,74.69606006402313,71.55556421770021,73.37585059543541,59.288900289260894,65.74305532424627,59.04084582666518,76.77768817900696
70.74396420710332,58.17309573393766,49.85280540505226,62.086812862410945,51.83354379390953,32.11886023775643,33.2043033326032,33.668502066586285,38.67858305038447,39.78247992980804,20.43003126154243,33.67407218892372,36.93068461734104,42.32498424673684,42.65246521818079,40.56346332627119,39.17713693286222,33.91759696650983,40.878923359795316,58.656739838628766,55.50008303296226,48.329651950797356,66.05844185929193,71.41106142538884,76.37210512144098,73.79056581365741,78.0935938291138,63.831074315875625,65.74282259069612,78.08935140042622,64.49843881895401,75.21962623688015
63.78662178679384,61.861581511227484,40.17645015996696,47.48218494144501,49.70526558641093,34.958404527059805,36.23457605897717,22.589701114189094,41.25038103997183,28.85261928704347,20.332165199321306,23.820191544892797,28.649633075334908,36.845951364404975,44.97934674883153,49.00316194179838,55.03936507417306,38.94148513124756,41.693865336601334,57.67138393159957,50.7989784955881,67.90446976252858,74.17496991808358,75.77105240634643,75.233477624692,67.57333991995772,78.25398931317751,58.03192461652449,76.707659184116,73.5862598349818,67.97544174269159,64.3261590886651
66.97058348450312,103.88658848664649,77.19111052253209,59.72171270690612,48.696211198664635,50.3585030092921,43.37301850056364,71.72911383277902,61.811561985922864,58.08505923798185,30.331757975013467,71.15184779143605,66.3451616760347,41.59635698079445,51.83098261508622,62.15880090778261,67.51986954183222,74.41250791658231,78.11585492903538,70.32512552542701,89.24019693796808,83.4476640410022,83.63681634910931,85.9883721038436,87.47035819740788,99.14413159302534,81.60570746610695,87.28514036319025,97.67328076865171,55.39937440870011,99.00561573801593,57.95218503534748
36.33610392845937,91.40767198842053,94.94148306990158,71.25138104519567,42.96598755159688,41.04725827348868,71.99620269649753,61.20175876059254,29.753004221281167,50.769800990675975,43.44580308596357,85.06933351117328,48.64843136701881,68.69360460840294,55.105845484763236,76.3567276997553,75.40331054554436,71.40174725904743,120.03167897147205,95.07401556793423,119.58548896339646,108.66750935851633,91.86502444309451,104.37665419695796,62.994633265650236,69.97706157626916,62.84409064190032,82.16406392361617,70.81229729159412,61.4630890311315,93.71230830471994,57.65129699181227
47.388353723029084,58.42145706510944,45.354943305491105,79.65732477982402,23.60020860872883,70.41266441563852,73.16417025875694,45.47577183440403,25.468463146924616,80.61599786376726,83.71798040678054,89.82398259871265,89.00387585267538,58.26335665994514,62.64757606129112,55.941833270846246,101.56041718948245,104.01305822430635,90.84953415621816,66.55769462360851,94.19206203475518,77.66493394288628,99.194817040564,93.77105904726389,105.02171169555089,81.85260998318697,57.312185323703204,103.21205497105535,84.46711536456866,83.53900257654243,75.56072517843009,56.214742952184196
65.10624108820615,43.02770456224819,24.313239476386258,40.649081584755585,24.745894677888746,55.65108525930415,43.518630540210296,52.56023106035551,85.68950955416706,64.21423072230363,68.9599918458918,91.52190744796243,74.45275694714165,70.45913966990148,72.87435620024594,62.905040004442675,121.325436723682,117.73089334803655,98.04099198942961,116.42863042295713,106.40648720929995,82.6102203697304,116.84352501777758,97.93645709956655,103.6295473864344,106.50380613511965,61.60189714647262,63.21883910988746,65.89196923996434,72.24115535272816,71.53997378759185,76.8223173087085
41.22822828392751,49.431198730245555,41.97330862197007,35.582740480300586,40.39365130990904,59.589959347205216,74.71736778339593,48.208181171395566,78.62087744228486,88.0990162738382,62.57649771011395,96.09990558144929,113.89429056171224,76.22240958539683,96.39496836411945,82.43633011026682,88.68582133068676,75.2215827241062,90.970606958296,102.11743409681426,61.459675061230854,90.48993713338845,117.43095642873838,82.36579101487156,74.66164689478052,85.04700062724604,95.20704379956412,55.16310356745326,82.95589434938566,71.81307744509544,47.08042931365896,74.18835562512086
52.32025530128196,63.08053329654827,67.08414237552367,52.47956157683353,49.66570190958585,87.13997344730237,50.210784984180535,57.20570069186708,57.395980562733165,79.50740959939019,82.08073019242156,51.26273361869155,85.19553220012538,67.91154687584051,110.35297355135822,86.59975453175251,96.68395906899943,84.85102271630947,110.94678464627566,81.74863564526605,79.770728140738,62.93201330428312,103.8968741863963,98.85203084794428,69.98208173563879,86.32129637865921,89.46718223685309,56.30910245756555,58.507210410542235,36.51387216317026,46.27186452070269,85.97435675871036
68.51991828318076,72.39233811727134,60.11160917924198,63.47554438486728,85.36653282980737,80.30921252374438,92.18857404727147,102.44013617731783,81.74368002347741,54.97688386864708,65.41662630313328,109.29371801616958,86.52075464856223,62.14538570782727,77.60125049374071,111.29695468565461,61.823665301435035,66.89708111256847,99.20675566905615,97.44712297513027,101.92507107690577,56.8139032447982,77.58887715101335,52.17983306385843,57.57232365884737,81.02794558688564,80.20285880895966,68.72227394901141,54.957226161890084,61.54738186859318,41.81895605148772,56.80621384592553
38.105644331837695,58.58145895153608,89.55544493219062,70.3159295655498,91.08183941696228,76.00705266941466,102.10514232848348,85.25678748018566,80.25703035362608,82.850295383087,78.85243010090565,116.40434005627523,77.64203721050417,75.20769630390268,97.46603495054111,79.40278966930711,121.34630899750798,102.02579415175069,114.56373077359942,65.78780610394634,56.79291339552766,97.79920585164058,60.01100644922208,82.08126157306751,75.19790740735056,73.16370304486205,55.317430415672085,50.04994037452008,73.44029642796669,54.64430631198853,34.98077320097881,58.61991062279451
83.87484280529515,78.28276741855814,63.786853837056974,49.97855788078621,74.41022293798676,114.09587724228888,76.217374049588,80.46761973636764,110.0341708300646,111.06194019061091,113.23808471654279,112.96540723300963,93.51762932667387,92.54282530945899,98.03210848641372,100.48737348224827,113.5842345019228,100.47493161084788,77.94691786174933,65.07543078112366,78.3974389950627,86.5557053340151,80.76625571712725,77.7821046802665,69.58600276010357,40.744551083487096,51.41592730314625,41.956366821644934,69.9838574568321,28.734259158771223,46.42617533932166,54.55640169615336
68.0651837738782,70.77504663561282,47.30678803263256,47.050339446251506,90.39671068832887,83.93613814526474,76.79073426156819,87.10015925023015,115.02470997662888,92.94628152159436,108.65494910376442,67.85738282147992,79.10273456691192,90.5130699279693,85.16934417352861,81.45780601259237,87.63542771944597,105.08463807829686,63.0389644405642,57.65865205900907,74.27508012594063,51.25676481956921,66.27110845367186,44.78980506907275,33.59323686037784,68.3270579108385,65.08039450968951,73.81490914036954,54.674761243075565,32.94468700240097,39.04148037309096,43.44470311740746
277.46133323530603,78.494389519214,97.8846946574041,79.59202682293244,111.49362534673182,97.75687174729377,92.72308237091178,107.12533042663262,98.77250882703123,86.9396862071242,84.08475925376484,93.84013148955023,69.02077211264194,56.32096885798337,65.01542206969617,52.027228990713944,84.0354273744728,91.23558113730599,60.3431892870688,49.724527544832014,66.59738347661269,47.54527592412647,44.77304410875911,57.65982190851469,60.02011418175011,56.70304985093665,53.2770223982175,36.75024187130652,45.510081992348695,72.24559506087594,72.58290874554093,86.14206800905596
252.93468158094726,61.0977371874028,75.66011970001442,106.60100911870494,76.24811799236332,90.72100092622001,107.0515801754237,108.54581669288562,85.25156043227584,94.59397192621662,78.33695076010525,86.51209586055583,99.60065045739557,72.259306918833,108.60873043753105,97.04564041914608,59.78487073637473,53.747409714951566,48.295355003083344,44.20479758435529,46.03297441879714,66.34002763646856,25.959874225134612,38.92846702886412,79.1920563905594,36.454997007029135,69.20870255493601,45.668864762555366,43.663547785983376,88.72792958236916,88.2579338131222,98.18492153550028
186.75355219019428,107.95389109504592,76.26648809148278,73.96064019130614,116.24173039271604,117.83264762364144,107.68349502933378,87.34694242003437,73.90614425380765,92.86740144415947,68.85838112279451,111.5516950511523,86.47374284635396,77.76024196163604,89.56367492552437,88.27169095804334,52.006920464950596,82.24331808874298,68.8958821351793,78.28299617920104,42.82423166785817,84.96423930584089,40.915862089898866,21.850996862330852,79.07234875374986,50.35834572988789,57.111785903336795,80.27001161874487,102.37208324277265,79.01745018669558,88.60088398284884,91.0028415968924
114.66053858490322,95.46880107655454,93.71446553055597,97.92210993629854,113.27139636680981,115.51704986714068,69.9435686596593,79.99179569043292,60.513584115637705,84.35635509110594,76.56519531327328,102.40390000003352,61.10183812575585,58.257457332019186,42.77533067609565,80.97741374556206,62.55544954089387,31.807858259180207,34.10840747770223,60.74026632044079,23.919145960116218,72.99412262716052,72.07491469471772,37.114596017969,33.231664334606066,99.39484153151777,70.19226350171962,62.96067542906847,100.48468359103117,94.03067521909675,102.74233271155322,110.25056424307814
88.81297927654579,83.96268124988633,108.32813927356761,98.73351200837321,83.28969422293383,105.7472996001503,73.10273605974773,81.19634145584978,64.15601807049889,82.56743575654565,57.77847653252167,48.48420373615788,55.81439617193659,67.83618285815427,65.94792992119012,58.45176843902291,67.71394196895966,39.20599286899953,35.52967913240804,66.29689936835987,43.12801078985037,73.72595134247096,48.472382041052114,97.63456763376692,37.18184392795795,96.70844793027871,86.79867069686127,111.05055558621635,55.82450369387445,88.89642114750382,104.53398137730227,95.04445101613933
112.91362608581689,107.70877108515774,101.79072215269376,107.15763405899988,83.59626265884023,98.80237054666505,70.95844714468554,77.03896341073435,106.57037892462071,100.71429624157933,75.1530778707735,59.31292252412328,62.052751249231655,30.917467826672215,46.34078804504469,38.133430384285276,58.36573521048224,25.30717411328127,71.25944362440141,72.83440577604597,80.71840444807735,64.30917574252734,58.13590556322584,93.98908470481418,84.34704923680852,58.08505873722528,109.12953249340885,112.26091794823006,106.16600310898781,113.23162784166072,100.65393893285108,84.59029310616006
118.17434519583594,103.12026585875705,72.02711059021676,63.36811986768689,72.16640851773597,101.76348487195942,109.68087786339187,61.91835800154034,72.02489767645928,60.91855728343857,87.3777801525711,70.32832076143512,75.50084834656614,53.02213315868684,52.06178255294783,35.84464410828364,43.92416878807815,72.09099600329093,78.50125087540178,87.22458638927546,94.20710383514661,81.31939319493318,79.27318388921168,94.53946656887047,107.35354688121117,62.12176004436957,87.3223416026356,76.91292514438135,119.98485048776938,103.01519378985364,92.89625432575754,94.1933377048879
89.66791574836247,70.9499754372579,59.77797675266554,80.61487032650837,84.30910476479535,95.09297467720464,70.23682832294733,79.08307061754476,56.539198647476795,55.24865006576954,70.28836660145407,58.07988776968932,29.406998024951104,40.31396689721106,75.53146706995923,63.58191543069508,71.03588970066542,52.70638706950301,55.92601793536737,51.21869228651259,54.636032632571386,84.16426283119134,67.47810274362314,69.22330097347903,115.27284557803387,74.00308785099173,84.3823805547848,103.60365329639063,99.36509420521799,93.90422657685457,119.99795991095714,109.4291865836691
60.714931207682355,97.43371504200408,71.77646534188526,60.75606115868774,80.86522028895354,87.35189850058912,55.65372224048036,43.03334203991147,61.62618986458457,36.5010219109741,24.36844453708727,46.65865474640293,27.605574604735263,41.96180656793277,49.99905247527788,74.17591839410849,37.39224062285556,70.5010542112901,94.9960268242271,83.99874939171062,79.94009676555311,55.918955319287576,73.65269452252605,62.15012149131295,76.34169562969973,79.04886698205465,68.34621200729174,65.5178960256928,72.99052071783889,87.99386775349787,74.34517160184846,86.17769850092496
81.76251250620675,88.25429081213699,56.18197643791402,94.39274472872216,78.08031074390334,31.32682326859895,71.10968207946107,78.71873844361266,39.227366572326446,43.942916518525095,65.15231513902185,69.14985960667121,40.40356650092899,37.180946867276354,58.98813720962691,73.62637552043478,70.59508965493745,74.96291922413218,67.73784044133654,96.23279958580811,66.5202992059088,70.80468610998136,110.81386316559181,121.29420842232747,84.4127968933003,101.17215714991974,70.4668360973946,85.51734468393802,84.33554980865313,87.47171427249877,67.81926318681944,87.01925108134913
58.74244198952633,54.881524341402645,51.920419519672535,44.2944497985818,34.06471303286636,39.00286796770564,27.72380640374882,39.527457525305564,37.99732898205876,39.312196028276624,35.170611611253584,24.620420009503874,43.46449936320857,30.449459181674875,34.93278302707856,47.38446606471353,58.084277592017926,56.483407047400476,46.54750854926386,56.40738807023631,72.58444510009029,76.52945850726677,71.46207208971165,76.86126202241174,60.15984644926268,77.74733894770145,71.77022877807184,69.580351688118,66.36070758632927,64.66597758164177,51.870282267619906,63.59449421724119
51.41705390233935,48.782043080604154,37.177779141983706,25.699097967559407,23.834585328403435,38.47356096594735,32.686924426430714,34.73024438285072,33.06201341205813,40.4646131744836,44.4455767607087,30.490999330702635,48.55067038899845,47.962711119607114,37.71079522411618,44.60768460029145,62.41528707192106,55.42288715119476,62.355326813660874,54.107783339157,63.450510795618115,73.96878694893189,61.7109889999094,67.67936023106729,67.14833074887092,76.09800337533493,74.02006538370811,70.59597271830648,69.47328395402057,46.84203941909598,57.25829852485811,51.840812089491685
36.27478987764985,35.50651135509094,22.277174656850057,27.165285013799227,24.334071641045956,26.84021659738351,39.8374852753901,25.289367561436546,26.69133169691753,33.415054494579934,47.666584301804484,48.50609416986198,45.53125240746875,61.61136857560613,51.17078224378306,48.69556200208522,55.4186753133388,53.072519341796756,76.5078962598843,59.79537185951819,60.757986007885684,61.868465194759764,60.03906990193426,59.61167233146803,73.08867254340132,66.48360146399135,71.2173992091187,67.86423268082798,53.88192218023301,42.68739612898019,55.724450630927926,38.22698337387038
22.863627785863876,26.235440062032634,28.239009756371114,37.754014346177264,31.76301169802206,22.295267016579935,41.4774014132102,28.59934750623011,31.06582631914288,32.22835019995292,41.320439042679126,59.431901469739906,44.625308786066086,61.00360724211779,64.22583066847503,59.14451653333454,59.50501836640705,59.79504868435894,75.9810463433814,72.10545550470145,70.88281001759535,63.72935948107659,69.13639026080193,59.60113741173415,69.6021729437557,54.600183184627866,58.076811677588665,51.37200306061318,37.19233866026526,49.41802483803981,43.31023690099825,26.854876851357677
25.91214033914738,19.068789514239906,38.53100558075948,37.625167016874755,41.690718700233134,38.78861776178212,40.40853870586494,43.055114195907095,46.118355294385324,39.125568383938855,43.79515730444024,57.73945504398513,50.34784551354252,54.37956278430001,75.1525623381203,74.30029549877682,75.94477759207427,68.87853072700469,63.7046300334249,76.31037368651394,76.81910925246214,72.83378969562564,72.56349010895742,65.64414717366981,59.883410095990456,41.879138772231734,44.408301118314135,36.51780888520948,35.84599485466212,44.33853470607624,27.97497979486949,24.056278891263705
34.91294605582296,24.65338267460785,38.162883890219376,25.488405082800078,45.98587400460942,48.3167524718128,36.34974813010955,57.227541706135185,59.873914069548384,58.364169237664484,49.41112359382714,52.1054661028566,62.71359649235201,60.42864856238951,74.30995590349126,80.80262888439042,79.59597291666945,74.63268682417855,57.03495105157898,75.41627389259699,67.0572442489377,68.01847253084658,61.33723945166004,62.98469626343663,42.183095876357626,39.904849795091145,34.41585686857241,28.68419557447559,43.89920794398365,26.891101518737916,22.358373156330305,28.825073227991478
42.03321644098307,37.2640307650303,29.04108639981237,29.05468127138291,42.13631180394847,39.560090826291855,36.52209600514295,52.658432625290175,58.83933938761835,69.74069741164708,63.525026646837716,57.19494562935966,77.56355135220608,75.30299736731021,65.44959319792329,76.76159648664341,64.89175785641123,76.0792008466711,62.98774926079074,65.28763670218765,50.788622088906266,49.54877884970974,43.287107670195816,49.084631994101365,33.88213234920853,38.66989899952123,27.73790199724076,33.78639943249824,39.176597495773954,22.12429476453401,28.3094998077281,36.45067228527041
34.86795270178735,44.72795876303104,30.638905231444355,47.5821441133875,38.511292674848534,40.37184834725467,45.69767932838652,49.43334009674522,55.10755280181604,69.80457632517934,74.51125448116049,71.6582302007685,77.35091516820998,79.30017384369101,59.23864086946285,64.06678543174627,56.66631501302726,71.47562669305972,67.31970842578673,50.91102444589913,46.99955506486455,40.98139077754072,35.988802940063294,32.38227431599625,34.560214658257735,39.311661271657165,27.973618503152537,38.161555390722825,24.328527190580083,37.88604800907634,40.057110899246545,41.227829777260304
29.96074711930668,47.82290852307237,47.20121996014331,59.30970194910596,43.17027294455789,60.2482647343032,60.3333087096754,57.477390869147264,55.827126725600074,62.55299103240511,77.77264947005486,82.40051194714017,69.01571477873068,67.97725510701052,61.08302456416935,53.97659802318813,63.603263466254134,59.73308035416874,61.210531298247815,40.174539647118486,53.04828987736797,49.99738975215643,42.6572955417416,27.80956260024179,39.66415686614976,40.81422920974334,33.39596220203321,39.51209575992466,22.4152512056873,40.58606185034451,40.238484950449994,42.34881641558924
35.21291304144411,48.893718631894295,61.78317122842409,52.62380321534127,56.599533993900295,72.26926345459114,71.54638985267144,74.64716129999825,69.56164673096012,59.629678267684994,71.10672970818231,73.66772058283327,58.58822162658668,54.332990728315174,66.34874606818876,52.5503711638893,65.6464727767251,45.337892597223224,45.60061966755585,37.89075497499493,48.129619314915786,44.74102010739144,45.1255689277392,34.520652410851795,42.12575327139072,39.76343074756771,38.7072166175064,32.39080713268679,36.285782077463615,32.22632896757548,37.255470018021555,38.588241822880384
600.0,600.0,600.0,600.0,600.0,600.0,600.0,600.0,78.59995249429976,65.95615731144123,60.21243203933263,58.90559132584307,55.67347607506437,56.42507258827858,65.53168228214386,55.3270682165451,48.745055872467,38.26049284927832,31.937082007289696,43.27753770077818,32.629846993443564,28.752375680142556,34.959068951612394,41.14837820835919,34.641411155474785,33.2655947331341,40.400522945239615,26.120803706702702,45.52854664327507,30.991016463230704,31.053840423764214,38.325387608545554
600.0,600.0,600.0,600.0,600.0,600.0,600.0,600.0,75.18930116956668,74.02698635007975,55.21960799398364,52.485620452001854,59.85111505960163,61.550962591175,59.425922586777226,56.10729097357486,34.55392024407824,31.998716862360528,31.40255345008531,45.349897059627885,23.392631034610933,23.22168139434229,23.12828328343202,34.30641683690117,26.377892653076184,26.65268867338894,38.0440271854592,28.072784876029534,39.15364318969352,46.72479703675757,41.52766349735099,42.85916146643381
600.0,600.0,600.0,600.0,600.0,600.0,600.0,600.0,60.53865782984978,72.72061436577381,56.27879374545199,57.23968171113214,62.23449209734315,58.59543548863563,46.799902723324074,49.01938460531605,37.406941361917205,33.28490768256397,38.77187318835352,38.267903074623646,30.825650131024208,34.40907125064476,21.401742656081396,25.25545910524229,23.767771276235692,26.672150165136223,34.185576933068965,39.020149214649116,34.97590522116131,60.59234828674511,57.7571492533176,53.827977013068825
600.0,600.0,600.0,600.0,600.0,600.0,600.0,600.0,52.11105545138916,60.48700665831971,62.071688702031096,62.58905578737052,52.52801621184994,39.872390336407214,29.37996057465092,36.90175763518329,44.28696264646185,38.27337320712488,39.97866297142202,28.664864139891318,40.97005371762339,42.482589105602855,34.929634903825054,26.207350715260276,33.34724512335563,32.54535077811164,35.98679159415178,54.26792900873701,53.20752996498809,55.02169713744553,68.89252732166892,69.3100829533479
600.0,600.0,600.0,600.0,600.0,600.0,600.0,600.0,54.44046031060294,45.858652802534785,57.26455017541477,50.05766232062414,37.97305074065731,26.93625507612156,25.92546875501208,24.158674174345798,32.874598372311375,41.02840935004096,29.563471073768476,21.88003079560683,31.813252801331743,31.59571335467318,47.901975960943325,40.81253233070868,49.400122018328595,47.81295152635466,42.7493951702997,65.98770279755763,68.80332704094502,52.2513580992617,68.20630603268972,76.95320858326897
600.0,600.0,600.0,600.0,600.0,600.0,600.0,600.0,57.57201985786866,35.8918638515046,48.12785938995603,34.262153698574885,25.891676153259855,29.357110670823957,32.61068497793519,21.61719080452969,22.24671352052572,37.7932372519822,22.34008396174159,24.545923566231647,28.111348313090456,30.161556369285268,46.11665702580941,55.20640022216026,60.06172906925346,59.21356526593288,57.045905760265796,67.66641215265172,67.65862765634482,65.76469992823807,61.72694558103673,78.61866127820225
600.0,600.0,600.0,600.0,600.0,600.0,600.0,600.0,52.34152174320383,38.781451026844906,33.63717668720133,24.183840341150564,27.796310140223238,38.9653805921687,39.005143586642305,28.212399830120802,25.73607139998078,33.36242896899545,27.553217067828278,35.997682773574205,35.07915190344709,48.041510323550874,40.11865558073947,58.553824658459526,63.237968165004105,70.57507998245231,71.39736547153669,62.732845951955966,58.944884485396294,78.79144568895097,60.11361621157209,70.50412539827332
600.0,600.0,600.0,600.0,600.0,600.0,600.0,600.0,35.29403212294007,43.54688885573832,22.130436951208353,30.261194005606324,33.66609202134855,37.473883035281304,39.54219590521959,39.49422227737577,40.982021439493344,28.61665844355003,44.052043217353415,47.84004588996898,54.154368658910876,61.49745638259016,45.618233679735596,53.07044472150723,59.90319319920774,73.64975062499188,76.56892284577707,59.58639819709732,65.31646401943753,71.58849798160475,66.09618656422016,59.51143164019236
600.0,600.0,600.0,600.0,600.0,600.0,600.0,600.0,22.857067519115613,41.05599271284826,23.914748397638107,39.68136210693421,41.21146980993651,26.25390847248392,35.799156864872664,43.98070523224036,44.20387626816423,33.11462977291285,56.176074549513615,57.71636496976605,60.920548799147895,54.122585658829415,60.574070777926714,52.20441258486178,57.774398364041296,68.8857100062559,77.73634147563686,62.87467917784278,77.27918527413055,59.28210283323419,73.54216837806104,54.1202229663383
600.0,600.0,600.0,600.0,600.0,600.0,600.0,600.0,28.974339597074135,31.01560598176385,31.18329381535995,37.58675362322667,37.604012969852214,23.612700903070085,30.425211232587547,45.177971809109124,39.26698799621424,41.200363839561355,55.22217999108115,63.68081077936945,56.09272634098625,52.65981192753293,74.78034040999842,63.55283898999373,61.65073899026494,64.1602371424855,71.19777956319308,69.92451611543675,74.78300166289858,63.38216407765586,73.50042477405043,51.19723886234939
600.0,600.0,600.0,600.0,600.0,600.0,600.0,600.0,37.408395392737724,20.231607190712747,38.06180137885735,29.007056699944105,28.283138206806726,38.92591242675812,31.688281365621457,40.53403578517933,41.865379536123875,55.17196604105657,50.993108333107116,57.97791219065936,53.47872543418631,67.78143833050821,72.96079787617529,77.18396271131542,73.43539466815658,61.47270243019845,61.99474975326431,76.514589055149,58.85159910013255,70.516455633813,56.687894135921304,55.25350075908207
600.0,600.0,600.0,600.0,600.0,600.0,600.0,600.0,40.03819222911647,22.507504545274674,44.07550825645596,29.28044363384438,32.28995074022674,54.10701695797744,44.00609227461327,41.169747719950244,61.40745959573888,67.45843813316161,55.31254496103272,56.52519033750049,70.41213741915513,78.84590848852434,60.648520008692095,76.8197379654557,78.7841505614467,60.43012751441816,55.868292105315035,71.1167217387407,50.46577815955419,60.152751593090436,43.31589729931199,57.631028829031735
600.0,600.0,600.0,600.0,600.0,600.0,600.0,600.0,34.90421144673952,37.325578552091656,39.08681577558835,40.83255115621011,43.11792883472368,57.37136707931037,59.49881740755997,51.637470319569886,70.37424780629152,75.49898029367743,69.13353608155825,59.78817331913306,80.13272099430762,70.72415700311385,60.88175823438227,65.09109532143204,74.92916776422196,63.210662064010656,53.76842899990134,57.19251555180862,57.36000650464545,40.01778487451467,36.57200778014581,50.255059145115624
600.0,600.0,600.0,600.0,600.0,600.0,600.0,600.0,30.636596632062542,52.90038778925835,36.3937526478841,57.755914443361746,59.83914522077899,49.820695043460866,70.55118384952996,67.5489541911725,62.167526929887146,73.8983337761764,78.84972717179883,70.03920277473789,72.65334375249903,60.027267129282585,67.92301273123985,55.93497181849651,60.85583344695492,65.32861008305858,54.315755200890756,43.21166723157826,54.91778338981252,39.39166742351986,40.66023825937205,38.260035221967414
600.0,600.0,600.0,600.0,600.0,600.0,600.0,600.0,37.233878152077274,56.84652759650344,42.74245314731537,64.83586034735025,68.03130873350963,50.24751577943761,70.37064671817997,76.63395525810859,58.68866982050922,68.59895849819648,74.76256125559125,77.97421566934355,58.28247213689885,63.96914649876683,73.9353890618291,54.54319182179857,47.276212266967846,61.607622191032185,57.070330550885124,35.03920378732718,39.23576471088227,44.02080130934348,43.95897708154096,29.66700113837907
600.0,600.0,600.0,600.0,600.0,600.0,600.0,600.0,55.181994590045974,52.808885806136516,54.510030835372866,59.81519991354787,68.37337583720158,67.56317632437718,63.734321212106046,78.96848848236333,72.17754158690734,63.27837978049813,61.50205178478262,76.61595394423661,57.425809304463236,70.88790984975186,63.01367507710888,59.26618652974336,42.224521279700944,52.2797252797661,52.529526102697496,35.681293500652586,23.851848634604227,40.225622427369146,38.226786197956436,20.240176083572205
600.0,600.0,600.0,600.0,600.0,600.0,600.0,600.0,65.09701884822191,49.73582718918005,70.28059450757809,57.8832747494621,59.61066796635467,78.3162129645386,60.16122028527438,69.56628711603744,80.03746474658851,59.06436094947379,55.62739359465534,67.89867985570343,67.3798301224454,56.949952689206214,45.80536480170921,59.616248791272476,44.59973952323402,40.37494579821421,43.06924309056576,41.74636900043774,30.73401156978544,23.830909039187993,24.09862978600704,21.87433835201595
600.0,600.0,600.0,600.0,600.0,600.0,600.0,600.0,63.87115320224086,56.84520521162175,78.21803632265005,63.71966260883911,60.994048331976934,74.01192407107972,63.88710747791369,59.03722930535157,66.3648375753424,56.24243700268246,60.37063059191979,51.40755959242983,61.35409414019007,37.84135142944859,37.25158774324521,41.233615027363584,47.30140190094457,27.790331496021274,34.294705589612164,42.011515324834335,40.066955201209375,22.136349770257606,20.84704759617342,31.517742433702836
600.0,600.0,600.0,600.0,600.0,600.0,600.0,600.0,57.69789964228899,70.13391351177043,73.60931117399491,76.86416177642752,68.53576429062724,64.01738645263482,68.84351784252209,56.921686420270774,50.678933579347806,59.94014756409984,62.97142970029893,40.565247192701115,43.55445871289185,40.51407729910303,40.03452362193913,28.619541381896756,42.374290904005036,22.179155577390606,22.482263757231397,33.46914017912918,34.42825715835396,37.31069045178101,28.07147824749816,42.638140611240246
600.0,600.0,600.0,600.0,600.0,600.0,600.0,600.0,61.007830151775025,79.24347383706274,66.1751862175327,77.26923780009702,74.51172083737782,58.570942982324596,71.81786529630052,58.96436548886778,54.05648455521837,59.94338663131347,55.645294347937224,38.12759966317171,31.221572909407705,46.82990667797015,44.451699970978396,24.779893556956253,31.150689335538658,22.058572789209553,20.442402991851967,27.732282630386422,22.293343743982273,42.83632716500177,42.89068590486016,50.97156829377503
600.0,600.0,600.0,600.0,600.0,600.0,600.0,600.0,72.74173843308942,74.22596539252979,57.79789359732775,66.08879097670687,75.4066293719365,67.83151663222098,66.80649264313804,60.49170379687172,59.07314424030277,55.27411895981663,37.84165239661307,41.35790706828027,36.885132164792836,37.72505746093826,35.464091188978,34.363571943695376,23.496240302296993,31.071104600940956,26.034032540888806,20.695301982452964,30.552834316332326,34.472024248937245,52.33158669301645,53.25332557496379
600.0,600.0,600.0,600.0,600.0,600.0,600.0,600.0,79.50524844659738,63.14246013608308,60.851582028904865,51.90777291924882,60.41426460018527,65.88774931448859,51.517125024494945,59.17756790800276,47.496090739635946,46.2582554181939,27.223769707280013,43.58462635404201,43.56465852953214,20.976220578023955,25.140963343456324,40.23599050077675,22.31729603181912,41.25914896534517,36.724957389035644,33.305502721607034,49.829611114878986,34.0195227329623,52.10275809414468,48.78269587359408
600.0,600.0,600.0,600.0,600.0,600.0,600.0,600.0,71.12029271173276,54.51758042888418,62.28030053040292,51.46289947346987,45.543492294097575,49.71349353172817,38.91763259703892,45.18199195650993,30.644296227454774,34.59505277390818,29.055609088877773,38.74525626339998,34.11085396108224,24.605627095303863,20.981892725342963,34.05562245019306,31.878235332312656,45.252801311977336,48.507646316479914,45.55610154937281,53.80457654245051,55.5503189197244,45.44883327904424,48.323848617837
600.0,600.0,600.0,600.0,600.0,600.0,600.0,600.0,53.990131272915804,55.15005568622934,65.11859300805887,52.82309916110805,36.45707702382748,34.11882220017532,30.302455250060778,30.460476468653543,28.336309616856266,23.949643059442174,37.412705026530595,31.741654032610253,20.92287451664916,40.57527530469818,32.119807614182655,28.404145280085384,45.663615262065406,47.860952379881695,54.15819798397429,58.55607659457121,46.06990179713497,65.82881934946849,52.59833725955604,55.28780895696498
600.0,600.0,600.0,600.0,600.0,600.0,600.0,600.0,45.84267302109954,58.23819635554391,57.335123134250104,54.09482879519618,42.88057875896104,33.45905375515328,33.57486313580885,21.7058903583961,38.79913958503396,20.048286931338154,38.1742903085735,23.267555527909373,26.30094099300642,40.37925310852051,47.28896311777348,31.36345949522971,54.358456131422436,44.53265492882087,56.99600404613907,63.17268901531356,50.39173387599093,60.642249878948526,65.90799032593044,62.94484730823237
600.0,600.0,600.0,600.0,600.0,600.0,600.0,600.0,49.273390609836056,54.77287696694476,42.2917204736309,38.20748718928512,43.37176631115543,41.436389624550735,37.895773183794894,26.370917837302265,38.62728013809711,25.611318721814122,30.732128884700934,22.905918184191282,44.25802463859845,31.31049422707614,46.04193473707337,44.20136866963146,51.56420333889391,44.61578020224569,52.88486231380829,60.62024305631168,66.17508791351568,55.0368371528777,77.43632009397427,73.53803459183781
600.0,600.0,600.0,600.0,600.0,600.0,600.0,600.0,52.807495005950734,42.49767783196937,27.86364292152656,25.144731827547293,41.618081657184796,39.339079959344346,40.34691199966945,34.83477661065051,25.258966034823384,34.58619794119324,24.974758501552156,32.984130010266185,48.373078330912435,37.89978168809734,42.19234381376281,63.709740583127356,47.641000285129444,50.69356347100062,52.70876341934293,56.93029343158033,76.80048210687599,73.23450544795817,78.02735206011191,78.32502871367097
600.0,600.0,600.0,600.0,600.0,600.0,600.0,600.0,46.11777943379847,28.214905006041306,23.646002225384542,22.648087595395065,28.46180538595972,28.769470309518155,34.49289868088444,42.33457214632657,26.28036367317784,45.465674270876356,33.44382078532945,46.44012581515599,42.50156096089947,56.43796811825323,46.01483832926913,65.2559539765508,50.606573779934934,58.5466774434983,59.50132706073895,59.77450958053373,69.94816908349189,79.06091729087358,65.1441366151991,75.87026392561538
600.0,600.0,600.0,600.0,600.0,600.0,600.0,600.0,28.275484996540083,23.098735620112095,26.59957599110913,34.08674480465284,20.467861683229227,19.868407080411345,27.152529266735712,41.66759889818149,45.24410184061048,52.66250397386346,51.240794419826415,57.89756721260995,43.47286742682953,65.14539667824423,59.752377870598124,59.62596531896579,61.23939509192086,71.72651327027235,64.24083033366774,70.24811729865738,61.64564729414217,70.0069190807422,55.935969259488196,65.20912169667007
600.0,600.0,600.0,600.0,600.0,600.0,600.0,600.0,20.659352754681272,28.567485629213458,37.41489194183008,41.11296579191193,25.104611723927253,31.47975122975244,26.512868451378033,38.870152917031675,53.38877888287929,50.385975129453485,60.88337813593468,60.18688294023052,62.41768432196674,55.030738944095276,73.88764150956612,56.34179429517287,74.07672400567644,78.55720987622806,71.90743223825488,77.51130075464891,65.00506834365804,55.64929454841649,58.428142441395934,51.861836025040034
600.0,600.0,600.0,600.0,600.0,600.0,600.0,600.0,28.195863027324716,39.675594228011356,41.67795785683426,36.78152004390782,38.61498173910942,48.49948451824017,36.41690489218215,37.696570650500284,44.7112935218312,51.77355785567653,60.10926593039595,61.82546347919109,73.44236618741438,57.455251969206785,74.28569721619283,67.67680970056345,78.730347390948,79.94834069329895,76.61528293180173,75.25145277847324,72.9275918798446,59.122925976482314,64.93706834940527,42.86659646718387
600.0,600.0,600.0,600.0,600.0,600.0,600.0,600.0,38.66545011058369,41.39792941466121,38.80976951437784,31.67018692469032,49.146988206830194,52.414915100183975,52.871313247579806,43.4537033441486,47.301036715695936,49.33940662482929,53.239590464855546,57.65757891504319,69.92705227750453,73.43618359516483,62.48140067000514,78.97565611249074,74.50102573016655,71.80307420396008,75.94048752572039,66.05107344081331,62.87990631418405,65.52288340255275,62.18258651324212,41.899755105039986
600.0,600.0,600.0,600.0,600.0,600.0,600.0,600.0,42.75994951751523,34.398499253039326,31.13341223893375,33.97359306721113,55.20588534090075,46.09451993491845,65.17713566714109,57.063930534314096,61.6051689883264,56.43621943819544,59.24301115916558,59.42869025062848,59.81837463525594,78.59052656226022,60.48149133471673,76.8987541064945,60.53981076164581,60.973841698446236,61.690698216345986,51.11329527230176,44.137976386553184,52.74883811534004,46.63165465567704,42.87343161546809
600.0,600.0,600.0,600.0,600.0,600.0,600.0,600.0,36.194581314758416,31.54918296289984,34.0675937989283,49.92240663888574,51.519722940258546,47.398704775489854,67.06499517585564,72.5061771325466,76.62048451870676,63.20042999911556,71.35109444958627,66.93890800982633,64.63366505706618,64.09179613006167,66.23233169136422,62.83880803405901,51.399844181668676,49.11377263168693,48.903160438519514,40.28797393157341,42.41412656082669,32.036242924612594,31.376103750480837,44.56969580803546
600.0,600.0,600.0,600.0,600.0,600.0,600.0,600.0,34.2278287742733,40.81155405912814,45.03563422326781,63.814014908304884,48.390338983414324,61.713212637514985,63.055100106492006,75.10939767119247,67.779532501512,72.0897806920991,79.5871022795943,72.75771578826894,75.20947446724986,56.47299777372557,71.95527678226914,49.05578679812883,49.796409703825695,41.5908153871616,37.30644427266585,40.659831609638864,47.20479429149455,34.52592091251309,26.629673120898836,39.74370732256623
600.0,600.0,600.0,600.0,600.0,600.0,600.0,600.0,44.624636198687334,56.09223884123347,61.445446613938124,66.11928384632175,59.18162065312596,76.03283041944711,59.0049946930198,71.74853340605505,59.63546328436561,79.4424984706016,70.65830220981026,75.88609583448239,72.37208595759819,63.5619339532351,63.946185492197245,48.359509647776676,54.64084605742874,41.746079717911144,33.551072995147294,43.466820846741115,43.59649699968704,42.331818707567834,32.880179362658914,35.82497931531941
600.0,600.0,600.0,600.0,600.0,600.0,600.0,600.0,63.00799513215216,71.10075235362068,72.99479896055261,59.46462331638839,69.91777734995826,75.33310924647202,62.06738958713838,62.39741426957801,66.28891265167248,77.1033826591297,58.72742453545848,68.60969390891242,54.74409026146335,66.01674941839674,46.50888839722312,53.0757327002592,52.066434143206614,43.77943266195899,34.48933016553302,44.02745710384315,29.050764637350223,36.34061058651426,39.242052844596884,26.2764186249834
600.0,600.0,600.0,600.0,600.0,600.0,600.0,600.0,69.77193430809095,71.65055945340407,74.29522352344699,59.045385705951404,79.0464072908851,63.541213388702346,69.88849313080061,59.55048474226803,74.8541362206231,66.40071369863199,52.1729570832927,54.44632118174298,44.40851504769008,47.69341107632812,36.20273060956119,51.856094193724836,43.61681611808086,44.482596357225276,38.111104058492984,37.29201700019063,21.487843373767955,21.733891280881696,37.816864385236464,21.563546177789085
600.0,600.0,600.0,600.0,600.0,600.0,600.0,600.0,66.50761430874607,63.83513047780567,68.6914096669003,68.68804278224611,76.04811027479558,60.61344443753162,75.74810280967036,60.311432309513435,65.58463701551831,53.16392489633382,56.19412969094153,41.843039416192724,48.86259710793486,33.07550470042053,38.36400522912211,36.679066261811194,31.953589333502578,40.57319886229606,42.279231052114106,24.623769110329015,33.59965899140608,24.52523771940462,32.3182258741829,26.44287717633795
600.0,600.0,600.0,600.0,600.0,600.0,600.0,600.0,60.25125970826623,59.88281610272127,59.93694172421749,79.60225105424485,62.54341096900929,67.98391564961545,74.61960388186114,66.25552122017298,48.56940384418834,42.821727110191624,58.03468694636332,36.72868630714277,51.05210785211428,38.469138781786015,42.49233952604396,24.26332862310909,21.75686920633055,35.059935250041406,36.8307549805583,20.632899971448833,41.21186081027707,40.6391537193224,27.15643264263123,39.60265204899639
207.7175999267178,111.0233112173448,62.43316768913454,73.10811955374392,71.6336631735345,75.70099873817215,58.515726801868766,59.65615875729804,63.34651383343724,64.42313420351628,60.39890434117779,74.51516387652529,54.411675129955384,70.07144004492169,59.143776803167064,63.384193988227445,43.45226356396679,35.822100696576136,47.59254101928316,40.24450109631007,38.05385426597075,42.75837282017356,38.98343533402368,21.98465468301728,23.29848861933785,25.320324319646012,32.53899418196137,26.410624059210328,35.49151508622443,46.713433200664745,35.69030873408372,53.222586396388316
214.9006887540893,158.8832011642231,71.99214718729776,68.4633267713811,68.38769650493633,64.06529914698737,63.234376986840246,71.57246941526381,74.43052362146464,71.89332310870782,64.89935075911241,56.08166390898255,54.3015714651634,58.016978487681875,44.58214737561901,54.45752265461388,51.89060969097793,35.855273180549545,31.029291399340902,42.028012241731666,23.5588996480115,30.15188970767638,25.868237639198547,33.213379490257424,34.718797375489814,24.88029383531244,28.705254171813515,38.6775212408914,29.984097090006014,38.75135110301362,52.28567355395297,61.0399553758774
220.10868584484433,162.21160635017472,62.215581974111124,58.637761144807556,62.5119552875534,61.93575291438166,68.42684987400376,79.59181119200845,75.78283733659586,72.6391303484854,68.6364733835357,47.185743798083294,58.19371020529101,40.87767129254228,36.169497655881216,40.18880089901148,44.55429140521821,39.88369403903275,24.635213407916982,41.875605613138255,23.010261547526625,18.61789570941293,20.8946994931112,42.4477223046879,42.996704268774344,25.714572603587442,28.589728636208356,50.665351723261786,44.988013931728446,43.414112036084035,63.46519478234567,61.7008714662907
177.52379535310806,116.57746871926282,59.41473082959656,65.74022363363183,60.80261771867522,72.78441353597101,74.59117634400522,69.458678145544,66.47964303269632,63.00656119763604,64.0407372277352,45.97381700435661,57.68513836015623,36.03735072618523,36.32778920359637,25.63374035611797,27.498285986555917,40.39464182236977,30.110948503576015,32.95105229671926,37.978597808162064,29.521754490233846,32.45428128978324,38.56208827389186,44.626715076261924,36.3520068846661,38.47892208627152,58.93759278369242,63.56651715341422,62.7458545494931,67.1588299503825,60.764437595060144
164.94867749089906,104.7769922560376,67.30186410748559,78.78432957313031,65.71622823258656,75.67140674088067,74.79137917874206,51.26173486744703,47.85262159291969,46.80861682560231,53.18272658817754,51.26678564392343,44.87005903914779,41.82853786473628,42.4202049631991,25.46335404108786,22.85226280752442,39.39252441763767,38.67995343044925,24.271277088733758,39.22314450391489,45.072261100780516,45.90956576624743,33.76617335824431,43.39810647223925,51.37237054095991,51.02825012424925,55.97007346353497,63.511152186076934,72.0928779143183,59.93658916519835,57.02240774645064
156.97752422040725,148.51722698416864,79.89522110552753,71.44070106116727,69.7078929734444,55.52571030338948,64.17527246378177,45.50345385580133,42.58915752558124,36.94088989385966,36.56646569417005,46.7660562746197,30.05551655653899,42.604641033834874,41.179666689761916,34.59998220121152,33.51633315517185,34.66222343374326,38.97720490173395,22.37454969344514,30.9937442722202,40.98066508074252,50.654319196349626,37.511818964073086,39.43358945314396,63.300285742331035,65.1721116578575,52.0630761013011,55.84679672087491,63.830297148763215,58.24906070676229,60.49191147259557
178.80617802937033,135.52819719735558,71.35619688917427,54.36367262679817,67.21398759357989,46.37915457326852,50.04146508287602,51.80964918343132,46.04350716720202,39.22238746222785,26.076158100609877,32.01199688960221,23.447370326284048,32.05606872762028,35.758978700490786,39.22514181876108,38.9822102520079,27.46218444097701,33.38110540116899,30.24941827391116,31.704346346477667,36.47388117425261,45.53744186843614,52.52601231898991,48.016345097745706,68.93592510931303,72.8748767875275,58.39266477878644,60.4483760765865,58.03518679208398,70.21432567914707,66.75977985188621
160.17242710131256,104.5520197828343,53.329121383010374,50.94695408935357,54.78797218030239,51.40653949680093,36.231859886274414,51.78858632243766,47.0780722336412,42.23266259444501,28.27496963935733,20.04592185683987,27.73728245921526,20.34694288808067,25.392030211933836,40.52342734602983,31.583340415310907,26.87764827193361,28.891727195961387,46.21612314750307,50.01286393631952,47.67980915421369,45.3251025746305,68.99978996866136,63.2521811414552,67.28465083079445,71.64119215805424,64.98013283287014,74.34159692852899,70.57960714051852,78.31365230624475,72.2000535203875
184.55207783093124,147.58320384937286,47.65474948676408,58.60308737054086,42.01723312472287,54.40691452688853,30.80420688172253,36.06592273397228,39.70473895029189,42.840674814347274,35.745297420263704,25.011274155447683,37.793766663621305,26.24589455188814,22.01977672835543,36.731142696791146,29.529621498767405,35.08882649073746,41.19336179505649,57.73026331403314,62.022791329899164,65.99945808050344,57.70269553929963,70.11066682821361,74.30902397953732,65.24034049385787,69.91561287307543,77.35562698849917,77.69388256827257,80.21819172165459,76.07615594936067,73.97744672386003
155.2109109988321,129.3311945967256,51.32755733335884,53.444852107761335,31.0705771435089,36.02388872329325,33.048481969232355,23.733719831971168,25.177363814687613,30.290659675044832,39.380954337389596,35.533529202996846,40.71852108002592,40.92949113060255,31.205200977206495,32.3479781350923,44.583986989431324,44.20531822824987,59.753251419354065,62.946781995665106,60.30858068581722,65.7655236989052,73.73450447431634,63.79664778896555,78.03813798238653,58.801211456143605,64.2143213549066,78.40940676105073,64.6524181540383,62.750994923368964,61.21560860050623,69.36182969253613
218.5533363522357,163.18995907147269,52.74285372287928,33.424196791166516,31.3956878891567,23.794045207338336,38.555195955809964,25.274008081847978,20.927166782366314,21.003257363781223,39.29864701673104,43.24215331046011,38.7740800542293,47.70230264508918,44.40006954868236,34.90029026456896,59.54202560348101,60.50229901172995,66.0838618421724,62.754757532767954,55.398975651893906,57.26741813683166,77.21034040052632,61.483882585939185,69.44891065297703,59.092935547773585,58.38900067280352,71.28554838511296,53.64896373705309,50.069468924326195,47.691860951037285,55.07621455489635
142.88938595677624,138.30727225538487,37.614220296605524,24.778585685372185,34.52836087420271,32.83262341209441,38.01973124763331,35.47537102823184,29.55642934184624,22.100261568271613,32.77674777950946,40.27881708598098,32.61324608537895,43.21917138334637,58.62252535105634,50.78562861768303,57.408387181317465,70.64369276910075,63.63197556613752,58.590870949650586,62.09795189730491,63.85357738199634,64.5397882918647,67.13669005386087,61.06087509272787,64.08934587773045,58.43479604622872,56.563099667729766,60.66401071010538,55.403180433561594,44.53988625967706,39.89228044908909
216.37389205930629,135.6715800538496,23.527923119640803,37.17311645823152,38.981944526888654,38.93447353580041,36.73731184065842,39.47963697826582,42.35156269990233,36.4162254626613,27.82828692555438,32.52810315014126,36.18017243217856,42.15264803883326,60.970378639920796,62.84308921783488,52.017301173263206,73.79975540918466,58.17328437497195,59.92855031660877,80.46637769691864,78.80400546212843,59.08570016632541,76.92187508922511,57.918644502434645,66.80615254553389,63.76483330723661,45.71022990475055,61.81825543145013,57.55211086180098,46.86567276799793,33.97613405777602
173.27642028982092,161.85475253486152,27.34659329550529,40.90936554281517,37.61340324387993,31.892316726676796,34.1653474169449,31.859653132840783,47.146284526602756,50.212691172374996,37.49392326158338,42.09434450155162,51.5952415719417,52.79383531225454,58.745211249864305,73.09838850116657,63.474469594656014,71.17268521366839,62.852407771714645,66.26725542213403,77.98038240149408,74.4209234307067,64.28315032805357,72.45018063885946,60.80904061825636,69.12785823224951,64.92932613330487,45.16421468680103,47.78259842255112,43.791231638791174,49.0295535113718,29.542079375987438
204.6767311068804,158.70606690761198,38.59282375569485,30.92240647493547,29.74062211002319,26.30626698298203,29.114486677523697,30.171395452789046,40.2795154249636,56.032277927443154,51.40379313640038,57.371459370781416,66.20420348618576,70.89236997417582,54.75178795904058,73.3043518993342,75.72181642024641,64.27908602166188,73.64344448232566,73.25425033064325,62.01490903334875,57.23552536176571,70.55331937320268,56.75297150372832,65.99684062805859,59.994015179072825,57.996663298984544,48.136534620849154,30.62807869759805,26.827495695810853,39.780059626308656,34.252810200224076
173.45038127064674,153.25776032550093,39.57138884329461,22.480399667172147,26.198477414030588,39.61643556223252,31.79106506252352,46.15876173287563,40.82756181424736,52.22642304058683,66.5979571423461,70.75239133797174,73.97989735722273,74.30915588606649,62.73020141529242,64.51902656342538,73.64783073643571,59.138005597663145,77.67838467454644,76.60449570225009,54.30356059183782,55.903477985406624,66.30333246268076,43.85610969091295,58.584039452809854,50.446418889502496,47.183091870193394,49.680908645534906,31.10286213988863,30.705168530329626,27.107932432458878,39.245060385285306
217.36863784888052,139.00252603062847,28.60403973596838,39.159286516710694,33.630871693324906,56.16157806303465,41.8578510200301,61.696935989660666,52.231690050903225,48.97084412377421,73.13470016824579,68.79709877689228,69.15360350594194,65.57473597982381,67.85154887245731,59.21744432449122,59.85068214401014,60.60750585103788,67.91735954015996,69.5426089963346,61.64752962570713,64.61199148799803,48.45221429754899,41.08910146756379,46.8140009417822,36.34040105623881,34.16867166754635,41.798427077644206,41.79906310729847,40.54289736842642,19.588883860297063,37.81285175869312
169.91475946715823,164.60145278179272,28.922137565870695,50.98589630124238,49.28328686173064,50.514652208337075,57.03463027225048,63.720650603458175,70.75328499043141,57.44423843347995,69.1752429641098,61.245045610486024,59.294282149184994,59.45959592324608,77.55119564526478,62.65003783279934,60.01925183547061,63.53422451073874,50.836859574153586,54.48652276560115,63.15530755784725,57.60114554127651,34.62580809139159,46.74864409502268,31.904618274662997,26.881168033674445,22.40738003604459,32.1697301971976,36.874996804018046,33.396044605963674,28.698659047372786,36.68246289102768
231.13599507242807,182.30009767131645,45.67284762201269,50.19044905079484,61.625132946134855,46.144161603825594,68.18992468549297,57.65060034879843,74.47830029506528,71.14920765425153,64.07568410509889,61.88376250481759,60.322116038086044,67.87299685251696,77.55945507019739,66.63415129203544,69.05749939023232,65.77728251993918,46.506202526964124,40.837997687527974,47.95007151861349,37.1028950937255,37.306167576439094,46.632375435912756,26.02266562745978,25.141538207995588,20.797445752844858,21.31757060270976,21.920667968772,21.835829459170473,38.473432425520926,30.282743357858106
170.63721250562625,134.51919501006216,61.52585803263319,44.96304516960075,68.0692619132435,61.49186732435733,76.34661418954863,57.96782371516809,67.50806901194287,77.9991870573511,59.929027040033986,72.6902380403861,66.78886858894475,76.1670289340906,66.26242739906162,68.07357876375514,64.49180775749461,62.354533800317306,51.21363037136248,34.8719221730688,32.69501054851115,30.47812123423291,42.819243960802964,32.99103307089403,28.580437609373107,27.897622058736147,27.589597152267764,22.661008588861357,24.307879667754253,29.604141472959117,47.302328417478996,29.57076093699148
154.27094167158626,142.36104648829595,60.20974514588797,60.904109223702186,65.5388498119039,76.9864214692987,71.15671051514413,71.71646573396956,61.904099132637064,74.32422976394197,65.09844898120373,79.12833719644298,72.68771932360796,66.01053155761356,51.60994953224808,62.03217624199446,44.61216633454773,52.97304493100315,53.23277844166544,39.022886226795876,31.436543844108957,40.935000941076105,38.67695673211434,22.174081997155298,36.06720129668558,34.709957785587584,35.04327486896714,31.378188909356762,41.30818182711485,48.26714784365581,41.62625048359181,38.86923628859291
153.14702671356207,129.4673311658501,57.08861997076274,74.48227888009339,62.63147010971549,70.41465034651748,64.36958041975643,80.42202196564423,62.58155398155383,61.95748479063427,71.34676058786566,68.46409257938357,67.6173055799033,47.76352874322781,41.407196474150346,46.732010094476266,33.76203786388388,41.046585559577395,40.472023631398365,40.63303902300093,41.12690701224886,40.008871947143554,26.268809301014784,22.977182251731602,42.855985346647486,42.2271597720472,43.027272957696,44.95760744202313,48.13820876115823,52.25373857234625,39.59028276872326,52.33428052630946
197.52824495405974,147.79954820278795,61.384996053365526,70.85041480103001,58.018376132175064,60.699062068496474,60.11975510988021,72.3730215400445,73.10635697936955,55.01124418871352,70.34695127062233,49.486001015051016,51.514260966898874,38.81188089593254,42.715014918027094,31.705727195297936,43.658991258752955,29.5400900107958,27.847308981596864,42.415935131145446,35.74998895356519,24.60937394246091,20.989136987643423,37.16749993275411,36.96132604129443,44.18104973508657,49.14931495888166,53.051789865357215,42.36897914303971,43.05820529690685,47.25861326077415,65.53295711407252
134.73196737082432,171.40584596548774,75.33822886525034,60.61311727506277,67.29981908532217,66.88834739317527,60.545375750776294,56.11846089996415,72.45778391323832,54.16178866797635,61.33877794649641,40.15593927484054,36.9028509544954,43.53269463359391,45.93099725032052,28.087053501772107,44.608631889757966,22.86773280994517,22.787008288671743,34.64555305761413,23.759243944293875,22.62751184445653,30.619618377657932,45.836280299744274,31.295453217922514,42.76542465599117,47.942269669690226,51.661934325839965,44.59125079674511,51.647751512708325,62.97707249416456,72.28200918503045
152.82509782120658,120.78132152241993,79.42021743608855,61.96483606108849,73.85195936659709,74.3930903508674,64.07195036431979,54.3210475148347,57.73031155754843,58.99329062221604,44.458208264209624,44.69587429173571,34.73163018609153,48.16531695442814,45.004007135013175,31.652071363321337,27.576343965914255,22.48674843242665,30.102596143038447,27.767637513337963,23.695238208908396,38.801107067521905,44.45054134117079,45.154829551430026,33.68526164874059,42.05768846014739,46.921483374667424,48.96930193978372,58.61769926519248,69.80269518450177,74.8902486139001,71.502242730701
149.02694620588878,126.77433322871983,66.93658126705779,75.36628349960559,74.68283535525805,64.42564578838032,66.37654141718207,59.959769003808105,39.597921276069236,54.460069746050834,32.23884906940047,47.488936818797384,35.85644515024097,35.483674550701764,37.328737121638696,37.47407509079755,20.40482196812955,30.62089688789177,39.68052317475839,24.561017140347275,39.60934898000919,47.29999244888982,51.18802310460605,39.282691619719444,44.66933106251365,43.72037827660888,46.78824284880365,50.391858900476215,75.3776372825497,73.3857684873786,73.25192935267707,69.05856897933116
157.57984053335431,122.55133117622195,54.287171923452874,67.00108494877288,63.36957837410744,46.78437927251577,60.81480720324256,56.49714924163548,35.941393163161074,44.44006205341084,28.19919801010711,40.853900347312816,43.08173654006943,22.3202378108543,25.89887946340467,39.54426867044372,30.625699935504944,38.35364988920276,41.428414914396576,30.871652402245715,50.068887583508804,41.387015886212204,47.352418202535794,43.58516371847489,62.06611558574855,50.97504601470683,53.298515814398584,61.49305118426278,68.41304599017994,62.528873255143175,64.38087346083121,59.43524448295865
118.39319870671389,142.59854784107628,57.66101616282631,50.11633843675365,48.60838800756518,45.98846547203481,50.313182788687925,43.26034612959959,41.303350232638536,29.50859824510763,34.45087133199239,24.756109292577552,36.529871040365684,22.910547271631724,19.8195330696184,35.70687637031108,43.932820766446525,47.407016929160044,35.301271309579846,44.00476604470742,46.73729732650408,42.17680535657127,43.424434091877686,60.13509551556901,71.14949339693851,63.072011358913535,65.45216903969933,73.9776759552056,60.92899224298118,60.67739275537638,60.454413355207095,60.75071108431428
185.80162919538898,184.8881347578442,63.68941536668381,40.845897808226155,37.662215258515005,53.52300300003825,37.35453814392581,26.91979201529036,44.964980966452394,20.335575434173286,39.794877153836225,20.14858406143489,26.954066558387524,35.793102944807465,27.204517049460346,30.610100454379285,40.966316646251435,47.67507790370785,35.623864829319544,58.9337374332799,44.79163117578134,56.98453832859911,57.128111744070445,73.75732946394346,71.07532752658601,74.84452517752088,74.99224131314182,78.7900406127255,65.08854474569414,74.48164552086729,62.6198997732055,61.01304128734858
192.158524941639,130.0682196056371,53.74309687325564,49.73125623453705,37.470084456364866,40.38724664171648,25.103702817681423,27.585610076992634,36.759739982487744,27.86678732356442,39.99351003683779,30.07649308970698,21.787979399412976,43.77157835305438,40.445456544202855,29.95149224252647,36.29517455445135,47.96416246966005,48.63638075436962,65.20618160458025,56.603410681401066,71.03709098803402,73.69031545507484,74.0006919506583,65.45316220289335,80.75392141124222,78.9879259169632,75.87064810551658,76.02397002679982,74.51531494890959,69.61010343447222,65.97704672225466
149.98212553816447,138.07447080401477,36.6758686322773,49.337422159393796,39.28651423161014,24.79842147359814,22.489510767426953,39.89189982211608,22.34100669953341,38.95367271599452,33.2267100594818,42.01210853754207,31.294931053293695,40.03817654397718,50.78359601849546,41.466289961822945,47.23285256457838,45.26494893810703,65.79337203215619,65.6815330758346,72.91105642692565,65.60140073396005,76.91626618540312,64.93338643832966,60.65933238590445,75.76045813162563,76.71912338866126,61.57409994865815,72.48510526139243,56.21048479361234,65.72126422016298,64.2698543831435
191.21807223481397,129.9330276136191,27.774826632171237,30.690635674444362,40.80966832796797,25.02136369040972,27.802996837158133,40.10537196982675,22.590377264724097,42.12892774387126,26.780077679379122,44.264020239064045,43.785036100623365,35.310438768794484,56.439575674610566,56.99464608822769,65.4557727038582,50.831591317127746,71.48909533255448,58.09080505339911,72.1326484672845,59.60824209213203,68.94135581475759,60.49388683284832,63.067363664297694,68.03375968788139,65.97674514575381,52.8661967566301,51.10334456296779,45.48091904042488,53.84096491931974,55.837489539018726
181.5254006587143,177.94708188117642,33.222518367709796,20.884510334840208,37.74387171024843,37.65263155545773,36.88677137238396,27.72544087839149,34.97417184224031,35.82541396196026,28.780356669705835,40.790312216421036,56.858551317153754,44.75955926899934,54.21026448319384,69.10230477187781,66.65487414705417,58.58793587035728,65.62070265080987,59.112228380751894,65.93137890623223,68.43514632831062,61.69372160448655,65.1548146842113,70.02228336880638,56.926153446785044,53.44160279454653,51.28600840293593,45.524206954174915,48.92263318935181,35.65491791185253,42.284495303462386
170.39724682402093,102.26448890415023,39.6918895471272,32.31360511843583,29.125744768425946,35.718915646585906,41.091066767356104,24.968696162643027,48.78619979890882,32.459784175489496,42.71858468114427,37.335835718041885,58.985032505534946,63.08036981737984,51.906974625740524,70.55649709912794,58.385709865227206,68.39954729822296,59.17876624442398,64.34946934208271,61.0310549893873,78.61155641602105,63.31475010428676,72.17412749337005,71.607600141599,47.21150986712302,45.87253414355034,52.956976759692914,52.058621890244424,51.97101957276043,31.939175496273457,27.192498776686453
201.83716968478586,146.28642891630108,31.67305047937014,40.658305809518595,21.72085663574417,24.92427504436904,45.16502177570957,39.42341650647924,50.713925091833595,38.88497366907416,58.851134299332784,51.608642318262916,52.527984013436004,73.71108914410664,56.19773606343922,64.45351395774135,63.61365111239843,78.39289732750251,64.26304853260235,71.2611358121282,70.88183605867674,68.09320517525452,70.11748804970247,69.5161855070441,62.45172366722841,44.79908999940473,41.701461673354196,54.30118060169041,53.65433508676487,36.694004725871544,34.827436617856385,21.992907326176166
137.27519971855216,148.5528735455259,24.262599751000646,33.217241687684236,26.55878045912273,32.69302836938448,41.929701087150065,56.35172783853779,43.17178420039612,55.420682517185206,68.3851893854372,68.64094737331993,53.225306163926625,65.77087459048593,67.92223266663095,59.88038271208812,76.63552490095938,78.9416803884428,73.88192861686798,76.64036993455424,73.46992595260357,51.33426719756487,67.3846639071956,53.631666792069765,47.22410015476312,45.84323168986922,41.925009099764765,46.54264442632414,32.53600392363605,23.526142650172485,41.998630156128314,23.727224652998107
155.05341127155634,148.82644804728812,29.47391773187414,26.25404459227469,40.34038215153707,52.426575226608044,41.45959767410998,58.82609940226606,46.12846219341415,70.42185138944949,69.10682926892297,74.48004314782794,63.16780202356519,61.7737882423513,76.60833133455799,61.91395127480583,76.18212842622466,74.18922622567274,76.75157230354907,69.17998321155117,59.43129790302985,54.1069427063115,50.605149156680504,36.845195986221796,34.684086668039136,47.615447407481184,44.11588436019046,36.49056782783549,21.60255287461856,30.754612415032618,37.02783041979602,33.29884281829963
227.68158773010728,136.46061331313558,44.88988969311725,42.57425747403693,53.106056255867564,57.781152667030796,45.57665006223866,51.89264039146976,58.3943723114775,71.1330172543581,62.517663578511424,67.46376538932377,74.60856968029816,66.00870457990608,78.2870521769184,69.97907042096936,59.42215469802063,61.739236196126264,62.83735950331059,56.71146358486293,43.65666186653685,58.2324446650685,32.911948908537696,35.88998766763977,30.742692895631112,45.38941991794717,42.93839513090951,24.53589245018157,30.77215889032163,40.565079117230525,26.453390065488456,39.68420159512905
207.08177997591216,115.43025364295247,54.500809157853745,56.31885562072533,63.8418730621199,48.92182728203471,56.81688949920877,55.10528938094997,74.29374014324748,66.29818466194708,59.09187389164531,60.80756491740764,78.8667905918992,76.83640196900058,71.55928504816018,72.4901762987839,53.237162705142225,48.48300629397137,46.26032787614548,41.02608554232567,44.4945475818652,45.53191355608747,35.06984319610885,43.745506479044735,36.09015882919187,38.054926534045265,37.8699923235316,19.786642047284264,39.92343549206598,32.41599890381253,24.577814359763902,42.34239991618721
142.01452134155798,180.34740944791344,47.000862021138644,57.58434282006569,62.80843320015492,54.15093982745622,69.5698154829234,71.89580403964031,78.16562598322595,59.24704963217511,62.418299851907406,63.88752818975727,71.10922921996813,72.07017058159829,56.448122802920274,69.85172526902437,59.83576951589981,41.53782015534812,42.40380109702022,36.4410748707555,48.72130925860176,29.198004948218117,41.455836644122876,42.65802466995016,39.46880580035172,32.06858699080694,28.68263897955543,27.94501527657475,34.52272686364211,24.386875667245825,31.995892250837777,42.590793327146315
187.69537533890843,152.73339882322676,48.781354639126675,51.294460035259604,57.347922746819044,75.02781314101439,79.00322500432895,79.28630551021324,67.83944269134052,62.660360141967075,70.69233530741877,72.3446832675015,58.30114570790529,56.12272462250661,46.414387119715485,55.6622461769562,59.03864464017499,40.126693952905825,46.83562038973836,34.87372036723636,41.840305550602594,29.50805980851486,40.87650392713335,31.864751739149018,37.3781083699107,24.000027985600134,24.755300815392424,41.42525666619461,27.652608944376468,35.31064301024387,47.74378855632177,38.276931816580564
208.80055757113442,129.44370380404084,61.34951777697372,61.9474355388745,57.697375765580496,75.51716783072182,80.39001082950105,72.72294970832536,60.23791707002592,72.52729360144825,74.46286910902212,71.53114916864708,48.96592191148801,47.47437005729028,46.1549386789943,40.82179860576159,43.292987044261125,43.698343472607164,47.19167656726794,41.64176362915538,27.623730908239033,38.39250637676545,28.49453420570335,22.047219436852913,29.333106732963216,23.10806887649056,25.202619247520964,49.28653598481568,35.513844202977715,53.34767905886235,59.18878701284536,42.67667696604348
200.62790899406667,153.47088324617636,76.42251223059819,77.35859124187735,66.31017973934831,63.11764133643226,72.35200621159986,58.767603248286164,61.87148759880947,74.49220664893494,68.86843912957193,56.873833510096745,51.466009698968065,47.77663723891067,49.53874135139747,33.291620705727375,27.84048740617976,44.68816262334468,34.922285702897845,41.99544856100842,21.936186125631306,34.36791357833336,20.6383255742603,24.23704213820951,24.311622904606416,30.679994194922028,33.203989050153154,45.961264829799084,53.83305424492107,55.39798196189106,55.81298267759712,49.75089201176536
147.62987948044088,170.25970622825372,75.92394428568055,74.44774980604687,74.8605397428603,61.67388763491959,61.49795114398887,58.92768695250276,67.05627337421836,64.08652587642902,54.429068511540315,42.40742647257849,53.0549614379533,54.37969734070244,51.04078457638131,33.1054579091885,33.325255402165794,43.1760314836776,22.78738085983828,37.14445073210393,33.75831964278919,24.511533022446276,27.219090797050427,39.26404228613396,31.014706652029446,42.43832656269215,46.39682835349342,42.939255993426,60.99508568585686,46.824050258335475,50.30807935609618,63.046565175514345
212.67151289948833,114.32565521924543,61.355412075402626,60.702834321260646,77.73506132251836,72.236708265153,53.934604206275594,65.80334237995866,63.038562283238406,45.477656528750856,39.96124935171316,36.98759941362591,49.19427669083494,42.14131121327442,42.14167833724117,36.59153976388984,40.87531002793182,36.86797051094938,20.86480592798814,28.16813051809287,41.02578521474135,27.350412544818507,44.48700746667923,50.47972781938201,44.50965465203256,56.47632732850469,60.63581615768039,45.29029506800189,53.42018835176818,55.20938832952443,57.25955603562773,72.9406574917655
185.00716103654486,135.37840526174114,58.85946614602295,59.65695226709779,70.54960819629488,70.14313355886058,50.97720424168619,62.97677218658396,50.27052292456982,35.69876680060549,32.317943481507925,44.07627039235812,39.60285297891528,25.91540327737266,29.823139040183303,39.80494269671191,31.90805018407813,27.213394559952476,31.53675220086438,23.264613038941395,36.0072894725002,47.48382034846648,53.14493767519348,48.9125681621269,57.401845957895205,63.92590855779184,67.29382715890627,53.128055747292876,55.15193732719583,73.78431845527138,67.5040999265685,81.10740853175948
215.45768674814843,111.78775987762779,68.4606699806642,68.62890349137025,56.641526834766836,50.07992194384023,51.48882301352121,45.49781624280263,34.31387899768938,37.542624838582654,35.897866582309675,44.268623170843895,23.714133332462207,21.333731738070124,21.315644339574177,37.292309740441546,21.734430485604786,23.60935562510759,42.990449523621415,29.343800245370257,32.04244923369184,50.91146192100661,46.6449635854825,45.34465308051659,65.59277008871027,66.15719611106393,67.56727954928036,69.27435554266788,71.28451076137216,73.20224307297337,79.79273096737634,73.48499627064236
270.06037560526323,136.51031661256252,71.32371177612562,64.60397106951724,43.17451272878878,40.046729348519435,53.44386040289835,32.991699493297304,30.487520689915918,42.08724252235949,39.96763784270262,33.29792996125692,19.739988889231455,31.661597738722467,23.790994395375222,28.583913810780356,30.895849811559305,26.442454377488108,45.84116345605121,41.5845315880445,44.73308504372538,43.83294129083777,43.53284046103651,50.59839272630801,62.34832947526011,64.27126231714799,64.15562670076761,79.69761327479418,78.49040524855405,64.02448765048555,77.2832546361745,64.60264469140286
198.46112915452977,167.74996664005607,53.45239646835662,45.401139503216925,36.77887333066492,50.557851225126136,49.376632095909834,32.68823903855321,36.55277517735925,40.41510481289814,40.231785562011694,22.47422980338913,27.62432466826402,42.11914108967314,33.32062798394851,24.468843895234393,45.801329564475644,36.360281200046835,40.129456099548456,54.97908919573646,61.75418616993498,49.67302273478236,55.22698039627921,63.98986562776001,57.55958596023364,61.88881006863845,61.47414324249931,75.8074925446836,69.11254871192983,59.44818573084971,63.530003221261914,53.632426959923706
175.10001642074639,137.70116228809442,35.89074209894495,36.162052134889,43.52025835975948,46.45509439201227,39.13987463198757,40.352519162745295,40.200970177634936,32.67284843865544,33.437075739028195,21.765804604695628,41.61902988177006,38.18326787045666,45.69151020275757,31.95607582697208,50.050237833161084,48.96952434865353,40.64005304088814,63.79687255256892,65.47484565032977,66.44242569163747,71.59084081278057,77.16053804286553,58.18302215141346,61.457142638687046,58.783284017704176,67.68118226141398,57.46046045607893,71.91499791554659,53.79861976610778,50.032134725492256
167.42922765453432,122.29068747737765,37.50698267551078,41.70578744895114,44.62140602290502,28.469176099844653,29.76097039369415,39.59702479955051,32.50638104988598,21.91228008271554,24.967312178259768,36.425580866358146,44.2986687002593,30.290107331687462,50.09164198948474,48.15971027983042,42.572757539502796,62.891663744120244,55.43287313979701,64.82622524220784,58.981193424503104,73.35382245111387,78.96070401469704,76.04551455884784,69.05039299596484,64.2063479953472,63.70138284923044,56.90629534644264,62.191593594690104,70.40332800884414,51.262114188247665,53.282345921426334
186.796478694818,137.2946663965009,45.42403167330975,43.885292295961264,41.594848886046464,22.770993945518796,20.919708628329115,25.96823938645106,23.62322443461179,25.18952247493762,26.11074760713045,47.769249829431516,40.59964774600459,36.76926145220153,48.97928185302855,62.31704929644487,49.136084063818025,67.88345923615344,72.85411314661033,63.210507776507136,60.533907328200215,64.02861215663424,68.20804908817459,64.55742264471016,74.98383447716613,69.49798076088915,69.72629049722087,55.57917907030746,67.4930792606133,50.54409193301691,55.1978315195426,53.75335653017042
167.2656450418626,130.98072103932597,41.84387493602321,31.73850335912004,31.609324969538907,34.452341738219296,23.61330317338295,19.896101201104774,25.559565304692043,37.3711581477159,34.10892882026027,46.97624834519118,37.866857632809754,54.68401301911799,47.455176963813855,67.07069807603655,68.84788897210599,68.75274020743656,73.8924322229169,61.16046671169099,72.96049933819063,60.519116284901905,59.27922177154148,58.955892771277995,75.77406158429814,72.4136315612416,69.45727651424224,56.131032424398526,57.17194926605505,40.93269041212532,54.267139073379724,50.86060566603195
194.40583634732855,124.04872941298912,25.46704787954135,18.62477855711338,22.074829569987752,40.84451788055568,28.75272189972334,35.3226250411975,41.81991807361918,50.840556155336,46.96235759693427,42.9310424550343,45.8515840783445,65.85673581029326,51.11151392793956,66.79014997334264,74.61940589679132,66.60078655980301,66.44908881315311,62.81064268648309,76.92191032041485,74.15469513342408,59.29407329176317,61.81694597995586,63.65195513523679,69.20080114175197,64.14850713427487,60.50117441910976,37.59388464469965,46.90098858306149,41.612892642542775,43.59220783157914
173.82588079019425,157.97334783578214,20.00858295881385,28.849906091823364,22.30173370886216,33.181800719015556,42.079232771420784,48.24641019783627,52.642641710853816,57.465047467778994,61.98401310392737,46.742775549435756,59.91319982939613,62.367506174885044,63.965341315317936,60.42101107941399,64.88840805503209,60.122213167111745,59.75837654495271,70.42329417343294,67.4291559268202,73.3001189311024,70.43294769740366,69.39209331422177,50.30731797756663,59.256742337675675,53.03955032105272,53.28565944580492,33.02287725446693,47.01020471929092,28.438642274605634,31.441759531182274
186.1806367517325,119.00881467282781,33.24123887418113,44.112690298368975,30.914331387028515,29.17602979715916,52.311558524724106,49.278655105313824,55.977710674481834,53.07273592157077,66.1609407406747,62.6604543498882,75.73323108962364,58.25983051913267,73.99097007663623,59.84746861821336,61.44230502666548,60.615874622534605,64.98815452128376,74.89349701097692,54.99269726766098,58.24280196494158,67.36712779273508,62.76152246331077,39.813406026770934,43.85273204899361,38.88917452055642,41.789652818278775,41.924549366751634,31.18643769117565,21.04005901340067,22.373847303423975
179.40322328132575,148.74043242285939,42.801520008844335,38.703919274304276,49.16987934398946,47.25958262799357,56.94589732662485,41.358769021105296,50.02107850980919,51.26734040533271,61.98025407517386,76.17740001918892,75.67745840033908,61.68933617842628,80.33542248442681,66.24251305720324,71.35300414974783,64.76302694223284,71.47643900750468,70.668853674976,55.29566454368695,44.49420688144759,51.04268856976767,44.430503464618226,39.94716813279705,33.13205736569301,27.050446174366577,27.595709342405492,39.682656368160615,21.907689406893176,28.65638506446802,21.08564562392545
204.73180478090606,124.892426665102,42.75408894771173,33.1048436310047,55.624126503051905,60.52966827800744,54.79387298573856,50.346022521385684,52.90638774422053,58.59780730341346,59.793538726334,75.47380266870215,68.86563777884126,78.03643011733668,72.46399137370993,73.57659598652667,76.29647530187609,68.03914066407259,69.64545267323865,60.68371429423481,62.15153945275619,51.2987033645597,34.50588339915562,33.426961182378335,44.054921341768626,25.91200885683649,24.036096438266384,21.260624597637506,24.74129353479556,30.65960409979046,38.75115580297865,26.624829715669467
166.03675693247163,126.09680022559607,37.15399051331533,45.006258805866054,57.23279652887588,55.597662272531394,53.02339538968523,66.51093182485853,65.11160478356828,70.77386450303808,60.84933415952526,63.676897354646606,60.99318564625851,77.47874880895908,61.95582166837486,74.97254871110887,60.54949894920787,68.0928545553583,54.243541490287605,46.280268758165455,52.37360404550337,51.82597020232048,32.35126832377977,31.65514849768225,44.092413076406196,27.288943247070605,28.868035287795642,25.265308935455085,20.916484497838987,42.27729551521408,40.509869137616505,38.953272481258786
163.86199501520528,148.1000943139423,44.904539110294834,64.23323799660619,54.36496011829861,51.09564493249952,54.22685167346636,77.35138077611292,79.18377726852121,79.33128899955712,67.47886700086578,61.8764730961203,60.69593130233909,63.181832996803266,53.73672628024779,64.02775933788696,46.047658429958965,60.9532205812479,39.129524233786576,33.69210941921101,33.953474514704595,38.10894796116065,40.92112207506181,38.12427102302562,35.59174974378781,34.00215906400028,36.210768754579846,36.520114545334465,34.78214722416504,32.85036058721398,34.347059659564685,49.81303459645429
194.86222824709122,161.01806985766166,62.51768338736691,67.69859420446559,55.539608371274184,66.44045601458407,62.157901573643215,68.62434818179561,77.44161223099567,74.42065811741054,76.48651894015026,63.57566135474649,66.4245681291893,51.88755203543339,51.6050086208603,50.93254242951118,48.71746661789565,48.94209717438442,36.183574792663386,33.28715663598424,27.14278925385171,22.071061322718062,40.010460761298596,41.0185531553563,24.83604157915533,39.79714208926531,41.20854451790475,42.92937257827542,44.228541801051996,29.11910899647456,35.40447277001924,54.56639992317136
177.72062727310578,111.8935409044105,72.3987124008401,58.30350533075534,61.10813861367736,78.55424399590997,73.3563441584132,60.40607423124863,64.3714903370292,63.58227984908354,75.08050699489021,72.00478170428327,69.21050159509282,53.51532919096179,55.6757499304955,39.17689687467932,54.10672427560881,34.5923606941891,42.410518150504,37.25449437156943,37.76316949854339,31.000652490980062,30.540761618350267,31.28657492448791,20.462022203090108,43.09023162405661,43.00870399569126,42.57139407504214,39.568639854370886,40.70771261160732,41.45731793388347,53.755360827921365
196.73675411143657,143.18287356815168,63.13603781417451,63.22413988502021,70.92650087870798,67.20074393727613,77.2983245874909,62.54875744655729,56.17706981079348,54.43614449225457,63.01571104688641,65.03585812348786,60.0270974314797,58.53909050178805,54.12841965319428,35.783588123556775,41.16704668810731,26.563490912988126,45.00612099617808,40.3981051879025,40.02427838755772,38.287453451985044,23.238141081380693,21.01193152549038,26.82458340296872,40.81331952964804,41.449561827628486,40.80917784978349,38.08705837623505,60.31685562842247,60.0730037349502,51.85019598845664
181.49923698290007,114.33193023377555,58.81271431244075,75.67062205180112,80.41393691125334,58.373890129985696,75.48875642863966,73.23803777064487,58.32707821852204,54.01089043625754,49.17417388127955,46.280055218309805,42.53559019715779,51.2206407577055,45.0963638144733,37.93804783264904,24.94254539411611,21.387541678001842,35.1356956122113,39.20700520939297,28.348988032658827,33.507764732090756,26.285528324540184,27.531707127527987,41.4096953897182,40.17667600986166,40.67818078460446,39.97032236212686,52.10293979023728,61.220447328547856,71.58794629354841,54.298732416219295
175.10410340986647,116.12690427748564,67.62194048144109,75.72318746759547,76.60415282472425,66.72743098659487,66.01456064935383,69.75725189334845,64.37562315756661,57.974413125471195,36.77871545231708,34.44810006275539,31.142858050142422,34.44841544431496,33.547043426620874,41.3671148102753,26.343896959801516,28.56097549610921,21.005303866036993,29.394876231335733,23.121022343128985,24.766229555437544,41.39956578403432,44.26768101015042,54.47491638579925,39.44733894534733,42.70270650686561,48.954370289791235,69.10058010435402,55.05043557781539,69.79575647308151,61.1962580058238
192.04912471114397,131.4021194259232,76.30607745069547,58.001449671599545,64.2319307614109,70.21861553530898,51.008554630906396,51.741175908414824,57.53113348362018,55.53667608028591,38.19150137729434,35.18714132815188,31.462550479252922,21.81254514673738,24.06830187115391,39.56340503432968,36.782883839053284,34.13406701022029,21.145650540720887,25.778908846945725,32.21961307548365,37.31703284432349,52.437950392750516,53.93786979532325,55.88624615016721,44.54674300583689,50.66638821373467,62.61791274691341,69.09881745351748,60.874855091458066,62.86411901738004,69.2619965230552
167.01164009088603,109.25689033821936,71.74483248710153,52.950162156886705,51.243510708739656,54.11679234035359,43.23674349825686,37.33908794122598,42.326039886628024,42.2389448648152,40.33847326443142,43.07861162245728,38.872900890532364,29.398032573003544,20.71871780046452,28.95097671192222,37.23455176429823,43.248773318843725,38.02498812220112,28.789764469644343,51.373729521058614,55.79585455736303,48.017572190726064,55.96767491928372,52.10764489927617,56.52636334114367,61.25158258442255,74.74342664086618,60.41991337697427,77.13976150198768,60.248965183923,77.66083765801532
205.67739674210105,134.8287073754129,54.81206589496295,62.18275893990081,46.45945967219515,39.29345468215418,39.20833296781544,41.77957387716303,28.879464703617778,28.47815353511549,41.830977783695374,39.34712057718834,41.09995182044878,38.516211819556375,31.763358790424178,24.337061747556177,26.688703582752833,44.495231458947714,49.6864772400474,39.60777142972469,53.35422791557806,53.659048216798226,47.1949882944562,51.10786191332446,50.56424646939559,70.68264521690597,73.5501819088604,76.84546810226725,62.050414410347685,75.84863776700301,68.70866344353051,77.15655298761628
182.17451925844395,125.2901981861489,45.287990582443975,60.665769685417885,47.52721350398696,43.192450634631314,38.29890293878232,43.97732757834791,28.323287691992164,21.75858746621972,37.316953887225075,28.410973593716225,36.9331668963639,38.15736222872335,41.324891694878076,26.76628321816248,30.88419082714288,42.408954261228736,50.89074582148251,55.699739212010364,47.216842018698244,47.67618916993903,55.20583892787505,53.44653457897292,57.55260389234755,76.10241568047131,79.22368051361529,70.33691455347267,76.41501006029686,60.18244293598367,75.5252187748901,70.15953998380891
138.73562350083364,129.36748823645493,50.882471108689195,41.658795645936024,47.596180794637554,45.86646128736729,41.625500119041824,37.33786563114496,38.123838541516086,27.24600047867642,28.350895061944062,18.656919824505795,26.108964061530113,27.443054808849713,44.88241598184877,38.80792178318641,48.96383129302436,42.61235774729813,45.130249836483216,65.56645241585508,50.94690033008547,58.79899478025772,70.01864183952739,68.61919431078118,70.82068277642404,78.37342800019245,78.37409185460481,61.57743030019742,74.97073405466325,59.69204688460709,71.27034648228828,55.659895343413375
170.71146655568216,145.85520041829685,51.38195220230766,29.0391787639373,47.20031114098711,35.56853245355752,39.08273314092392,24.157596670483567,40.45801760480154,38.42283424267023,22.40049589660868,29.6616952573729,26.59448331127494,30.69426683171471,43.039187778909785,52.771074286538024,57.50654925029107,44.98387376889312,48.39137778142815,68.63892890443279,68.23598148154771,76.27096094659318,77.38539893978356,79.22456575603356,80.4347186384531,76.20630018641491,67.91797394388131,57.36444942057206,58.517598438474174,67.69830290241387,58.099396129455265,46.67233160208621
171.1241897277717,125.63302280605441,38.73081509896311,34.60299194408386,36.01006561599879,21.712168957788606,34.40252212195869,23.261042150278403,32.112465179542276,43.88689199748296,25.76387288463703,42.519732123255025,38.285187113323886,46.901081624779806,41.25244673510727,61.97975750443962,52.734257737156106,51.21773522597745,64.15679341665621,61.71246305791247,77.43956144093269,73.41896940571266,70.76100526110878,74.77414499654859,76.02603686412456,64.01634713469538,59.00193816319263,59.661495067869616,50.025291474369354,63.44785668952496,43.364947669197555,39.188001155356716
142.41651507144167,140.96906990845497,24.369735183436887,41.43998561424426,24.860817559790487,28.967401024876345,28.179969082163044,33.406894241574925,25.169997013931162,37.66132354586486,39.024362939584314,53.00155229163668,52.18610741397808,59.89005091512565,44.502399925653926,62.065417823078604,52.00018010825847,63.933844191264626,77.67039607953578,59.15986315977992,68.32174079079766,61.17908336346558,60.138986548254294,63.93298082188751,65.0065032334726,54.46896470154865,49.91212479331612,64.77975228079634,56.197014936314005,44.25066942923418,36.393167683818874,40.90020706225605
160.0859951557283,166.41613067531398,24.91676480118867,31.50536265680757,18.561726917075934,42.18384638927127,23.30057475310598,45.11013860996204,31.04566526834153,33.075393659804455,52.4614123458533,49.815577712151764,62.484818016025486,59.69387763468448,55.56024685401296,58.80395002346542,68.6056409607385,71.93975300221882,74.72682681628324,61.35763412709276,59.1073941445136,64.0149706059439,60.467713048221476,55.66453007184175,51.9309123383777,49.129276745586886,47.89150914776457,60.616692373700175,56.64043623404354,34.3503235276128,42.444833828680885,41.59501268590367
183.75366653345256,151.2420568006598,36.225029280628284,19.260671209994836,26.77986019011454,39.11415401651074,28.52436937147156,41.79037730477899,47.71924569452606,38.67004007532513,60.644798884819934,46.222160737467064,63.904915095077286,55.44471040185955,69.32964460904785,56.56747079202009,78.65344127953473,78.46838515752673,64.55373685714827,65.63934031038177,65.21591262925044,73.99456647182535,68.6184572977284,57.44098612356213,48.6713587871585,50.10493105909637,50.20940792644734,46.89953874417929,42.98530702633605,41.20917004093091,45.9435259669089,42.551709505144295
173.7802833427707,144.02560579535822,40.37997839291892,31.245390799312435,39.22048551488055,28.969199364174695,38.343667853882586,38.50248316082475,58.17391447242937,54.40305807650996,60.91064726471217,54.88443836548886,56.24206543358605,58.240403048933246,77.62429499838987,63.97325890792877,69.63925115937091,78.69178933538494,58.42986330362462,72.98155005538872,73.07212573044811,67.39264963314672,66.49891801039142,62.07390078363604,50.27997385771313,53.012528206503156,51.989929979273924,31.135210724184887,26.21266403045209,42.56204302260247,36.611739225430014,37.86628186248528
157.73211710574367,116.43562348660788,32.389730734566164,48.00722374360956,51.62212408063738,41.4564181106606,54.92928147626537,46.21078864182744,59.547759914869886,68.00804777212667,56.13499410544683,71.59245704766697,56.84917554555035,73.66915317566963,75.34285064359675,73.88422440577385,58.590119794919424,68.15422239932367,62.7441189890452,71.36774019681923,63.12148741934387,46.68509271647634,54.26200514708856,56.522300899765284,51.401630215329554,49.02787020154363,46.63934210733986,24.591946857037758,28.476272561031024,26.743186079979314,24.598374520219316,28.08536125200115
180.37827693371392,151.4078331040215,27.555118283507248,46.71628152435825,54.74943215522315,59.727789316982026,64.05658991342202,64.3088079267405,52.90069117811818,72.70146019395786,58.037242799946334,78.98338768006681,69.10858400755376,79.03594154168746,65.19680235941553,78.65575834984594,63.65455403130047,55.22433203495733,68.32835672660316,62.10769629995932,46.28244238602289,43.550767820461225,37.13449687675771,38.997256854499334,46.635774270141596,44.13646522586249,35.87987044120288,24.935280630848077,38.27099455965084,20.44086322203759,21.72799102649653,23.659111778864165
131.35470574846056,130.0179301839192,45.42181547459887,41.157067615258136,48.751643700126834,60.741586908111664,67.77768085152434,72.5033003734226,58.50826065146912,66.75451868524834,66.6617539433893,73.35713638701861,78.52717696360533,69.23833355748508,56.65803089539622,70.79791174906562,71.91272318641086,47.695750145069624,63.47795895620092,45.327110931506915,39.04883941962762,49.011708230739124,31.766058689514647,24.574804542319402,35.97021548962857,34.481497496143575,26.72734659988887,34.37832278909954,36.51198427715956,34.069430930378864,28.83715152637685,26.674507675984128
226.0530526972098,149.5845510333991,60.72830529213092,52.681148601734776,49.689650170144624,54.79755705088625,64.74916673350712,66.17086024284673,69.91744042224738,60.47958764132181,74.4621132389859,61.49981003837026,77.58373445836386,56.23386879826016,56.518996868200404,56.479468627164444,58.99013375948136,44.000087777972766,47.32894452799305,33.85524459972939,45.49389242020429,46.45598606121196,37.901388557092424,28.232091495362926,24.442055097849423,26.13571486575072,21.74582860992766,39.8070840582241,24.533471752961624,43.05065285116491,42.81699374455969,35.43768077768837
